# generated by scripts_v2/build_torso_v6_template.py
v 0.04699415 1.66920511 0.10794228
v 0.04219050 1.65704648 0.11864540
v 0.05344735 1.65137944 0.11006732
v 0.05889774 1.65968604 0.09922527
v 0.05030242 1.64405980 0.11831733
v 0.03975658 1.64699053 0.12515087
v 0.06071320 1.64326354 0.10107718
v 0.06584669 1.64783977 0.09012907
v 0.06706427 1.60556626 0.09667391
v 0.07135811 1.59929328 0.08762678
v 0.07071177 1.61196165 0.08678719
v 0.06552054 1.61511221 0.09566471
v 0.06526884 1.57815741 0.09835738
v 0.05783967 1.57098210 0.10838620
v 0.05999555 1.56027661 0.09981471
v 0.06621223 1.56734558 0.08836173
v 0.02539176 1.58835157 0.13096689
v 0.03060639 1.58158928 0.13091959
v 0.03460833 1.58828463 0.12786224
v 0.02880897 1.59435176 0.12807586
v 0.01669888 1.60043968 0.13740054
v 0.01788178 1.60527449 0.13210803
v 0.01309255 1.61035569 0.13785052
v 0.01223468 1.60431317 0.14428578
v 0.02077466 1.58324154 0.13473442
v 0.02639525 1.57584943 0.13485635
v 0.02097250 1.59509565 0.13232574
v 0.01911128 1.59083447 0.13681124
v 0.01654468 1.58587701 0.15101285
v 0.01807083 1.59081713 0.14823837
v 0.01430798 1.59246218 0.15570970
v 0.01309682 1.58692220 0.15617853
v 0.01971217 1.58367806 0.14044721
v 0.01990953 1.58741936 0.14277854
v 0.01767075 1.58360961 0.14652464
v 0.01630691 1.58070465 0.14381328
v 0.01607744 1.59599830 0.14233816
v 0.01267057 1.59894679 0.15000167
v 0.00817220 1.60098654 0.15779099
v 0.00933213 1.59302914 0.16317498
v 0.04091848 1.56724766 0.12699417
v 0.03608933 1.57456987 0.12959765
v 0.03205857 1.56950104 0.13395173
v 0.03675231 1.56331495 0.13192197
v 0.01772603 1.57674170 0.14102679
v 0.02137879 1.55908912 0.14488287
v 0.02166297 1.56382296 0.14417773
v 0.01552957 1.56496368 0.14809471
v 0.01587728 1.56046348 0.14862630
v 0.04528644 1.55056741 0.12018664
v 0.04090502 1.54955754 0.12700033
v 0.04087457 1.54125566 0.12500454
v 0.04483255 1.54109799 0.11729268
v 0.03882047 1.53411235 0.12503532
v 0.04329130 1.53130207 0.11599722
v 0.03652310 1.51326646 0.12153582
v 0.04008062 1.52184153 0.11818190
v 0.03568183 1.52723178 0.12793090
v 0.03111095 1.52080279 0.13266038
v 0.01954113 1.52689189 0.14088535
v 0.01341555 1.52550494 0.14368600
v 0.01858294 1.51160978 0.14407218
v 0.02506531 1.51520773 0.13900120
v 0.02068802 1.55146388 0.14120137
v 0.02472079 1.55132165 0.13844974
v 0.02498168 1.55359938 0.14031378
v 0.02097021 1.55490475 0.14374368
v 0.02861218 1.55104037 0.13615409
v 0.03018572 1.55094195 0.13509203
v 0.02988075 1.55265987 0.13625262
v 0.02845554 1.55194377 0.13668385
v 0.02664943 1.55133926 0.13750800
v 0.02564299 1.54906271 0.13833702
v 0.02778570 1.55002880 0.13693561
v 0.02216646 1.54771530 0.14147055
v 0.00897344 1.54690831 0.14969380
v 0.01314220 1.54705189 0.14829349
v 0.01136377 1.55220192 0.14660181
v 0.00792109 1.55211296 0.14764204
v 0.02819385 1.55484375 0.13791034
v 0.03056045 1.55711945 0.13703515
v 0.02699385 1.56042784 0.14037611
v 0.02573988 1.55691489 0.14049476
v 0.03345683 1.55978693 0.13579379
v 0.03211577 1.55423962 0.13502402
v 0.03529089 1.55564872 0.13349929
v 0.02975046 1.54876759 0.13567377
v 0.03237653 1.54708646 0.13387239
v 0.03291420 1.55047069 0.13431999
v 0.03056676 1.54332105 0.13537043
v 0.02751226 1.54646941 0.13739203
v 0.02417826 1.54395530 0.14064297
v 0.01954647 1.54228752 0.14429715
v 0.02188182 1.53682197 0.14116230
v 0.02693633 1.53991621 0.13812658
v 0.02897514 1.56494842 0.13843213
v 0.03665126 1.54997550 0.13156382
v 0.03938820 1.55717797 0.12927465
v 0.03635133 1.54446018 0.13081967
v 0.03441733 1.53904967 0.13154085
v 0.03079164 1.53371163 0.13419318
v 0.02543193 1.52983563 0.13766445
v 0.02072668 1.50117861 0.13309884
v 0.02919531 1.50610596 0.12853697
v 0.03752334 1.64003667 0.12377077
v 0.04646031 1.63812188 0.12040721
v 0.04640331 1.62948619 0.11641069
v 0.04838889 1.63170303 0.11599536
v 0.04315883 1.63410520 0.11915952
v 0.04242971 1.63099533 0.11887325
v 0.06016202 1.61851364 0.10174165
v 0.05518030 1.62128273 0.10616313
v 0.05567491 1.61711884 0.10547036
v 0.06140147 1.61148708 0.10186856
v 0.04818946 1.60955673 0.11467329
v 0.05254791 1.61065116 0.11075262
v 0.04883257 1.61811162 0.11264706
v 0.04558853 1.61766298 0.11551271
v 0.04160099 1.61765268 0.11769869
v 0.03732162 1.61813359 0.11920511
v 0.03773221 1.61212322 0.11953958
v 0.04293843 1.61048250 0.11756926
v 0.03647570 1.63587375 0.12042538
v 0.02894548 1.63539180 0.12052918
v 0.03051230 1.63189297 0.11979949
v 0.03681119 1.63229695 0.12021758
v 0.01968333 1.62393373 0.11682448
v 0.02084337 1.62680643 0.11698490
v 0.01709079 1.62860079 0.11847130
v 0.01656619 1.62363884 0.11910345
v 0.01901237 1.62033203 0.11956952
v 0.02112689 1.62219185 0.11763076
v 0.03829865 1.68970452 0.10380821
v 0.03329731 1.67530950 0.11570528
v 0.05334149 1.68114729 0.09383213
v 0.06398061 1.66811586 0.08536477
v 0.07141988 1.65256012 0.07776545
v 0.05162810 1.55446083 0.11085944
v 0.05259735 1.54410815 0.10614225
v 0.06218572 1.54929162 0.09244361
v 0.06042545 1.53696618 0.09006402
v 0.05029850 1.53192378 0.10464482
v 0.03704375 1.51128192 0.10532073
v 0.04519554 1.52033165 0.10406984
v 0.05429003 1.52459535 0.08636562
v 0.06090526 1.53604452 0.06744110
v 0.06544704 1.54580364 0.07327080
v 0.06426396 1.54944118 0.05243206
v 0.05468254 1.52599565 0.05710129
v 0.06301251 1.54598022 0.04457797
v 0.03839826 1.48660065 0.06092444
v 0.04220396 1.47204665 0.05694535
v 0.05632212 1.47576331 0.04432445
v 0.05400131 1.48970946 0.04954383
v 0.06694766 1.55609392 0.07946025
v 0.07234372 1.62101743 0.07827639
v 0.06807258 1.62336453 0.08883725
v 0.07406873 1.60733472 0.07629508
v 0.07399960 1.67649404 0.05252142
v 0.06924927 1.67433183 0.06995490
v 0.07591023 1.65740901 0.06483235
v 0.08000447 1.66140536 0.04966196
v 0.04600105 1.71257253 0.05698768
v 0.04404532 1.70364485 0.08267492
v 0.05715341 1.69193054 0.07706958
v 0.06024040 1.69752688 0.05579633
v 0.08146597 1.66058948 0.03590355
v 0.08245299 1.65827411 0.01762960
v 0.07859906 1.67443012 0.00992951
v 0.07662631 1.67806139 0.03206640
v 0.06661127 1.69339639 -0.00011510
v 0.06414936 1.69905296 0.02723392
v 0.06455716 1.53105455 0.03605382
v 0.06388301 1.54823451 0.03246055
v 0.05058216 1.50726136 0.05399707
v 0.06255167 1.51164130 0.03786947
v 0.04859810 1.70964598 -0.00820670
v 0.04628562 1.71615929 0.02506849
v 0.07129630 1.62754070 -0.02753034
v 0.07458977 1.64718668 -0.02124404
v 0.08013197 1.63622440 -0.00397153
v 0.07696575 1.61972530 -0.01124443
v 0.06134897 1.63517411 -0.04410366
v 0.06501021 1.65832939 -0.03782429
v 0.05744585 1.56927034 -0.01974827
v 0.05014949 1.55254462 -0.01148186
v 0.04144529 1.55282559 -0.02372370
v 0.04828478 1.56970214 -0.03492536
v 0.05745076 1.63856643 0.11071301
v 0.05293175 1.63376131 0.11553353
v 0.05689610 1.62949267 0.11009109
v 0.06171585 1.63191347 0.10391739
v 0.06522537 1.63384523 0.09425975
v 0.06955194 1.63513382 0.08301085
v 0.07796940 1.64277893 0.05953612
v 0.08181280 1.64802461 0.04609887
v 0.08384893 1.64484444 0.02183836
v 0.08338581 1.64725945 0.03543954
v 0.08155298 1.62435072 0.00533832
v 0.07954567 1.61362745 0.00078728
v 0.06359482 1.55508135 0.01633396
v 0.06065178 1.53345866 0.02018388
v 0.05377510 1.53420663 0.00622336
v 0.05726642 1.55370796 0.00129600
v 0.03645562 1.53517081 -0.01577170
v 0.04559308 1.53493388 -0.00544519
v 0.05679813 1.49649199 0.02043366
v 0.05639461 1.48019267 0.01430953
v 0.05224957 1.48468645 -0.00007339
v 0.05037582 1.49844391 0.00720690
v 0.04493545 1.48614301 -0.01268211
v 0.03498159 1.48749301 -0.02211478
v 0.03373472 1.50262947 -0.01527812
v 0.04256591 1.50177875 -0.00552712
v 0.01698927 1.46703836 0.07473279
v 0.01780273 1.45543863 0.06858385
v 0.03058469 1.45753180 0.06136322
v 0.02760011 1.46955262 0.06581367
v 0.05951879 1.46939982 0.00560979
v 0.05549042 1.47589590 -0.00897911
v 0.06371633 1.56984228 -0.00444672
v 0.06802112 1.57273976 0.00675353
v 0.04840667 1.47562435 -0.02142541
v 0.04335194 1.51729628 -0.00318615
v 0.05167663 1.51573785 0.00927492
v 0.02648464 1.53613328 -0.02465701
v 0.03050615 1.55267873 -0.03459984
v 0.02329538 1.60022469 0.12885226
v 0.02727664 1.61565339 0.12043810
v 0.02799203 1.61983175 0.11955533
v 0.02399248 1.62106064 0.11857256
v 0.02274493 1.61777193 0.11995760
v 0.01583381 1.65913695 0.12958503
v 0.01404255 1.64268549 0.13169411
v 0.02758315 1.64668470 0.12987057
v 0.02914234 1.65951482 0.12568850
v 0.05420285 1.58419084 0.11701408
v 0.04468931 1.59077604 0.12284737
v 0.04072275 1.58153685 0.12628698
v 0.04650081 1.57347845 0.12227953
v 0.05199493 1.62322682 0.10877109
v 0.05375811 1.62544550 0.10870743
v 0.05093339 1.62548456 0.11102872
v 0.04345235 1.55932370 0.12416879
v 0.04965297 1.56395538 0.11707515
v 0.07326330 1.59223393 0.07652057
v 0.06384392 1.62459213 0.09849870
v 0.02436093 1.72453194 0.05968745
v 0.02352766 1.71227411 0.08905388
v 0.02639998 1.72189420 -0.01326275
v 0.02491368 1.72728218 0.02397303
v 0.04927939 1.66802128 -0.05200764
v 0.04588822 1.64154206 -0.05915437
v 0.02564507 1.64581674 -0.06953378
v 0.02735167 1.67609050 -0.06166280
v 0.03547927 1.57014858 -0.04674032
v 0.02515496 1.48679632 -0.02613156
v 0.02370109 1.50320244 -0.02270879
v 0.02225143 1.69440198 0.10868324
v 0.01848182 1.67598827 0.12031274
v 0.07397085 1.63797255 0.07009251
v 0.06605124 1.59635323 0.10065268
v 0.06141601 1.60487183 0.10529862
v 0.05892965 1.60059646 0.11049629
v 0.06299792 1.58996080 0.10671601
v 0.06909818 1.58713924 0.09214083
v 0.06934722 1.57776686 0.07978404
v 0.07127960 1.56818456 0.06588751
v 0.06795332 1.55631525 0.05858497
v 0.08179388 1.65080335 0.00287481
v 0.07745232 1.66402955 -0.00959589
v 0.06710125 1.67937060 -0.02349657
v 0.05066235 1.69335787 -0.03562394
v 0.08302938 1.64019400 0.00916143
v 0.02798775 1.70427108 -0.04374123
v 0.01498920 1.56964475 0.14666606
v 0.02205745 1.56986697 0.14134818
v 0.01325245 1.57431898 0.14618884
v 0.01444886 1.54130898 0.14679895
v 0.00969206 1.54079095 0.14804595
v 0.01070854 1.53433594 0.14419509
v 0.01613302 1.53513315 0.14317104
v 0.01851943 1.49977854 0.11412324
v 0.02786040 1.50378463 0.10996893
v 0.01637622 1.47892286 0.08125487
v 0.02558206 1.48221254 0.07160650
v 0.01221993 1.58428401 0.14997729
v 0.01038096 1.58444427 0.15054100
v 0.01020925 1.58372692 0.14793549
v 0.01251285 1.58350161 0.14757583
v 0.02696182 1.55297276 0.13832156
v 0.01076719 1.56054762 0.15100577
v 0.00738917 1.56017317 0.15176509
v 0.00755248 1.55620713 0.15002160
v 0.01107223 1.55646299 0.14937915
v 0.04163168 1.51187671 0.08150928
v 0.03682438 1.50083433 0.06750419
v 0.06035945 1.47597728 0.03073404
v 0.06133874 1.49249795 0.03592584
v 0.05897304 1.51440441 0.02238407
v 0.03368008 1.51965879 -0.01431683
v 0.02459403 1.51984452 -0.02229550
v 0.00019961 1.52338825 -0.02947182
v 0.00003948 1.53804134 -0.03342872
v 0.01376915 1.53674398 -0.03103460
v 0.01226387 1.52169672 -0.02710815
v 0.02607078 1.50251034 0.09147159
v 0.01656147 1.49869312 0.09687267
v 0.01590982 1.49197673 0.08624718
v 0.02505578 1.49507816 0.07888819
v 0.00671708 1.58118478 0.15153750
v 0.00531265 1.57988641 0.15332905
v 0.00605497 1.57750493 0.15045360
v 0.00791311 1.58004760 0.14945388
v 0.01358890 1.58154319 0.14557778
v 0.01115382 1.58049604 0.14573572
v 0.01189283 1.57830051 0.14593503
v 0.01381608 1.58430846 0.15044033
v 0.01445489 1.58288247 0.14741524
v 0.00861281 1.58474085 0.15598212
v 0.01171064 1.58471778 0.15408994
v 0.00838838 1.58516252 0.16110577
v 0.00821290 1.58227889 0.14995322
v 0.00895056 1.58102754 0.14817458
v 0.01229771 1.58256534 0.14609095
v 0.01040239 1.58233777 0.14622490
v 0.00891510 1.58481495 0.15375991
v 0.01093910 1.58462145 0.15229615
v 0.00764087 1.60820472 0.15109583
v 0.00159896 1.60954442 0.15466985
v 0.00151770 1.60215698 0.16133343
v 0.00162551 1.59358652 0.16703774
v 0.00199425 1.58491786 0.16426428
v 0.00770519 1.49072405 0.08977942
v 0.00751087 1.47754289 0.08575462
v 0.00207927 1.67555249 0.12171928
v 0.00213956 1.65750861 0.12992029
v 0.02787118 1.55145343 0.13670260
v 0.02808641 1.63973303 0.12387016
v 0.05257780 1.59890832 0.11634188
v 0.03117190 1.60068317 0.12540659
v 0.03743004 1.59589403 0.12465914
v 0.03834659 1.60382569 0.12190775
v 0.03209379 1.60731051 0.12286757
v 0.01845669 1.63625035 0.12449216
v 0.00931383 1.63163318 0.13171812
v 0.01301883 1.62989336 0.12405662
v 0.01232621 1.62270410 0.12484106
v 0.00957072 1.62200594 0.13535240
v 0.01438342 1.61456930 0.13101829
v 0.01579272 1.61731937 0.12351845
v 0.04911447 1.62779015 0.11351971
v 0.05157977 1.62914273 0.11205043
v 0.01938255 1.60971077 0.12723338
v 0.02508091 1.60534075 0.12563579
v 0.02605421 1.61057457 0.12235402
v 0.02064769 1.61355001 0.12245941
v 0.04501963 1.60077817 0.11961153
v 0.05886235 1.62498070 0.10504324
v 0.05490635 1.61327148 0.10726576
v 0.07119644 1.57954762 0.01564708
v 0.06682190 1.56857991 0.02226973
v 0.07322485 1.55984837 0.04161950
v 0.07042924 1.55645011 0.04361528
v 0.06554134 1.55834025 0.03974091
v 0.07114573 1.56206395 0.03770118
v 0.08329176 1.61432662 0.02204979
v 0.08295553 1.62174554 0.01856572
v 0.08334397 1.62360512 0.02559204
v 0.08261943 1.61564616 0.02461958
v 0.08217343 1.61969369 0.03071039
v 0.08232245 1.62315985 0.03324161
v 0.08176930 1.61464975 0.03462824
v 0.08163663 1.61473412 0.03120928
v 0.08372066 1.63434560 0.03451627
v 0.08144791 1.63257534 0.04418660
v 0.08058136 1.62035917 0.04069119
v 0.07592432 1.61901308 0.06339759
v 0.07621219 1.60668212 0.05103288
v 0.07828570 1.61483960 0.04657507
v 0.07839509 1.62768797 0.05350636
v 0.07094808 1.56227013 0.04725824
v 0.07133820 1.57073162 0.05036854
v 0.06498407 1.56139682 0.03194378
v 0.00096080 1.64843139 -0.07244074
v 0.00087343 1.68073575 -0.06427982
v 0.06754613 1.60736628 -0.02863262
v 0.05759849 1.61159613 -0.04485755
v 0.07392099 1.60305536 -0.01334260
v 0.07661976 1.60062176 -0.00036388
v 0.04268153 1.61573944 -0.05887909
v 0.02371903 1.61801903 -0.06913264
v 0.07569410 1.60141871 0.06392132
v 0.07436258 1.59459898 0.05217954
v 0.06350792 1.58730432 -0.02651661
v 0.05273031 1.59021989 -0.04137488
v 0.06979869 1.58580803 -0.01137443
v 0.07314653 1.58703113 0.00175657
v 0.03861727 1.59205981 -0.05432451
v 0.01856153 1.56901447 -0.05390675
v 0.02185898 1.59159702 -0.06287828
v 0.07499456 1.57135896 0.03958471
v 0.07272270 1.57082644 0.04367067
v 0.07254088 1.56414490 0.04315819
v 0.07640199 1.56555221 0.04195011
v 0.07397799 1.58572199 0.06383530
v 0.07337985 1.58232308 0.05142038
v 0.00872281 1.61508792 0.14431554
v 0.00186507 1.62447658 0.14131738
v 0.00177975 1.61705831 0.14815605
v 0.00209350 1.63232933 0.13552175
v 0.00115475 1.73083408 0.02371666
v 0.00124323 1.72691312 0.06059632
v 0.00100156 1.70852277 -0.04534573
v 0.00092955 1.72581779 -0.01446800
v 0.00809872 1.52529388 0.14546784
v 0.01079907 1.51065775 0.14611810
v 0.00985215 1.56999171 0.14941402
v 0.00644876 1.56899341 0.14999178
v 0.00701166 1.56432496 0.15132182
v 0.01046506 1.56502116 0.15062881
v 0.02187848 1.63267294 0.11949557
v 0.01620563 1.55235909 -0.04194734
v 0.01148626 1.50488852 -0.02616260
v 0.01242858 1.48821423 -0.02686819
v 0.03750706 1.47532617 -0.02974702
v 0.02508910 1.47372771 -0.03207892
v 0.00598869 1.57328218 0.14975017
v 0.00911251 1.57414621 0.14897601
v 0.00820281 1.58435062 0.15208922
v 0.01585771 1.55646359 0.14721170
v 0.00882125 1.57744632 0.14847224
v 0.00932620 1.57983327 0.14784483
v 0.00361336 1.57670479 0.15107540
v 0.00403951 1.57277847 0.14980351
v 0.03240659 1.61390537 0.12059416
v 0.03262057 1.61899906 0.11983414
v 0.00594802 1.58163633 0.15732941
v 0.00679315 1.58283194 0.15457898
v 0.00212485 1.58069632 0.15795180
v 0.04567291 1.45925359 0.05218931
v 0.05726596 1.46161712 0.03801213
v 0.00494309 1.55997220 0.15184622
v 0.00501378 1.55591021 0.15020876
v 0.00128370 1.71474036 0.09077567
v -0.00246330 1.56886283 -0.05385684
v -0.00067579 1.59045765 -0.06333727
v 0.07619605 1.59861633 0.04323518
v 0.07814907 1.59375098 0.03825172
v 0.07967476 1.60099676 0.03613592
v 0.07837230 1.60627914 0.04125475
v 0.00757989 1.46534365 0.07995295
v 0.06073377 1.46399162 0.02143808
v 0.01178973 1.47405953 -0.03162090
v 0.05200486 1.62107522 0.10865937
v 0.05090820 1.61934783 0.11010779
v 0.02474966 1.62992715 0.11825151
v 0.00088792 1.61838587 -0.07226369
v 0.01775889 1.54746369 0.14543260
v 0.01575583 1.55203405 0.14442885
v -0.00069100 1.50730985 -0.02783159
v 0.00867716 1.49761971 0.09950756
v 0.00346382 1.57929323 0.15413384
v -0.00002082 1.55239145 -0.04317438
v 0.08197263 1.60720482 0.02862159
v 0.08372533 1.60568551 0.03178838
v 0.08318026 1.60226825 0.03131829
v 0.08152300 1.60301312 0.03000925
v 0.08497099 1.60954407 0.03630539
v 0.08588283 1.60568764 0.03416749
v 0.08754928 1.60863953 0.03318776
v 0.08631563 1.61277025 0.03438932
v 0.08062087 1.61174995 0.03828621
v 0.08263679 1.60562009 0.03685651
v 0.08858058 1.61050160 0.03144110
v 0.08856411 1.61345000 0.03262802
v 0.08596514 1.61538596 0.03136489
v 0.08229824 1.61567008 0.02780530
v 0.09092631 1.61394374 0.02930500
v 0.08738289 1.61641093 0.02720825
v 0.09380496 1.61287041 0.02467881
v 0.08918246 1.61546967 0.02215211
v 0.09512335 1.60929310 0.01953221
v 0.08951673 1.61097052 0.01703969
v 0.07437581 1.57857805 0.04389041
v 0.07496050 1.57802390 0.03738416
v 0.09568988 1.60361796 0.01644154
v 0.08890087 1.60421858 0.01466901
v 0.09523852 1.59622157 0.01488666
v 0.08837714 1.59651874 0.01359036
v 0.09343447 1.58872705 0.01563460
v 0.08790464 1.58827438 0.01428149
v 0.09171306 1.58135270 0.01784007
v 0.08625833 1.58003481 0.01669502
v 0.08932687 1.57454416 0.02201984
v 0.08363043 1.57111962 0.02102973
v 0.09028879 1.61095752 0.02343978
v 0.09146620 1.60743488 0.01997270
v 0.08114727 1.60997028 0.02074148
v 0.08910999 1.61210136 0.02789842
v 0.08090875 1.59667749 0.02502588
v 0.07900447 1.59960804 0.02407764
v 0.07976844 1.59774628 0.02474237
v 0.07861704 1.59616824 0.02239128
v 0.07694997 1.58588440 0.03841278
v 0.07798351 1.58534075 0.03468657
v 0.07874629 1.59112078 0.03465229
v 0.07609165 1.58100560 0.03442604
v 0.07501690 1.58233453 0.03329176
v 0.07482242 1.58609704 0.03340230
v 0.07454796 1.59091268 0.03296596
v 0.07547345 1.58057520 0.03148619
v 0.07690603 1.57872239 0.03232802
v 0.07424571 1.58190393 0.03090986
v 0.07386317 1.58289338 0.03192318
v 0.07287314 1.58524667 0.03096597
v 0.07389469 1.58878385 0.02858442
v 0.07528567 1.58885331 0.04401652
v 0.07578267 1.58344084 0.02217404
v 0.07257268 1.57484008 0.02616750
v 0.08608127 1.56959125 0.02746934
v 0.08220341 1.56335686 0.02765944
v 0.07984912 1.56136991 0.04021470
v 0.08164271 1.55918099 0.03460779
v 0.07949333 1.60418568 0.01934982
v 0.07919265 1.59749053 0.01816181
v 0.07122946 1.56834831 0.03242288
v 0.07844411 1.59067671 0.01868931
v 0.08755836 1.57885919 0.02302002
v 0.08419929 1.57553114 0.02666967
v 0.08997434 1.58368090 0.01970987
v 0.07811954 1.57509709 0.03430510
v 0.07941642 1.56906973 0.03692785
v 0.08309281 1.56800793 0.03260904
v 0.08071873 1.57420420 0.03023887
v 0.08610586 1.58227674 0.02482911
v 0.08208942 1.57974883 0.02651842
v 0.08274142 1.58535639 0.02433012
v 0.07898542 1.58313215 0.02575421
v 0.07654849 1.58111442 0.02866879
v 0.07865769 1.57845728 0.02917888
v 0.07473151 1.58579876 0.02489624
v 0.07868404 1.58911510 0.02345492
v 0.07394944 1.58304827 0.02858848
v 0.08566402 1.58825877 0.02400223
v 0.08803637 1.59214795 0.02317980
v 0.08560697 1.59493311 0.02548296
v 0.08225985 1.59191416 0.02414813
v 0.09090719 1.58972679 0.01751280
v 0.09050730 1.59049644 0.02071759
v 0.08857353 1.58594081 0.02243766
v 0.09123300 1.59616883 0.01965703
v 0.09154696 1.59653458 0.01680698
v 0.08925708 1.59642554 0.02190988
v 0.08754906 1.59766705 0.02388683
v 0.09069422 1.60549339 0.02190638
v 0.09123196 1.60133830 0.02022338
v 0.09203372 1.60281296 0.01757659
v 0.08995399 1.60024950 0.02257988
v 0.08918992 1.60351037 0.02359643
v 0.08756722 1.60183332 0.02446992
v 0.08842293 1.60001883 0.02334570
v 0.08641909 1.61014343 0.02995143
v 0.08504328 1.60862863 0.03145040
v 0.08759161 1.61002597 0.02728521
v 0.08531573 1.61082344 0.02771388
v 0.08600091 1.60784954 0.02713674
v 0.08370561 1.60993364 0.02797268
v 0.08487979 1.60582806 0.02780427
v 0.08275562 1.60295422 0.02803469
v 0.02371554 1.43124081 0.05801018
v 0.02028712 1.44333161 0.06267838
v 0.00891333 1.44207755 0.06663922
v 0.01074415 1.43076670 0.05975901
v 0.08648131 1.60359636 0.02642829
v 0.08770872 1.60588336 0.02524957
v 0.08923018 1.60853414 0.02421956
v 0.08385185 1.59905862 0.02615423
v 0.08540296 1.59792148 0.02593031
v 0.08646284 1.59958657 0.02550119
v 0.08486593 1.60117169 0.02673567
v 0.07900141 1.59561901 0.03383270
v 0.07694001 1.59376692 0.03059297
v 0.07719561 1.59121897 0.02690906
v 0.05974591 1.41675533 0.03430458
v 0.07242360 1.42360201 0.01990534
v 0.06671247 1.43007822 0.01935420
v 0.05562485 1.42500186 0.03469143
v 0.07285074 1.40294430 0.05203174
v 0.07567904 1.38713004 0.06004098
v 0.09626188 1.39127565 0.05457649
v 0.09348499 1.40830227 0.03524963
v 0.09641955 1.37498763 0.06629207
v 0.07678686 1.37132599 0.06754329
v 0.08763991 1.32871217 0.08674233
v 0.09182256 1.34382907 0.08196283
v 0.07293813 1.34145986 0.08047528
v 0.06938184 1.32672796 0.08513754
v 0.09077005 1.25410186 0.08928761
v 0.08084042 1.25563704 0.09260232
v 0.07297000 1.23950502 0.08967605
v 0.08287003 1.23723815 0.08462968
v 0.16546458 1.34778838 0.06532471
v 0.17323109 1.33629941 0.06067633
v 0.17799636 1.35509264 0.05767723
v 0.16793882 1.36674765 0.05980004
v 0.10502652 1.44263493 -0.00812869
v 0.09398237 1.44524659 -0.01169383
v 0.08944509 1.42902289 0.00599936
v 0.10173534 1.42774507 0.01429533
v 0.13339434 1.26547136 0.05949498
v 0.13466876 1.27519480 0.07003638
v 0.12506836 1.26314760 0.07104537
v 0.12433215 1.25334916 0.06294067
v 0.10791157 1.16752167 0.06916588
v 0.09267151 1.16660030 0.07573125
v 0.09005971 1.14514373 0.07522674
v 0.10566810 1.14575097 0.06802335
v 0.14607199 1.19019597 0.02335888
v 0.14428098 1.17175829 0.02706220
v 0.14671127 1.17132444 0.00575719
v 0.15127190 1.18747485 0.00293189
v 0.12196879 1.32933055 0.08651726
v 0.12639928 1.34444318 0.08079048
v 0.10984246 1.34471984 0.08220202
v 0.10550586 1.32981750 0.08733724
v 0.31058051 1.26568853 0.02867274
v 0.29029986 1.28249823 0.02807989
v 0.28203551 1.27149541 0.02810793
v 0.30151521 1.25488995 0.02860853
v 0.11694743 1.07160561 0.02697663
v 0.11478509 1.05312924 0.02839069
v 0.11270647 1.05797441 0.01164992
v 0.11485771 1.07531885 0.01223160
v 0.22816069 1.38834671 0.03076573
v 0.23393050 1.40246189 0.01373535
v 0.22254499 1.41707892 0.01352435
v 0.21825992 1.40275056 0.03217310
v 0.16106041 1.31001980 0.06503480
v 0.16711120 1.32194133 0.06292158
v 0.16242128 1.33244519 0.06986477
v 0.15710189 1.31862521 0.07346730
v 0.15927258 1.21966303 -0.00246630
v 0.16171368 1.23564683 -0.00613288
v 0.15512250 1.23937479 0.00747288
v 0.15226029 1.22331743 0.01292410
v 0.14918192 1.20643510 0.01787075
v 0.15594178 1.20325552 0.00052676
v 0.14807585 1.32428608 0.07965883
v 0.15280965 1.33961217 0.07451587
v 0.14088072 1.34281111 0.07809351
v 0.13619399 1.32752600 0.08406340
v 0.06609835 1.22424890 0.08665477
v 0.07846284 1.22085582 0.08210606
v 0.11004397 1.04696539 0.04534611
v 0.11097029 1.06679570 0.04273884
v 0.09939529 1.06101244 0.05665699
v 0.09901630 1.03913443 0.06007965
v 0.07818483 1.18644533 0.07950757
v 0.09305207 1.18633883 0.07553605
v 0.09168907 1.20422206 0.07652573
v 0.07834521 1.20476384 0.08129797
v 0.08405446 1.03181607 0.07008979
v 0.08502878 1.05649023 0.06644397
v 0.06833398 1.05629164 0.07144235
v 0.06711204 1.03217956 0.07402941
v 0.09506447 1.35918152 0.07503638
v 0.07560500 1.35652417 0.07474799
v 0.10704773 1.25323910 0.07994393
v 0.09930055 1.25317876 0.08459869
v 0.09172029 1.23737586 0.07897776
v 0.09991421 1.23778727 0.07421972
v 0.16596955 1.30378920 0.03598544
v 0.17716757 1.31199054 0.03504676
v 0.18517922 1.33772685 0.05060721
v 0.17452487 1.32050518 0.05111527
v 0.11343130 1.04163998 0.01122065
v 0.11418665 1.03608141 0.02882295
v 0.08243313 1.01216237 0.06875505
v 0.06538934 1.01016180 0.07206797
v 0.20122899 1.30234095 -0.02516608
v 0.19925207 1.30467831 -0.01377823
v 0.19199438 1.29256412 -0.01038982
v 0.19522206 1.29044142 -0.02279195
v 0.04760905 1.25534744 0.09394443
v 0.05473297 1.23538102 0.08955558
v 0.06498772 1.24900452 0.09341327
v 0.06121186 1.26518753 0.09570269
v 0.09827665 1.22259658 0.07028753
v 0.08933210 1.22143064 0.07609118
v 0.10241589 1.20630388 0.07049134
v 0.03467328 1.24421608 0.08699838
v 0.04347216 1.21747058 0.08470650
v 0.05541270 1.35379273 0.07525675
v 0.05324248 1.33900889 0.07963997
v 0.05643576 1.36842341 0.07041893
v 0.05521040 1.38273196 0.06436154
v 0.03563850 1.38013233 0.06837370
v 0.03628865 1.36595869 0.07290084
v 0.05309649 1.39672925 0.05974426
v 0.03377502 1.39297907 0.06316441
v 0.04356956 1.41327095 0.04518739
v 0.04050734 1.42230951 0.04539972
v 0.16575257 1.30911363 0.05178129
v 0.15810661 1.29892114 0.05270930
v 0.09771906 1.01897203 0.06051622
v 0.11531326 1.37495792 -0.09201966
v 0.13465839 1.38325252 -0.08701428
v 0.13390128 1.36511182 -0.09076737
v 0.11566024 1.35576028 -0.09670588
v 0.11771421 1.43177976 0.01808325
v 0.11726970 1.44407666 -0.00556473
v 0.18278105 1.31796468 -0.06239963
v 0.18299438 1.30647516 -0.05783639
v 0.17834092 1.29506294 -0.06203972
v 0.17782138 1.30985551 -0.06724479
v 0.20036292 1.30677324 -0.04130305
v 0.19786107 1.31236947 -0.04686940
v 0.20444754 1.30951887 -0.04943841
v 0.20601871 1.30423491 -0.04336829
v 0.10864133 1.06205451 -0.00428224
v 0.10978674 1.07845130 -0.00316709
v 0.13557279 1.19765042 -0.05147057
v 0.14502039 1.21425100 -0.05165693
v 0.15245169 1.20786932 -0.03481701
v 0.14507368 1.19172497 -0.03433353
v 0.01336205 1.33483743 -0.08601402
v 0.03219907 1.33981861 -0.09264139
v 0.03271078 1.32460223 -0.09581607
v 0.01354921 1.32056266 -0.08883036
v 0.07259420 1.37213999 -0.09572567
v 0.05092847 1.36282015 -0.09675387
v 0.04920537 1.37789428 -0.09257462
v 0.07097532 1.38831863 -0.09070882
v 0.09467199 1.36476171 -0.09640307
v 0.09535010 1.34524347 -0.09969838
v 0.16014561 1.22068685 -0.01891084
v 0.16372751 1.23541621 -0.02059827
v 0.17082532 1.25458582 -0.02513269
v 0.17513735 1.26132503 -0.02656334
v 0.17346177 1.26263358 -0.01391667
v 0.16885455 1.25631816 -0.01211293
v 0.08573581 1.44973812 -0.01332889
v 0.09313957 1.45427752 -0.03188408
v 0.08313958 1.45733879 -0.03361924
v 0.04422594 1.42855652 -0.06668969
v 0.05580850 1.43389017 -0.06443468
v 0.05746845 1.42833970 -0.06904046
v 0.04389190 1.42214873 -0.07131536
v 0.04226088 1.25460624 -0.09626276
v 0.04592946 1.23479790 -0.09233792
v 0.01956830 1.23422988 -0.09020396
v 0.01802437 1.25486239 -0.09307668
v 0.18012626 1.26970362 -0.03926232
v 0.17879490 1.27489315 -0.04816691
v 0.18489927 1.28524026 -0.04696051
v 0.18619928 1.27811278 -0.03983565
v 0.17401161 1.26690242 -0.04889344
v 0.17517571 1.26275458 -0.03846163
v 0.17125571 1.25551337 -0.03755728
v 0.17011045 1.25921844 -0.04939333
v 0.15461827 1.22907642 -0.05144442
v 0.16247986 1.24199733 -0.05016244
v 0.16451785 1.23806296 -0.03543632
v 0.15928415 1.22412468 -0.03542267
v 0.02044922 1.16889520 -0.07499839
v 0.02031223 1.19291701 -0.07932478
v 0.04331272 1.19130819 -0.08348606
v 0.04194236 1.16735147 -0.07954584
v 0.20440797 1.31163120 0.00555061
v 0.21315176 1.30493139 0.00118782
v 0.21044166 1.30965560 0.01399122
v 0.20305150 1.31476545 0.01829673
v 0.21350685 1.32120711 -0.06164488
v 0.21492253 1.32698930 -0.06395738
v 0.22477704 1.32146846 -0.06441202
v 0.22268836 1.31657610 -0.06315239
v 0.22649029 1.29033462 -0.01105830
v 0.23818522 1.27768770 -0.01166649
v 0.23740508 1.28225494 -0.00034246
v 0.22359570 1.29495502 -0.00029326
v 0.12571995 1.44738476 -0.02929757
v 0.11347947 1.45121362 -0.02995761
v 0.12967861 1.44788758 -0.00234133
v 0.21632573 1.29494337 -0.02863541
v 0.21348482 1.29559698 -0.03727394
v 0.22201345 1.28538692 -0.03987178
v 0.22382187 1.28442072 -0.02994922
v 0.32012183 1.27653124 0.02070470
v 0.29977877 1.29271379 0.01952607
v 0.25204183 1.25837097 -0.02200508
v 0.23710967 1.27293330 -0.02122488
v 0.23587941 1.27077560 -0.03144591
v 0.25235226 1.25626234 -0.03357374
v 0.13811344 1.17498993 -0.03357406
v 0.12672695 1.18057714 -0.05048193
v 0.09202436 1.06806479 -0.03578993
v 0.09236162 1.08591021 -0.03329701
v 0.10197015 1.08232873 -0.01901394
v 0.10194720 1.06571822 -0.02098438
v 0.10999216 1.04640652 -0.00670752
v 0.09328251 1.04993275 -0.03788196
v 0.10376825 1.04867347 -0.02322503
v 0.06737769 1.46367642 -0.02650027
v 0.07477729 1.46141508 -0.03190629
v 0.06280485 1.45839047 -0.04631088
v 0.05765510 1.46384092 -0.03947403
v 0.14227902 0.94875204 -0.02261681
v 0.14772202 0.94720260 0.00263284
v 0.15280704 0.92263551 -0.00578855
v 0.14483456 0.92272939 -0.02900500
v 0.02876824 1.44178668 -0.05302507
v 0.02661518 1.45226846 -0.04529972
v 0.04261993 1.45889551 -0.04504936
v 0.04667543 1.45036048 -0.05170634
v 0.13684829 0.97187717 -0.01732041
v 0.14101500 0.96932303 0.00670944
v 0.07024203 1.45661685 -0.00917608
v 0.07814881 1.45351088 -0.01269639
v 0.06750392 1.44476584 0.00659892
v 0.07478394 1.43918950 0.00300922
v 0.06147860 1.43888362 0.02326518
v 0.15004873 0.94148757 0.02455088
v 0.15833298 0.91443686 0.01970651
v 0.05222490 1.46888986 -0.03085619
v 0.03990363 1.46578912 -0.03785396
v 0.02585303 1.46205292 -0.03868784
v 0.01164019 1.46129711 -0.03804787
v -0.00308426 1.46254730 -0.03819178
v -0.00207430 1.47506724 -0.03158165
v 0.11409938 1.02773059 0.01189193
v 0.11227118 1.03052610 -0.00706787
v 0.11087658 0.81429564 -0.10144977
v 0.11304917 0.79503986 -0.09077770
v 0.08281361 0.79659536 -0.10197467
v 0.08470198 0.81137399 -0.10938124
v 0.02163383 0.82703888 -0.11236118
v 0.05409139 0.81590867 -0.11477456
v 0.05106059 0.80530316 -0.10380232
v 0.01990160 0.81893153 -0.09952947
v 0.02615211 0.93825067 -0.11105329
v 0.02518440 0.95808138 -0.10157457
v 0.05008841 0.95955829 -0.10174766
v 0.05267469 0.93888263 -0.11206730
v 0.10628250 1.03283161 -0.02473928
v 0.09512691 1.03357820 -0.03909653
v 0.11219009 1.02227999 0.02884160
v 0.17097565 0.75913489 0.02931248
v 0.17068279 0.72294433 0.02714459
v 0.16985662 0.73094423 -0.00814286
v 0.17397127 0.76958616 -0.00639782
v 0.13911055 0.74210948 -0.06294869
v 0.10845091 0.74674362 -0.07516642
v 0.11014891 0.77367495 -0.08089195
v 0.14062902 0.77351328 -0.06614949
v 0.04978240 1.00914120 0.07596967
v 0.04758831 0.98961833 0.07048253
v 0.06287323 0.99266275 0.06766672
v 0.01148138 1.00013838 0.08295996
v 0.01003237 0.98085205 0.07630278
v 0.02221810 0.98407038 0.07528581
v 0.02465701 1.00440130 0.08281626
v 0.01535506 0.87977981 0.09214240
v 0.01838388 0.90075440 0.08414048
v 0.00695126 0.89882542 0.08643678
v 0.00496360 0.87737616 0.09323909
v 0.14660432 0.93171578 0.04446036
v 0.13378170 0.95304663 0.04697508
v 0.11793408 0.94300356 0.05879405
v 0.12903896 0.92129160 0.05913431
v 0.04766590 0.79624169 -0.09115838
v 0.02023660 0.81333193 -0.08208641
v 0.15697644 0.75352468 0.06231190
v 0.15646564 0.71688702 0.06035469
v 0.12973321 0.71507213 0.08484143
v 0.13064551 0.75056321 0.08532913
v 0.09863311 0.75188152 0.09202132
v 0.09675834 0.72062889 0.09104887
v 0.00393270 0.80892140 0.05023327
v 0.00590697 0.80070040 0.04561668
v 0.01778536 0.81287654 0.06699049
v 0.01143687 0.82707781 0.07563505
v 0.02508376 0.85561332 -0.12197478
v 0.05360123 0.85031303 -0.12527771
v 0.05414427 0.83193940 -0.12287330
v 0.02418473 0.83925176 -0.11772964
v 0.08027659 1.03248253 -0.04854065
v 0.07923570 1.05010587 -0.04795442
v 0.06328635 1.05012473 -0.05363393
v 0.06401919 1.07033698 -0.05293168
v 0.07902512 1.06840669 -0.04605075
v 0.09224843 1.19825826 -0.07539259
v 0.10202613 1.21660648 -0.07869415
v 0.12092205 1.20541558 -0.06650234
v 0.11112609 1.18856676 -0.06422221
v 0.05218635 1.34732016 -0.10031902
v 0.05279216 1.33070027 -0.10312614
v 0.07583062 0.76015427 -0.07953340
v 0.07746746 0.72468120 -0.07581455
v 0.04617106 0.73472160 -0.07118381
v 0.03854566 0.77839730 -0.07428310
v 0.13482982 0.71008519 -0.05981484
v 0.16082353 0.73837656 -0.04018168
v 0.15353161 0.70338242 -0.03997927
v 0.16790291 0.68777644 0.02558498
v 0.16598645 0.69600539 -0.00920749
v 0.12708611 0.68181510 0.08380913
v 0.09423630 0.68848230 0.08873275
v 0.01937234 0.74066387 0.03756883
v 0.01855532 0.71603983 0.03097344
v 0.03791819 0.70711752 0.05418729
v 0.03943216 0.73421238 0.05928609
v 0.04829202 0.87583245 0.08269259
v 0.05921728 0.84958596 0.08314328
v 0.08532996 0.86720525 0.07777557
v 0.07866078 0.89393119 0.07291887
v 0.02658080 1.03076742 0.08736345
v 0.01587097 1.02647415 0.08715341
v 0.05128465 1.03356281 0.07841313
v 0.03821166 1.03311470 0.08428095
v 0.03679563 1.00620166 0.07979255
v 0.03197486 1.12767211 0.08490600
v 0.02795165 1.10682336 0.08327979
v 0.04344352 1.10505926 0.08023845
v 0.04887939 1.12556912 0.08208647
v 0.05481658 1.14777748 0.08399944
v 0.03679913 1.14962251 0.08631141
v 0.04227261 1.19202603 0.08305140
v 0.06109975 1.18867790 0.08211046
v 0.06198111 1.20773112 0.08425207
v 0.03528497 1.35054802 0.07590016
v 0.03374330 1.33603647 0.07930598
v 0.15601149 0.90400372 0.04268080
v 0.01183589 0.77043300 -0.04887495
v 0.01964346 0.73744694 -0.05387885
v 0.00417052 0.73394955 -0.03027251
v -0.00150241 0.76089834 -0.02448400
v 0.14050766 0.96264875 0.02853908
v 0.10909555 1.02809810 0.04608320
v 0.10650722 1.01312983 0.04498036
v 0.13396306 1.19707284 0.04415682
v 0.13530169 1.17286307 0.04607245
v 0.07339450 1.25914507 0.09425456
v 0.07386788 1.27131486 0.09535949
v 0.16348168 0.77455767 -0.04133702
v 0.12240990 0.65112464 0.07997618
v 0.08947967 0.65702647 0.08409748
v 0.08406072 0.62771556 0.07736316
v 0.11571841 0.62346567 0.07389089
v 0.00864059 0.69303516 0.00357515
v 0.01464269 0.66160769 -0.00376947
v 0.02411385 0.65807323 0.01749891
v 0.01899088 0.68688218 0.02377963
v 0.02136198 0.63091885 -0.00743727
v 0.02538468 0.60061883 -0.01161219
v 0.02715744 0.59467576 0.00797915
v 0.02712404 0.62594648 0.01302904
v 0.15382477 0.68107525 0.05989277
v 0.15663830 0.62604881 0.02611857
v 0.16326912 0.65468872 0.02674816
v 0.14833242 0.64959078 0.05875425
v 0.14212405 0.62131097 0.05472045
v 0.10616671 0.71510197 -0.07059249
v 0.00653054 0.74635981 0.01677608
v 0.00733877 0.72263213 0.01042846
v 0.02026100 0.66597257 -0.04032580
v 0.01085972 0.69918033 -0.03628042
v 0.02641706 0.69908299 -0.05745184
v 0.03531468 0.66557853 -0.05897503
v 0.12743158 0.65015858 -0.05552396
v 0.13024878 0.67911003 -0.05714943
v 0.14898987 0.67281553 -0.03618866
v 0.14304937 0.64451638 -0.03400076
v 0.16077186 0.66427551 -0.00726630
v 0.15376749 0.63554920 -0.00533489
v 0.14168134 0.56779084 0.02239475
v 0.14972419 0.59634792 0.02476928
v 0.13479272 0.59201749 0.05126165
v 0.12518458 0.56405435 0.04811764
v 0.13952614 0.57708171 -0.00675517
v 0.14644469 0.60702603 -0.00545337
v 0.13436276 0.58740476 -0.03189296
v 0.13812338 0.61653154 -0.03240257
v 0.12232913 0.59453424 -0.05087479
v 0.12507495 0.62331681 -0.05339379
v 0.10469736 0.59979759 -0.06339657
v 0.10490449 0.62811977 -0.06563176
v 0.08343780 0.63198930 -0.07155085
v 0.08579351 0.60289636 -0.06951757
v 0.06769596 0.60622345 -0.06521894
v 0.06247891 0.63412688 -0.06909583
v 0.03599981 0.60592247 -0.04363253
v 0.02866870 0.63513755 -0.04223978
v 0.04233654 0.63522935 -0.05874239
v 0.04962005 0.60665359 -0.05707588
v 0.05723308 0.49035044 -0.05501451
v 0.05084304 0.52038542 -0.05166898
v 0.06513805 0.52182738 -0.05845190
v 0.06891098 0.49195787 -0.06310452
v 0.08226178 0.49338424 -0.06712432
v 0.07790173 0.52159457 -0.06553237
v 0.09148250 0.51975440 -0.06662509
v 0.09575375 0.49221599 -0.06467566
v 0.12000245 0.51224713 -0.04694620
v 0.12449319 0.48628098 -0.04784915
v 0.10997785 0.49056644 -0.05819867
v 0.10568715 0.51732339 -0.05880855
v 0.13546870 0.50606828 -0.03251487
v 0.13686642 0.47986378 -0.03183756
v 0.13350096 0.49863182 -0.00966785
v 0.13191874 0.47249248 -0.00929778
v 0.12280633 0.49119922 0.01699768
v 0.12427415 0.46615755 0.01707135
v 0.02971525 0.50552270 -0.01371017
v 0.02986424 0.51145179 -0.02897582
v 0.03588895 0.48167182 -0.03487388
v 0.03331478 0.47510963 -0.01865464
v 0.05257198 0.49378736 0.02381620
v 0.05530907 0.46736516 0.01559231
v 0.06661480 0.46427231 0.03830901
v 0.06498108 0.49035332 0.04807631
v 0.13189432 0.54203409 0.01903725
v 0.13408764 0.55008891 -0.00801632
v 0.13143743 0.55950523 -0.03191540
v 0.11961967 0.56685859 -0.04832452
v 0.04104838 0.57754071 -0.04678564
v 0.05519000 0.57836367 -0.05752340
v 0.02713635 0.56429405 0.00178623
v 0.02673007 0.57039033 -0.01625512
v 0.09085553 0.51310399 0.05513650
v 0.11395682 0.51241791 0.04405672
v 0.11625355 0.53879645 0.04352224
v 0.09324562 0.53909412 0.05768777
v 0.13341743 0.52403867 -0.00921970
v 0.13220428 0.53249315 -0.03222855
v 0.11844460 0.53967594 -0.04625306
v 0.08901006 0.54734972 -0.06594367
v 0.10457470 0.54546623 -0.05840584
v 0.07467378 0.54917764 -0.06410016
v 0.04546972 0.54900014 -0.04983262
v 0.06006910 0.54988135 -0.05831211
v 0.02899949 0.53438001 -0.00584326
v 0.02780589 0.54065354 -0.02265206
v 0.09077062 0.46191125 0.04902286
v 0.11283936 0.46243088 0.03975848
v 0.11394866 0.48655373 0.04457430
v 0.08960724 0.48695640 0.05551372
v 0.09151366 0.44093186 0.03681403
v 0.07292794 0.44347912 0.02528369
v 0.10235167 0.46552657 -0.06977776
v 0.08754331 0.46516688 -0.07108716
v 0.11698593 0.46344340 -0.06347332
v 0.13441509 0.44594287 -0.00787532
v 0.13774026 0.45367503 -0.03263979
v 0.12299478 0.44027948 0.01681475
v 0.10977672 0.44098623 0.03290677
v 0.05496048 0.42548609 -0.04449313
v 0.05190149 0.42137189 -0.02945636
v 0.04243402 0.44863712 -0.02348414
v 0.04660554 0.45335765 -0.03863260
v 0.06814449 0.43181280 -0.06926234
v 0.06435277 0.45940689 -0.05869959
v 0.07509839 0.46375620 -0.06877104
v 0.07824655 0.43508624 -0.07984352
v 0.11013308 0.43744725 -0.07976674
v 0.09368102 0.43741096 -0.08252231
v 0.12576882 0.43624596 -0.07139503
v 0.14292683 0.42629373 -0.03302723
v 0.13894980 0.43290426 -0.05635762
v 0.13064580 0.45956302 -0.05110435
v 0.13772032 0.41891995 -0.00494861
v 0.12009873 0.38229718 0.01143736
v 0.14129266 0.38902295 -0.00471646
v 0.11762943 0.41207314 0.01530823
v 0.09937550 0.28531403 0.00202908
v 0.09903114 0.25101180 -0.00381401
v 0.11932854 0.25202726 -0.00213164
v 0.12193225 0.28628060 0.00408045
v 0.05291229 0.39550360 -0.05192807
v 0.05443016 0.39291523 -0.03502445
v 0.08110284 0.40614959 -0.08949687
v 0.06674195 0.40295973 -0.08023420
v 0.15411416 0.36599269 -0.03645921
v 0.15118028 0.37200350 -0.06383453
v 0.14644213 0.40356998 -0.05949381
v 0.14934500 0.39703812 -0.03348678
v 0.05164503 0.29769820 -0.04626694
v 0.04646810 0.33062333 -0.04290905
v 0.04757001 0.33314346 -0.06266223
v 0.05188525 0.29996736 -0.06396485
v 0.08145730 0.37517773 -0.09736086
v 0.08251952 0.34155708 -0.10070361
v 0.06533642 0.33887788 -0.09206659
v 0.06485959 0.37169340 -0.08788979
v 0.14947227 0.29648584 -0.04083462
v 0.14787146 0.30142796 -0.06550711
v 0.15153478 0.33778987 -0.06693139
v 0.15384296 0.33207033 -0.03921634
v 0.12272058 0.35191107 0.01098662
v 0.12370801 0.31935059 0.00860960
v 0.14405985 0.32528513 -0.00960880
v 0.14425180 0.35789431 -0.00702874
v 0.09870291 0.35089053 0.00794862
v 0.09953022 0.31907572 0.00639505
v 0.06704413 0.22725808 -0.06178462
v 0.06493456 0.22287925 -0.04799499
v 0.05953279 0.26114864 -0.04734241
v 0.06155181 0.26473245 -0.06215661
v 0.08560165 0.30650258 -0.09848232
v 0.08827265 0.26948351 -0.09234425
v 0.07510208 0.26818969 -0.08570908
v 0.06932860 0.30443621 -0.09125806
v 0.14036029 0.22070391 -0.04223709
v 0.13699575 0.22375535 -0.06250691
v 0.14265546 0.26246220 -0.06444296
v 0.14465506 0.25892261 -0.04213539
v 0.11661801 0.21520941 -0.00893106
v 0.13444607 0.21715562 -0.02077606
v 0.13905523 0.25523525 -0.01642617
v 0.09885548 0.21446193 -0.00952584
v 0.09852168 0.17832666 -0.01343543
v 0.11309416 0.17869211 -0.01198901
v 0.07100192 0.19054923 -0.06153563
v 0.07142092 0.18730300 -0.04809425
v 0.07827321 0.19380497 -0.07939501
v 0.07762479 0.23063070 -0.08135011
v 0.08896250 0.23171183 -0.08774718
v 0.08817863 0.19521262 -0.08538759
v 0.11821680 0.22829115 -0.08566625
v 0.11490348 0.19183007 -0.08218092
v 0.10121613 0.19451465 -0.08643515
v 0.10338340 0.23078672 -0.08909378
v 0.13211201 0.18797196 -0.06090500
v 0.12439061 0.19007267 -0.07355824
v 0.12966745 0.22569792 -0.07787851
v 0.13489714 0.18490410 -0.04251003
v 0.12881968 0.18073061 -0.02214137
v -0.00240875 0.80089195 -0.02669168
v 0.00440483 0.79398289 -0.03897738
v -0.00439210 0.77979681 -0.01550765
v -0.00561834 0.78917495 -0.00372736
v 0.03849494 0.64718944 0.04256445
v 0.03829652 0.67837885 0.04858811
v 0.03362760 0.58532000 0.03078475
v 0.03699582 0.61531902 0.03777372
v 0.03471923 0.55603371 0.02277559
v 0.03997051 0.49842852 0.00352978
v 0.03785760 0.52740160 0.01308534
v 0.04184681 0.47056008 -0.00290903
v 0.04758388 0.44328173 -0.00764250
v 0.05697418 0.41709309 -0.01326348
v 0.06125855 0.35979720 -0.02233540
v 0.06355637 0.38973642 -0.01979931
v 0.04940782 0.36253256 -0.03897494
v 0.06179312 0.29371351 -0.02664029
v 0.05927667 0.32793559 -0.02383365
v 0.07182655 0.21863403 -0.03283222
v 0.06620145 0.25655644 -0.02922822
v 0.07834493 0.18332396 -0.03447369
v 0.07052315 0.78248101 0.07940619
v 0.06887268 0.80498999 0.08019124
v 0.04453102 0.79729007 0.06958260
v 0.04563591 0.78165061 0.06420001
v -0.00317469 0.80214105 0.02366762
v -0.00431396 0.80025691 0.02078841
v -0.00080842 0.79810017 0.03244086
v -0.00021299 0.80159720 0.03437276
v 0.12445035 0.51678150 0.01679686
v 0.10500971 0.57258518 -0.06049812
v 0.07172585 0.57745596 -0.06356280
v 0.08769666 0.57503734 -0.06666851
v 0.04622403 0.51908366 0.03706646
v 0.06616184 0.51590377 0.05144701
v 0.06716736 0.54166577 0.05798398
v 0.04839649 0.54780620 0.04324717
v 0.09743409 0.37882015 0.01091984
v 0.07827973 0.38418239 -0.00396634
v 0.08034267 0.35504145 -0.00911260
v 0.09580633 0.40342471 0.01685435
v 0.13433325 0.40752064 -0.07856023
v 0.11718463 0.40888376 -0.08931335
v 0.10124905 0.37712749 -0.10075634
v 0.09867059 0.40835164 -0.09277432
v 0.12207605 0.37842427 -0.09741313
v 0.05269326 0.60492279 0.05950772
v 0.04906860 0.57640608 0.05139675
v 0.07205574 0.56979336 0.06328560
v 0.07792833 0.59866293 0.07096637
v 0.09798850 1.10416284 -0.03512359
v 0.10831548 1.09982709 -0.02124933
v 0.11549554 1.23116643 0.05963644
v 0.10655279 1.22557490 0.06506616
v 0.11293240 1.20997716 0.06341442
v 0.12318674 1.21657830 0.05448572
v 0.13087169 1.22680945 0.04645478
v 0.12443126 1.24032600 0.05485073
v 0.13578473 1.24062643 0.03890770
v 0.13175917 1.25313538 0.04883519
v 0.16310964 1.29352351 0.02037406
v 0.17358538 1.29869823 0.02016173
v 0.02347462 1.19056267 0.08306374
v 0.02168662 1.17050463 0.08483405
v 0.04024792 1.17043904 0.08466182
v 0.03456777 0.98661260 0.07296318
v 0.05012280 0.90733737 0.07348638
v 0.03179494 0.90303357 0.07887945
v 0.02852174 0.87876248 0.08941979
v 0.00164427 0.82613465 0.07199011
v -0.00276748 0.81660472 0.05707670
v -0.00344870 0.80546962 0.03838321
v -0.00471854 0.80225450 0.02856491
v 0.06293246 1.16328961 -0.07736138
v 0.06626374 1.18695280 -0.08098143
v 0.01294581 1.34841715 -0.08303963
v 0.03177285 1.35412240 -0.08918554
v 0.02853359 1.38161596 -0.08192105
v 0.01135554 1.37477010 -0.07586648
v 0.01039026 1.38717325 -0.07233312
v 0.02661568 1.39409563 -0.07797143
v 0.01135270 1.44862193 -0.04498539
v 0.01174860 1.43638251 -0.05256435
v -0.00540701 0.80520161 0.00583276
v -0.00536329 0.80471338 -0.00221229
v -0.00557228 0.79798678 0.01659728
v 0.02137679 0.76336225 0.04330858
v 0.02469491 0.78061965 0.04783683
v 0.00861115 0.78057435 0.03204934
v 0.00734391 0.76598730 0.02442396
v 0.17350507 0.80723190 -0.00215764
v 0.17057861 0.79674191 0.03309520
v 0.07935728 0.78068930 -0.09016459
v 0.29216698 1.22906778 -0.03263396
v 0.27162189 1.24253484 -0.03370769
v 0.27643789 1.24529081 -0.04475591
v 0.29775993 1.23224210 -0.04198863
v 0.06705446 1.25759579 -0.09702364
v 0.07734046 1.23298963 -0.08907396
v 0.08102938 1.43470477 0.00295418
v 0.16222752 1.45120723 0.00487018
v 0.14468694 1.45107843 0.00125218
v 0.14947395 1.43997129 0.02633935
v 0.16438215 1.44141765 0.03053031
v 0.15285829 1.40583375 -0.07356270
v 0.13650521 1.40203933 -0.07848873
v 0.13790522 1.41870770 -0.06664750
v 0.15381163 1.41963744 -0.06137147
v 0.05330776 0.91645179 -0.12112262
v 0.02617307 0.91571698 -0.12035880
v 0.03388763 1.09622284 -0.07208137
v 0.03724628 1.11956504 -0.07475238
v 0.05507409 1.11583960 -0.06957388
v 0.05122184 1.09337949 -0.06492790
v 0.10234758 1.24652470 -0.09011790
v 0.11806632 1.23200483 -0.07875120
v 0.03022895 1.26955598 0.09007473
v 0.04560611 1.27697481 0.09393910
v 0.04561267 1.29471769 0.09072132
v 0.02958172 1.28989670 0.08853240
v 0.26273637 1.28090466 -0.06062228
v 0.26035631 1.26646569 -0.05508059
v 0.24020847 1.27870558 -0.05344087
v 0.24060644 1.28824935 -0.05922320
v 0.14137590 0.80131742 -0.07449115
v 0.16364549 0.81658077 -0.04436447
v 0.13349167 1.13617272 -0.01116667
v 0.12561723 1.11598034 -0.00910688
v 0.11818917 1.12005228 -0.02688711
v 0.12528271 1.14050881 -0.02965228
v 0.15017105 1.18850332 -0.01611304
v 0.14511787 1.17246877 -0.01465326
v 0.15554866 1.20448962 -0.01717680
v 0.20089234 1.30330946 -0.03480713
v 0.19467600 1.29204455 -0.03282328
v 0.19317754 1.29695361 -0.04040589
v 0.04274231 0.76011067 0.06272201
v 0.03634659 0.82993241 0.08103560
v 0.02897500 0.84579138 0.08882219
v -0.00441000 0.80673614 0.00960710
v -0.00438890 0.80519821 0.01170912
v 0.05859656 1.44997141 0.03031830
v 0.06243051 1.45361171 0.01317355
v 0.22585029 1.28617844 -0.02083312
v 0.21750441 1.29661604 -0.02004880
v 0.17959531 1.26827684 -0.01594211
v 0.18751243 1.27497999 -0.01943373
v 0.18340171 1.27884328 -0.00570548
v 0.17454917 1.27316455 -0.00290610
v 0.18105701 1.26742216 -0.02824882
v 0.18789632 1.27504725 -0.03067895
v 0.15508062 1.35562706 0.06801059
v 0.15654012 1.37358997 0.06088469
v 0.14289726 1.37613599 0.06199971
v 0.14244308 1.35927577 0.07070117
v 0.12861700 1.36042442 0.07280916
v 0.12917667 1.37676686 0.06311274
v 0.11374423 1.37694587 0.06454065
v 0.11273432 1.36044572 0.07448674
v 0.08082355 1.42018930 0.02667582
v 0.06658456 1.41355924 0.04306366
v 0.04841292 1.40702348 0.05216394
v 0.03122367 1.40265123 0.05755512
v 0.01191776 1.42434226 -0.05889744
v 0.03187413 1.43138600 -0.06233012
v 0.02593764 1.41853665 -0.06882489
v 0.01048531 1.41167643 -0.06435982
v -0.00452632 1.40794057 -0.06159535
v -0.00458973 1.42088099 -0.05690995
v 0.05221667 1.43534735 0.03971437
v 0.03801070 1.43326537 0.05112169
v 0.02578875 1.42004081 0.05350228
v 0.32921314 1.28303136 0.00658862
v 0.30850633 1.29852017 0.00415557
v 0.06046817 1.46817544 -0.01814011
v 0.06379658 1.46141710 -0.00268073
v 0.33419415 1.28527909 -0.01108318
v 0.31427073 1.30239871 -0.01339640
v 0.13376294 1.41709341 0.04017800
v 0.14894158 1.42181979 0.04415977
v 0.13375082 1.43660528 0.02224516
v 0.04888029 1.44712654 0.04596662
v 0.03485039 1.44504805 0.05691874
v 0.17101213 0.84749546 0.00458060
v 0.16780624 0.83610196 0.03705064
v 0.12116125 1.09010032 0.02703776
v 0.11473691 1.08599199 0.04173108
v 0.00013638 1.12801019 0.08019834
v -0.00031426 1.10804534 0.07905761
v 0.01351863 1.10715038 0.08223788
v 0.01592853 1.12846700 0.08351189
v 0.00380294 1.18801985 0.07966203
v 0.00302808 1.16895115 0.08176779
v 0.00802151 1.45330494 0.07338522
v 0.02592601 1.06035292 0.08539017
v 0.02638895 1.08517674 0.08362763
v 0.01257636 1.08337511 0.08260306
v 0.01260281 1.05536799 0.08418294
v 0.00717434 1.02560391 0.08550497
v 0.00595160 1.01070522 0.08587362
v 0.01154697 0.86264001 0.09723412
v 0.00384222 0.86192333 0.09704176
v 0.24393085 1.32849694 0.02891050
v 0.25265674 1.34068958 0.02092079
v 0.24326869 1.35829815 0.02420999
v 0.23436023 1.34313709 0.03125404
v 0.05251003 1.05950547 0.07623023
v 0.03880664 1.06078213 0.08243610
v 0.15664631 1.29615256 0.03555234
v 0.15310969 1.28641969 0.02004489
v 0.02359144 1.21285121 0.08049519
v 0.06128686 1.28248505 0.09536535
v 0.06282130 1.29802204 0.09215144
v 0.07577694 1.28549684 0.09428716
v 0.07923983 1.30000228 0.09280380
v -0.00407846 0.81295581 -0.00598872
v -0.00424706 0.80737819 0.00444224
v 0.23262454 1.34949777 -0.05976604
v 0.23129185 1.34174538 -0.06318237
v 0.21949837 1.34896842 -0.06550224
v 0.22152533 1.35752681 -0.06223423
v -0.00166900 0.75401305 -0.00120483
v -0.00201599 0.77094898 0.00634587
v 0.01524122 0.80811460 -0.06203430
v -0.00005556 0.81122715 -0.04711934
v -0.00206673 0.81756467 -0.04789986
v -0.00227806 0.82516289 -0.06324783
v 0.06357734 0.69659719 0.07560085
v 0.06576540 0.72747046 0.07996771
v 0.06041001 0.66669162 0.07030565
v 0.05763688 0.63602776 0.06479875
v 0.06091163 0.44232324 0.00720246
v 0.07325175 0.41418073 0.00352299
v 0.08047465 0.32314320 -0.01124693
v 0.08062012 0.28916670 -0.01329966
v 0.08250325 0.25309397 -0.01747739
v 0.08735570 0.17984171 -0.02186578
v 0.08497413 0.21558252 -0.02062696
v 0.33339532 1.28109349 -0.02686037
v 0.33177874 1.27441169 -0.03983669
v 0.31211687 1.29318883 -0.04445125
v 0.31427400 1.30140982 -0.03108176
v 0.25384504 1.26354725 -0.01208910
v 0.27068307 1.24858743 -0.01191215
v 0.27251504 1.25380672 -0.00148534
v 0.25507009 1.26895446 -0.00174208
v 0.28848225 1.23296023 -0.01181526
v 0.26975780 1.24409020 -0.02227260
v 0.28895018 1.22945935 -0.02206847
v 0.30430135 1.23931950 -0.04919438
v 0.28315778 1.25208063 -0.05266519
v 0.28949173 1.26330825 -0.05716636
v 0.31188684 1.24836912 -0.05415150
v 0.32681106 1.26643430 -0.04893953
v 0.32020951 1.25750833 -0.05406873
v 0.29938211 1.27372181 -0.05709893
v 0.30737568 1.28306771 -0.05238193
v 0.29413611 1.24645633 0.02195641
v 0.27592804 1.26306884 0.02111576
v 0.27293631 1.25833275 0.01021471
v 0.29033741 1.24153572 0.01164839
v 0.26054013 1.35080925 0.00670587
v 0.25178713 1.37058731 0.01039419
v 0.18653872 1.32056638 0.02926268
v 0.19331739 1.32230125 0.02326076
v 0.19984286 1.33049665 0.03467941
v 0.19295265 1.33565759 0.04050041
v 0.28027715 1.30800593 0.01930108
v 0.28730274 1.31395074 0.00243698
v 0.27065436 1.33054964 0.00405099
v 0.26419651 1.32341085 0.01947565
v 0.25810622 1.27895417 0.01999884
v 0.23956138 1.29346185 0.02077451
v 0.23679306 1.28721694 0.01099946
v 0.25533123 1.27392809 0.00957647
v 0.23643701 1.27221765 -0.04298469
v 0.25486648 1.25826990 -0.04560414
v 0.22412387 1.32797709 0.03069095
v 0.23373631 1.31590127 0.02895976
v 0.14922330 1.28773995 0.03642342
v 0.16754204 1.26778651 -0.00143949
v 0.16243371 1.26085657 0.00034189
v 0.10768273 1.23991422 0.06997237
v 0.11370042 1.25359514 0.07545425
v 0.14659198 1.24600035 0.01974741
v 0.14357070 1.23021918 0.02685235
v 0.11823028 1.25418149 0.07138072
v 0.11558855 1.24437946 0.06631274
v 0.07627203 1.16730141 0.07994194
v 0.02792409 1.41032462 0.05218149
v 0.24598803 1.30285405 0.02754998
v 0.25564933 1.31402395 0.02802427
v 0.22504969 1.29651545 -0.05638862
v 0.22334743 1.28978034 -0.04939685
v 0.21199312 1.29910539 -0.04574755
v 0.21310485 1.30450279 -0.05279400
v 0.14034444 1.26875426 -0.08724301
v 0.14940856 1.25738546 -0.07652089
v 0.13378310 1.24518023 -0.07815324
v 0.12180826 1.25778112 -0.08885798
v 0.24160342 1.35753160 -0.04874425
v 0.23091881 1.36883534 -0.04948337
v 0.23663833 1.37270722 -0.03921800
v 0.24779359 1.35809945 -0.03957702
v 0.24435203 1.37508167 -0.02531709
v 0.25301316 1.37612183 -0.00830502
v 0.26252503 1.35620282 -0.01067667
v 0.25560721 1.35725942 -0.02659070
v 0.15767206 0.89252650 -0.01305409
v 0.14771948 0.89551323 -0.03794277
v 0.07945596 0.99668067 0.06422811
v 0.09511738 1.00320768 0.05718475
v 0.07333644 0.91877988 0.06982962
v 0.00677450 0.79494859 0.04280944
v 0.02090658 0.80076099 0.06195982
v 0.00017206 0.72767043 -0.00886071
v 0.16354058 0.88582478 0.01154247
v 0.01417986 0.66422029 -0.02201780
v 0.00559533 0.69676319 -0.01559605
v 0.05725835 0.66385017 -0.07081183
v 0.05109422 0.69574375 -0.07083465
v 0.07830246 0.69034289 -0.07444416
v 0.08097766 0.66013805 -0.07451611
v 0.10573239 0.68442559 -0.06909905
v 0.10505557 0.65538697 -0.06816846
v 0.09983215 0.56636063 0.06173632
v 0.10290646 0.34332544 -0.10453043
v 0.12224307 0.30631813 -0.09653014
v 0.10386095 0.30689884 -0.10100878
v 0.12340287 0.34417236 -0.10044996
v 0.13998684 0.37620574 -0.08488035
v 0.14063144 0.34194568 -0.08702806
v 0.14183085 0.29105902 -0.01178542
v 0.10403516 0.26955123 -0.09420658
v 0.12016640 0.26769562 -0.08964453
v 0.13823378 0.30465638 -0.08383179
v 0.13457814 0.26559051 -0.08012987
v -0.00143328 0.78234201 0.01560359
v -0.00146078 0.82747868 -0.07782642
v 0.15127469 0.82256910 0.06631817
v 0.15541124 0.78771940 0.06363027
v 0.06530269 0.82550104 0.08301962
v 0.09162793 0.83786716 0.08214954
v 0.08779767 1.07797217 0.06389301
v 0.07092803 1.07855050 0.06868016
v 0.10179384 1.12218537 0.06741174
v 0.09434652 1.09912703 0.06509039
v 0.10927903 1.10236662 0.05557264
v 0.11646647 1.12455253 0.05736897
v 0.13600806 1.12986058 0.02888718
v 0.12786810 1.10969756 0.02807948
v 0.12740705 1.11297736 0.01057594
v 0.13538246 1.13310823 0.00928893
v 0.11647811 1.09615497 -0.00574650
v 0.12016175 1.09330100 0.01150016
v 0.07760354 1.13516839 -0.06685188
v 0.08224661 1.15796852 -0.07008141
v 0.09904974 1.15246825 -0.05908162
v 0.09325780 1.13045729 -0.05488065
v 0.02011844 0.85727634 0.09503368
v -0.00194508 0.79450369 0.03017781
v 0.06840343 0.75673448 0.08109192
v 0.09847949 0.78311041 0.08955439
v 0.12982713 0.78337705 0.08489999
v 0.21674677 1.30041877 -0.00962408
v 0.17258467 1.28438552 -0.06604973
v 0.17147724 1.29811782 -0.07261436
v 0.27411160 1.33709757 -0.01446031
v 0.26958087 1.34120175 -0.03102754
v 0.22449441 1.30580517 0.02324111
v 0.23577115 1.37414808 0.02800372
v 0.21945516 1.36918465 0.04140662
v 0.22729589 1.35636901 0.03623178
v 0.10535576 0.90859132 0.06694312
v 0.11405908 0.87991366 0.07261117
v 0.13808721 0.89250033 0.06177219
v -0.00255180 0.81055937 -0.03117097
v -0.00181625 0.81651120 -0.03721013
v 0.04199426 0.81219535 0.07646850
v 0.02641296 0.60314571 -0.02902996
v 0.02114200 0.63319622 -0.02520983
v 0.03062995 0.57406761 -0.03358338
v 0.03418075 0.54560111 -0.03766397
v 0.03779635 0.51637191 -0.04246140
v 0.04441594 0.48759835 -0.04735000
v 0.05505279 0.45810732 -0.04940256
v 0.06038756 0.42856805 -0.05706925
v 0.04907863 0.36530487 -0.05831227
v 0.05728933 0.39974101 -0.06735612
v 0.05457541 0.36854121 -0.07451627
v 0.05420103 0.33597560 -0.07911257
v 0.06662391 0.26655476 -0.07558282
v 0.05826105 0.30209922 -0.07951938
v 0.07098424 0.22964455 -0.07244460
v 0.07303608 0.19258343 -0.07133837
v -0.00397498 0.81121864 -0.00790983
v -0.00313523 0.81108798 -0.01848253
v 0.11675904 1.41019114 0.03475648
v 0.16730558 1.28287982 0.00817384
v 0.17659757 1.28769027 0.00708560
v 0.21440157 1.31512407 0.02666182
v -0.00153592 0.83171992 -0.09250405
v -0.00200524 0.83915175 -0.10564964
v 0.28761398 1.29849339 -0.05573157
v 0.29203012 1.31064427 -0.04977168
v 0.22120156 1.29985230 0.01222365
v 0.18454236 1.30831886 0.01623291
v 0.19216715 1.31714211 0.01098396
v 0.49101942 1.13382229 -0.01099819
v 0.50237073 1.11533517 -0.01198607
v 0.50451346 1.11855736 -0.02384174
v 0.49213528 1.13671287 -0.02428871
v 0.48471282 1.12769249 -0.00128303
v 0.49583078 1.10960392 -0.00396165
v 0.44073107 1.09074128 -0.01680232
v 0.45741215 1.07651675 -0.02288560
v 0.46212978 1.08152673 -0.01170390
v 0.44638658 1.09655506 -0.00566402
v 0.49970033 1.08645183 -0.00319832
v 0.48729619 1.10309847 0.00049026
v 0.47801164 1.09585611 -0.00043597
v 0.49146862 1.07961675 -0.00527883
v 0.43963928 1.09050722 -0.04704387
v 0.42243274 1.10373677 -0.04217550
v 0.42715160 1.11040711 -0.05447064
v 0.44465613 1.09739389 -0.05783005
v 0.38018295 1.15764804 0.00633905
v 0.36985839 1.17200428 0.01124699
v 0.36396247 1.16299372 0.00314623
v 0.37438629 1.14888198 -0.00224319
v 0.46754057 1.17150089 -0.00934698
v 0.47945788 1.15255659 -0.01008647
v 0.47926954 1.15496228 -0.02455076
v 0.46529431 1.17278215 -0.02427830
v 0.43870725 1.14847321 0.01140009
v 0.42403564 1.16806838 0.01232078
v 0.41157157 1.15878616 0.00949360
v 0.42595104 1.13920292 0.00808351
v 0.44879268 1.18944622 -0.02427485
v 0.45394206 1.19129012 -0.00967071
v 0.46473772 1.11259292 0.00506127
v 0.45196241 1.13005256 0.00914893
v 0.44010223 1.12099996 0.00561663
v 0.45440705 1.10459819 0.00097140
v 0.47508589 1.06538910 -0.05343133
v 0.45714357 1.07775548 -0.05096530
v 0.46213510 1.08437985 -0.06058330
v 0.47967929 1.07149614 -0.06226303
v 0.48391769 1.07295836 -0.00951075
v 0.46909651 1.08867439 -0.00473523
v 0.47791217 1.06672930 -0.01671975
v 0.51186054 1.09879097 -0.04707144
v 0.49705594 1.11564794 -0.04955184
v 0.50214658 1.11862479 -0.03693312
v 0.51607717 1.10157601 -0.03551103
v 0.40785973 1.12147046 -0.00361462
v 0.42389666 1.10551589 -0.00996506
v 0.43054505 1.11224696 0.00008240
v 0.41536973 1.12956367 0.00398502
v 0.46169618 1.16558692 0.00343080
v 0.47340789 1.14640317 0.00153748
v 0.48135941 1.13230779 -0.05165838
v 0.46468695 1.14860663 -0.05235318
v 0.47313811 1.15286197 -0.03815043
v 0.48829090 1.13596442 -0.03770412
v 0.43599956 1.15468193 -0.06106116
v 0.45419482 1.14072530 -0.06206455
v 0.44302273 1.13025860 -0.06407912
v 0.42493951 1.14353473 -0.06246255
v 0.38861520 1.13331939 -0.01017730
v 0.39335040 1.14019743 0.00143518
v 0.40549420 1.11752082 -0.03543382
v 0.38835853 1.13116298 -0.02688965
v 0.39242083 1.13592577 -0.04265619
v 0.40984552 1.12343290 -0.04962335
v 0.41148985 1.21240834 0.01173119
v 0.42388226 1.19715498 0.01169565
v 0.43468776 1.20567188 0.00297723
v 0.42077025 1.22072125 0.00110563
v 0.43788468 1.20913886 -0.01197856
v 0.42205173 1.22269660 -0.01445377
v 0.38788373 1.23452013 -0.03071479
v 0.40006237 1.22713328 -0.02900495
v 0.38835766 1.21937635 -0.03630517
v 0.37783019 1.22696235 -0.03888856
v 0.39793974 1.17706673 -0.06107963
v 0.41704882 1.16713129 -0.06166688
v 0.40613449 1.15517784 -0.06008388
v 0.38759966 1.16488341 -0.05572207
v 0.36585511 1.16487622 -0.04014755
v 0.38086780 1.15532540 -0.04614125
v 0.37618775 1.14794534 -0.03415686
v 0.36252530 1.15817335 -0.02733211
v 0.32311079 1.20439384 -0.02427248
v 0.33476474 1.19248150 -0.02645036
v 0.33300871 1.19203598 -0.01487528
v 0.32185826 1.20529258 -0.01390759
v 0.33454511 1.20137575 0.00948073
v 0.33914721 1.20703313 0.01949770
v 0.32668763 1.21798491 0.02150074
v 0.32272073 1.21281704 0.01065833
v 0.36602106 1.25221832 0.00708584
v 0.37758577 1.24249314 0.00822654
v 0.38400859 1.24834273 -0.00557189
v 0.37152673 1.25655991 -0.00819529
v 0.38172117 1.18469352 -0.05917639
v 0.36969686 1.17354364 -0.05125452
v 0.34510831 1.18899992 0.00839877
v 0.35428962 1.17586644 0.00603848
v 0.35941585 1.18431989 0.01435530
v 0.34998691 1.19661506 0.01692613
v 0.36571169 1.21559909 0.01848557
v 0.37681974 1.20417410 0.01534806
v 0.38759447 1.21348472 0.01476483
v 0.37694877 1.22421679 0.01560985
v 0.38810407 1.23431937 0.00975273
v 0.39958852 1.22382266 0.01125523
v 0.40781093 1.23182268 -0.00028491
v 0.39513697 1.24120530 -0.00252846
v 0.37131351 1.19105923 -0.05744593
v 0.36266467 1.19575666 -0.05596130
v 0.37098736 1.20621333 -0.05332278
v 0.38031856 1.20195468 -0.05387276
v 0.35118512 1.16773444 -0.02246964
v 0.35373849 1.17302905 -0.03508690
v 0.38693124 1.19106641 0.01245255
v 0.36797680 1.19365735 0.01733383
v 0.37742433 1.18119962 0.01369136
v 0.40809136 1.23290229 -0.01608850
v 0.32650640 1.20603580 -0.03343438
v 0.31214047 1.21589962 -0.03224541
v 0.31666661 1.21984111 -0.04022466
v 0.33040411 1.20964181 -0.04127075
v 0.30929478 1.21463648 -0.02284220
v 0.30837687 1.21706550 -0.01236937
v 0.31252923 1.23054126 0.02215139
v 0.30866450 1.22555610 0.01166686
v 0.31995732 1.23894597 0.02762781
v 0.33470182 1.22655276 0.02638270
v 0.34367221 1.23571820 0.02530137
v 0.32845087 1.24906741 0.02787514
v 0.34899407 1.26711325 0.00796708
v 0.35370269 1.26949555 -0.00908942
v 0.36860803 1.25190979 -0.02204997
v 0.35178392 1.26356768 -0.02363224
v 0.33330908 1.19593018 -0.00237638
v 0.34275146 1.18293533 -0.00412869
v 0.47178632 1.12561129 -0.06188298
v 0.48860288 1.10979122 -0.06021449
v 0.47838388 1.10171682 -0.06520908
v 0.46071695 1.11611660 -0.06516189
v 0.46912002 1.09286997 -0.06534906
v 0.48658053 1.07941835 -0.06532395
v 0.46384675 1.13861853 0.00816105
v 0.47564594 1.12054249 0.00451037
v 0.50781849 1.09281375 -0.00523663
v 0.39797248 1.20110601 0.01397619
v 0.40938284 1.18673000 0.01282939
v 0.37064769 1.22023842 -0.04864590
v 0.36193206 1.22617798 -0.05033865
v 0.36820733 1.23302455 -0.04129530
v 0.39304835 1.19767559 -0.05348837
v 0.40005684 1.20865991 -0.03812882
v 0.42009077 1.19723492 -0.03705021
v 0.41057639 1.18913889 -0.05223219
v 0.35524084 1.20082224 -0.05314072
v 0.34677641 1.20745475 -0.05009660
v 0.35440904 1.21682183 -0.05290069
v 0.36296106 1.21091888 -0.05331162
v 0.35495112 1.24460458 0.01895628
v 0.36609520 1.23364899 0.01655262
v 0.34500653 1.25091157 -0.04680305
v 0.34929425 1.25657501 -0.03637772
v 0.36334490 1.24576995 -0.03323451
v 0.35787733 1.24015209 -0.04344646
v 0.37562946 1.23965576 -0.03185655
v 0.33792107 1.24336779 -0.05294050
v 0.35153757 1.23349383 -0.05158438
v 0.33912829 1.25929525 0.02182749
v 0.33599622 1.21610129 -0.04878487
v 0.32245594 1.22622277 -0.04819975
v 0.33010178 1.23467012 -0.05326301
v 0.34387856 1.22457304 -0.05285650
v 0.45178086 1.10648974 -0.06390831
v 0.43420349 1.11990805 -0.06174544
v 0.36111714 1.15671315 -0.01150435
v 0.37226827 1.14389380 -0.01807518
v 0.35128936 1.16911783 -0.00705483
v 0.43806208 1.08814988 -0.03174863
v 0.45538172 1.07482894 -0.03696544
v 0.40420621 1.11669710 -0.01787525
v 0.42118911 1.10200725 -0.02539382
v 0.44736617 1.16393216 -0.05200285
v 0.34650659 1.18582907 -0.04043093
v 0.35568165 1.17876293 -0.04469500
v 0.34315369 1.18099162 -0.03104565
v 0.30787875 1.22195449 -0.00075977
v 0.32180202 1.20889168 -0.00192627
v 0.36515641 1.18337932 -0.05544501
v 0.28942399 1.23782576 -0.00085928
v 0.41366661 1.21748135 -0.02800955
v 0.38219854 1.24565953 -0.02036757
v 0.39467506 1.24017858 -0.01790857
v 0.51744475 1.10154766 -0.02298068
v 0.45109801 1.15726935 0.01031875
v 0.39775561 1.17701351 0.01039642
v 0.38815595 1.16711035 0.00937886
v 0.33778806 1.19584153 -0.03546377
v 0.34119956 1.19997268 -0.04317435
v 0.34940826 1.19160913 -0.04785936
v 0.34696176 1.21553299 0.02418234
v 0.35533131 1.22532179 0.02168182
v 0.47327642 1.06254074 -0.04070092
v 0.35826884 1.20535909 0.02129305
v 0.43080607 1.20504944 -0.02579307
v 0.01223470 1.36190544 -0.07948284
v -0.00429503 1.34591233 -0.08055928
v -0.00415278 1.35878824 -0.07696650
v 0.13934178 1.21422051 0.03414055
v 0.10691710 1.18793367 0.07001221
v 0.11971790 1.19178039 0.06040877
v 0.15929818 1.27691137 0.00864390
v 0.15429220 1.26904517 0.01043846
v 0.19471154 1.31031515 -0.00174419
v 0.18643683 1.29893639 0.00283480
v 0.13950877 1.25475071 0.03120883
v 0.08134389 1.61655531 0.01364373
v 0.07921264 1.60891829 0.01108261
v 0.08336756 1.63062111 0.01382093
v 0.00652368 1.04189714 0.08267376
v -0.00168194 1.00709941 0.08539463
v -0.00212391 0.99268837 0.08156475
v 0.08134596 1.60019089 0.02690062
v 0.07892375 1.59367644 0.02207848
v 0.08334655 1.59666661 0.02567994
v 0.08154407 1.60227262 0.02895210
v 0.08108282 1.60125845 0.02858228
v 0.08438604 1.63375775 0.02420665
v 0.07657386 1.60024925 0.01061977
v 0.07434242 1.59053552 0.01207124
v 0.08256566 1.62011199 0.02842484
v 0.03220667 1.02622129 -0.06093453
v 0.03639830 1.01069795 -0.06779091
v 0.01779030 1.00771558 -0.07181505
v 0.01527155 1.02267657 -0.06638460
v -0.00468180 0.99530473 -0.08271074
v -0.00411066 1.00687499 -0.07332382
v 0.02162063 0.99340559 -0.08123685
v 0.11809066 0.96725136 -0.06160742
v 0.11176646 0.98663450 -0.05503622
v 0.12277606 0.98903058 -0.03509432
v 0.12942563 0.97072560 -0.04022557
v 0.12163463 1.00460357 -0.00970277
v 0.12994484 0.98928895 -0.01298603
v 0.11422857 1.00521742 -0.02985137
v 0.12453851 1.00154867 0.01127695
v 0.13246836 0.98630657 0.00926811
v 0.12330453 0.99459026 0.02982078
v 0.13063092 0.97851363 0.02936885
v 0.12365411 0.96984882 0.04626598
v 0.11028801 0.96042606 0.05897260
v 0.09699397 0.93273711 0.06615487
v 0.09096486 0.95071106 0.06693960
v 0.06914357 0.94213928 0.07088312
v 0.05004196 0.93340324 0.07279101
v 0.03392632 0.92816582 0.07608585
v 0.02012228 0.92339062 0.07947479
v 0.00808577 0.92110869 0.08171383
v -0.00288603 0.91974678 0.08247647
v -0.00341452 0.89750317 0.08738010
v 0.11467801 1.39282454 0.05109388
v 0.08181603 1.44937108 -0.05062107
v 0.10266729 1.45356729 -0.03016608
v 0.09184624 1.44624661 -0.05088188
v 0.11684139 1.39493306 -0.08414382
v 0.09512779 1.38447197 -0.09081768
v 0.09481474 1.40154100 -0.08296238
v 0.11795818 1.41281805 -0.07379839
v 0.07036181 1.43765471 -0.06226058
v 0.06590288 1.44045817 -0.06029769
v 0.07635073 1.43329738 -0.06517531
v 0.06081215 1.42190222 -0.07455312
v 0.04178298 1.41433409 -0.07670446
v 0.15841215 1.44791359 -0.02223366
v 0.17607267 1.44749746 -0.01849979
v 0.17007446 1.43506282 -0.04044529
v 0.15620426 1.43655753 -0.04484951
v 0.15191206 1.39057272 -0.08198147
v 0.16457744 1.39310864 -0.07852041
v 0.16389691 1.37828991 -0.08309652
v 0.15119467 1.37419590 -0.08590176
v 0.21830071 1.42129057 -0.00918807
v 0.23127391 1.40778546 -0.00766224
v 0.22312395 1.40602373 -0.02789859
v 0.21082523 1.41761177 -0.03028210
v 0.16490333 1.40606714 -0.06992883
v 0.09004682 1.26348737 -0.09963056
v 0.11134487 1.27276700 -0.09751646
v 0.12944549 1.28147268 -0.09514126
v 0.16933788 1.31336361 -0.07752226
v 0.16313445 1.28705432 -0.07802775
v 0.16024082 1.30257646 -0.08334861
v 0.17639053 1.32409399 -0.07311820
v 0.18099674 1.32935689 -0.06750010
v 0.21035235 1.38156657 0.04490672
v 0.20108198 1.35665230 0.04876535
v 0.20869940 1.34823297 0.04230901
v 0.19277663 1.33049217 -0.05753450
v 0.19441318 1.32441005 -0.05436598
v 0.18692935 1.32245007 -0.05496138
v 0.18564290 1.33001461 -0.05845791
v 0.14053425 1.44667201 -0.02581068
v 0.21617997 1.39940550 -0.04352283
v 0.20963045 1.39077416 -0.05455180
v 0.19766459 1.39829137 -0.05787563
v 0.20421811 1.40832338 -0.04597668
v 0.20479834 1.38244616 -0.06318522
v 0.20001976 1.37273380 -0.06965737
v 0.19060537 1.37722883 -0.07362363
v 0.19456101 1.38867179 -0.06699733
v 0.19343861 1.33725630 -0.06114881
v 0.18462121 1.33776133 -0.06242038
v 0.24328405 1.38755031 0.01264326
v 0.19637960 1.44342522 0.01234291
v 0.17999436 1.45012428 0.00895532
v 0.17962064 1.43773028 0.03349547
v 0.19361527 1.42881238 0.03446384
v 0.20677302 1.30653708 -0.00644913
v 0.20943878 1.30263986 -0.01837563
v 0.20949401 1.30094074 -0.02862046
v 0.19107587 1.30448082 -0.04674181
v 0.20838268 1.30077494 -0.03653251
v 0.20598166 1.32322082 0.03004830
v 0.21630592 1.33850755 0.03527852
v 0.17586857 1.41549105 0.04824058
v 0.18801492 1.40588691 0.04725626
v 0.24244936 1.39316622 -0.00773874
v 0.23397866 1.39166422 -0.02652832
v 0.21246298 1.31531908 -0.05981589
v 0.20316917 1.31934487 -0.05656743
v 0.20281854 1.32509133 -0.05932250
v 0.18389094 1.29511227 -0.05298297
v 0.18843751 1.31438438 -0.05114828
v 0.19174120 1.44177915 -0.01426768
v 0.22018507 1.37976457 -0.05232463
v 0.22592433 1.38705219 -0.04182263
v 0.18463939 1.39139492 -0.07127160
v 0.17493614 1.39258075 -0.07530976
v 0.17667544 1.40567991 -0.06532864
v 0.18723751 1.40297112 -0.06116259
v 0.20837516 1.35667636 -0.06803525
v 0.21114242 1.36637050 -0.06570913
v 0.17357975 1.37865632 -0.08096113
v 0.18225617 1.37893274 -0.07764104
v 0.20309808 1.33152146 -0.06243790
v 0.16341767 1.42132979 0.04717060
v 0.14560277 1.39771982 0.05310302
v 0.15984099 1.39699022 0.05463621
v 0.17151825 1.39032336 0.05508654
v 0.18300856 1.38021013 0.05438542
v 0.19340331 1.36715208 0.05268557
v 0.13082223 1.39476737 0.05102107
v 0.35792395 1.18582181 -0.05245571
v 0.21374231 1.31016851 -0.05703916
v 0.22313859 1.31110168 -0.06194712
v 0.22444212 1.30398119 -0.05985127
v 0.27785551 1.28892155 -0.05944691
v 0.00604929 1.54063490 0.14861712
v 0.00641403 1.53404421 0.14505327
v 0.00442486 1.56788574 0.15013417
v 0.00474350 1.56376742 0.15124628
v 0.37940297 1.21424284 -0.04642472
v 0.38655525 1.20920851 -0.04638909
v 0.42895454 1.17752222 -0.05149309
v 0.43940270 1.18436752 -0.03754846
v 0.45700585 1.16936004 -0.03806875
v 0.44881393 1.18594432 0.00443643
v 0.43758901 1.17741589 0.01167454
v 0.40110268 1.14878817 0.00661712
v 0.39837070 1.14452545 -0.05301296
v 0.54016727 1.06503277 -0.01047061
v 0.55196228 1.04744865 -0.01102650
v 0.55647875 1.05140810 -0.02029821
v 0.54275780 1.06752819 -0.02129559
v 0.56387813 1.03057059 -0.00879308
v 0.54460861 1.04145259 -0.00769417
v 0.55547548 1.02393803 -0.00752691
v 0.53676922 1.03582631 -0.01049479
v 0.54800312 1.01902016 -0.01186288
v 0.54184044 1.01485507 -0.01777152
v 0.53004125 1.03067314 -0.01523630
v 0.52527727 1.02572338 -0.02087617
v 0.53807594 1.01123766 -0.02413267
v 0.50825724 1.03731663 -0.02496725
v 0.50660852 1.03573082 -0.03511808
v 0.52255531 1.02248351 -0.03827396
v 0.52294136 1.02277371 -0.02866786
v 0.54067747 1.01573178 -0.05674631
v 0.52590808 1.02756774 -0.05742313
v 0.53085839 1.03323396 -0.06170270
v 0.54532396 1.02089795 -0.05957505
v 0.52943127 1.05925031 -0.06088478
v 0.54563025 1.04581961 -0.06054125
v 0.53774076 1.03967075 -0.06202525
v 0.52111103 1.05274739 -0.06354803
v 0.56071992 1.03360135 -0.06218849
v 0.55125569 1.04946852 -0.05402643
v 0.56653763 1.03755121 -0.05474255
v 0.52039038 1.07608156 -0.00561615
v 0.52728260 1.08171981 -0.01154837
v 0.51411042 1.09812043 -0.01235375
v 0.51752760 1.04691315 -0.01170554
v 0.52460076 1.05288105 -0.00747152
v 0.51225357 1.06972287 -0.00565163
v 0.50451065 1.06349465 -0.00867566
v 0.47375906 1.06275612 -0.02758121
v 0.49067124 1.04940798 -0.03163169
v 0.49301550 1.05219248 -0.02106393
v 0.51180600 1.04131891 -0.01727370
v 0.49782540 1.05725312 -0.01376574
v 0.50707975 1.03684704 -0.04651038
v 0.52335984 1.02414643 -0.04871684
v 0.54190044 1.06723598 -0.03289126
v 0.55553582 1.05110177 -0.03190250
v 0.55408063 1.05052424 -0.04355064
v 0.53988024 1.06613038 -0.04377056
v 0.49072235 1.04988304 -0.04388019
v 0.52909293 1.08436655 -0.03398765
v 0.52621536 1.08241529 -0.04512371
v 0.53625124 1.06393305 -0.05406519
v 0.52102669 1.07890491 -0.05571820
v 0.56996243 1.03774312 -0.03074943
v 0.56990916 1.03606919 -0.01816841
v 0.53055055 1.08489265 -0.02188571
v 0.50917413 1.03997876 -0.05695977
v 0.49235719 1.05273501 -0.05549534
v 0.49696991 1.05861718 -0.06303936
v 0.51412529 1.04586551 -0.06311743
v 0.49574032 1.08715913 -0.06400493
v 0.51280697 1.07296919 -0.06212939
v 0.50400856 1.06596356 -0.06450946
v 0.55231750 1.02693105 -0.06180053
v 0.50512528 1.09411819 -0.05783409
v 0.60078690 0.94516901 -0.02083343
v 0.60355761 0.94060812 -0.01089012
v 0.59368493 0.94444746 -0.00897224
v 0.59119126 0.94960195 -0.01965937
v 0.57166113 0.95373529 -0.00153796
v 0.57887814 0.94879077 0.00869811
v 0.57594198 0.95715817 0.01545090
v 0.56765485 0.96319709 0.00636119
v 0.60743013 0.93934104 -0.00163895
v 0.59712292 0.94190262 0.00008695
v 0.61028315 0.94425833 0.00485896
v 0.61696576 0.93767764 -0.00261040
v 0.62179389 0.94359110 0.00148219
v 0.63041708 0.94037150 -0.00059986
v 0.63583816 0.94844939 -0.00442554
v 0.62568047 0.95617295 -0.00043058
v 0.62874130 0.96921695 -0.02658415
v 0.63849489 0.95695889 -0.02643649
v 0.63677159 0.95950589 -0.03808304
v 0.62637366 0.97140447 -0.03784399
v 0.62545635 0.96222099 -0.05762566
v 0.61629022 0.97358687 -0.05568097
v 0.62176467 0.97247272 -0.04687558
v 0.63184520 0.96003350 -0.04784746
v 0.59825331 0.95214683 -0.03624628
v 0.59909935 0.94992695 -0.02993330
v 0.59015733 0.95517540 -0.02985401
v 0.58922395 0.95814179 -0.03669519
v 0.61074382 0.94965802 0.01597728
v 0.60928399 0.94556615 0.01398234
v 0.61500070 0.95090786 0.00690797
v 0.61319444 0.95818872 0.00866228
v 0.56363401 0.97204808 -0.04855939
v 0.56417526 0.97286130 -0.04051473
v 0.55804111 0.98281219 -0.03733617
v 0.55664172 0.98297125 -0.04604417
v 0.55816512 0.97573902 -0.01016677
v 0.56412323 0.98782921 -0.00228194
v 0.56030897 0.99365313 -0.00807050
v 0.55727543 0.98254109 -0.01808977
v 0.56145369 0.96942177 -0.00228817
v 0.57303575 0.97371683 0.01104892
v 0.56735288 0.98124354 0.00417306
v 0.58050621 0.96558582 0.01928580
v 0.55686219 0.98652685 -0.05628058
v 0.56138792 0.97800397 -0.06099568
v 0.65928896 0.89512694 -0.00542402
v 0.65558562 0.90000321 -0.00501428
v 0.65503845 0.89842744 -0.01063752
v 0.65887351 0.89360626 -0.01094934
v 0.57285813 0.99287984 -0.06992550
v 0.56673620 0.99749238 -0.06691892
v 0.57438996 1.00345692 -0.06661003
v 0.58067514 0.99838011 -0.06707731
v 0.58037249 0.98678380 -0.07346279
v 0.58865296 0.99197782 -0.06800029
v 0.67157985 0.90310821 -0.00389748
v 0.66816851 0.90878702 -0.00439172
v 0.66381727 0.90621158 -0.00177866
v 0.66705778 0.90063706 -0.00166024
v 0.60922517 0.93995805 -0.02038842
v 0.61200476 0.93624067 -0.01091462
v 0.62708480 0.92447203 -0.01382889
v 0.62745313 0.92683093 -0.00726916
v 0.61994796 0.93163192 -0.00914571
v 0.61823545 0.93283369 -0.01923487
v 0.61358856 0.93953405 -0.04011956
v 0.61664257 0.93594231 -0.03252381
v 0.60856746 0.94367726 -0.03246773
v 0.60574020 0.94704347 -0.04034895
v 0.60088105 0.94772097 -0.05268523
v 0.59897486 0.94637003 -0.05909210
v 0.60627143 0.94077298 -0.06021007
v 0.60902606 0.94111017 -0.05316974
v 0.62585566 0.92704969 -0.04759706
v 0.62458047 0.92804277 -0.05340651
v 0.63339862 0.92312159 -0.05370030
v 0.63453732 0.92165172 -0.04846931
v 0.56172410 1.00306061 -0.06424349
v 0.56886555 1.00940388 -0.06585899
v 0.61236335 0.96338520 -0.07530886
v 0.61892755 0.95591651 -0.07893278
v 0.61013082 0.95342039 -0.08541551
v 0.60352715 0.96096054 -0.08165174
v 0.58808721 1.00156940 -0.06026857
v 0.58211997 1.00752330 -0.06084075
v 0.67443963 0.90397327 -0.00917486
v 0.67114748 0.90977693 -0.00968230
v 0.59018769 0.97158223 0.01797032
v 0.58343925 0.98126136 0.00910475
v 0.57779912 0.98937009 0.00180140
v 0.57379570 0.99569571 -0.00324343
v 0.56984434 1.00166704 -0.00565852
v 0.62227212 0.92917736 -0.02437559
v 0.60556526 0.94488776 -0.02811866
v 0.59689524 0.95365589 -0.04091322
v 0.58616185 0.95176089 -0.07097890
v 0.58925132 0.95050676 -0.06333375
v 0.58286984 0.95479190 -0.06041841
v 0.57946665 0.95746222 -0.07062369
v 0.59616090 0.95518877 -0.08286513
v 0.60308238 0.94807693 -0.08528526
v 0.60042588 0.94305186 -0.08025361
v 0.59345998 0.94908134 -0.07846290
v 0.61111090 0.95373864 0.02015901
v 0.60887535 0.96342187 0.01260096
v 0.56582646 0.98570976 -0.06812271
v 0.56073709 0.99171485 -0.06343372
v 0.55667700 0.99833052 -0.05942803
v 0.57623792 0.96525776 -0.03942404
v 0.57719915 0.96341307 -0.03509650
v 0.56382899 0.97006163 -0.02976680
v 0.56423073 0.97259734 -0.03567444
v 0.57881363 0.95291416 -0.01767551
v 0.58230110 0.94734238 -0.00658305
v 0.56660355 0.95949837 -0.01253977
v 0.55769789 0.98248258 -0.02964751
v 0.55389127 0.99136496 -0.02738195
v 0.55400770 0.99168877 -0.03594301
v 0.55330247 0.99243431 -0.04470947
v 0.55379790 0.99470125 -0.05319577
v 0.54819056 0.99973966 -0.02675307
v 0.54761331 0.99910706 -0.03505433
v 0.54814919 1.00061982 -0.04392993
v 0.54869511 1.00261170 -0.05179239
v 0.57073970 1.02399800 -0.06233494
v 0.57640076 1.01481118 -0.06150358
v 0.56261872 1.01718769 -0.06395610
v 0.55575243 1.00429704 -0.01020010
v 0.55115613 1.00183638 -0.01899678
v 0.55559500 0.99227958 -0.01819792
v 0.56417987 1.00965301 -0.00676890
v 0.58484531 0.94575624 0.01620852
v 0.59189919 0.94280935 0.01064940
v 0.59579865 0.93990268 0.01684331
v 0.59021856 0.94211538 0.02225428
v 0.62473237 0.93497816 -0.00277528
v 0.63164232 0.93058438 -0.00281348
v 0.63752231 0.93545240 -0.00193787
v 0.56713479 0.97048790 -0.06583180
v 0.56956866 0.96581536 -0.05458224
v 0.62908403 0.92268860 -0.01973069
v 0.66360529 0.91517905 -0.00493229
v 0.65531940 0.92530285 -0.00530225
v 0.64994059 0.92220730 -0.00249873
v 0.65910403 0.91228414 -0.00203057
v 0.63894319 0.91867858 -0.02339659
v 0.64623142 0.91417173 -0.02157491
v 0.64146751 0.91316664 -0.01699294
v 0.63518484 0.91876551 -0.01780739
v 0.62195284 0.92899273 -0.06032023
v 0.62919484 0.92493049 -0.06042840
v 0.64493391 0.94213391 -0.02659281
v 0.63909243 0.95514717 -0.01444095
v 0.64650396 0.94480223 -0.01469238
v 0.61127774 0.94089880 -0.04698451
v 0.61677353 0.93426660 -0.05338042
v 0.61847078 0.93368288 -0.04737199
v 0.62511995 0.92678536 -0.02699030
v 0.62253147 0.92992353 -0.03234500
v 0.62900484 0.92462040 -0.03118097
v 0.63052651 0.92239492 -0.02486751
v 0.58637534 0.96238895 -0.08029445
v 0.59602292 0.97035413 -0.07885126
v 0.65913226 0.90307005 -0.00202209
v 0.66261318 0.89786160 -0.00232862
v 0.55577548 1.01076598 -0.06065428
v 0.55100647 1.00598750 -0.05712640
v 0.60330210 0.94813463 -0.04644389
v 0.62864921 0.96499349 -0.01399351
v 0.59456990 0.95436900 -0.04584095
v 0.63243070 0.94293455 -0.06758852
v 0.63872742 0.93702688 -0.06835893
v 0.63333680 0.93273018 -0.07002423
v 0.62733410 0.93824293 -0.07173506
v 0.65589445 0.90626070 -0.02049405
v 0.66182501 0.90121384 -0.01992303
v 0.65749574 0.89886444 -0.01626636
v 0.65137452 0.90420173 -0.01631299
v 0.63328705 0.92019757 -0.01236192
v 0.63956162 0.91380144 -0.01144111
v 0.64052708 0.91593230 -0.00607904
v 0.63376233 0.92256650 -0.00663503
v 0.63777210 0.92585255 -0.00330537
v 0.64469598 0.91901473 -0.00312320
v 0.66191442 0.91018493 -0.02129599
v 0.65283418 0.91799674 -0.02230002
v 0.65739113 0.92412296 -0.01863398
v 0.66611180 0.91449499 -0.01708727
v 0.60743954 0.98488929 -0.05378855
v 0.61072405 0.97372175 -0.06479422
v 0.60234938 0.98459261 -0.06232713
v 0.63386519 0.95166423 -0.05936846
v 0.62518455 0.95134744 -0.06903181
v 0.61902096 0.96294771 -0.06719659
v 0.60486577 0.97327272 -0.07223266
v 0.64493506 0.92683200 -0.02956207
v 0.64857510 0.93238483 -0.03125904
v 0.64904707 0.93125217 -0.02218772
v 0.59094583 0.95376681 -0.05283437
v 0.65419831 0.90905074 -0.00232481
v 0.59058673 1.00596876 -0.01538020
v 0.59581703 0.99826529 -0.01433620
v 0.60112613 1.00164051 -0.02847807
v 0.59419363 1.00973165 -0.02761455
v 0.64932377 0.90410633 -0.01062915
v 0.65014771 0.90558878 -0.00512326
v 0.62134930 0.92964532 -0.06757639
v 0.62406680 0.93046935 -0.07312502
v 0.62960072 0.92792679 -0.07076340
v 0.62818276 0.92656097 -0.06628404
v 0.59692305 0.98352646 -0.06974472
v 0.62318261 0.95050968 -0.08238736
v 0.61528409 0.94699201 -0.08838204
v 0.59474008 0.99441089 -0.06077690
v 0.59371889 1.00333575 -0.05088913
v 0.59977224 0.99531581 -0.05213324
v 0.64053150 0.94535000 -0.04812595
v 0.61226149 0.98420320 -0.04580864
v 0.60405022 0.99487806 -0.04407298
v 0.59768773 1.00379680 -0.04143677
v 0.59234076 1.01104688 -0.04032606
v 0.58830720 1.00995445 -0.05066281
v 0.66660151 0.91633556 -0.01048981
v 0.67102519 0.90834816 -0.01608900
v 0.57576859 1.02705186 -0.05292382
v 0.58212282 1.01760261 -0.05116084
v 0.57810866 1.02721937 -0.04129763
v 0.58613032 1.01866301 -0.04042438
v 0.60910861 0.99151894 -0.02542724
v 0.60758864 0.99362928 -0.03509747
v 0.61862269 0.98049503 -0.02644180
v 0.61633797 0.98303737 -0.03717174
v 0.64539255 0.94770662 -0.03803482
v 0.67702997 0.89275645 -0.01793606
v 0.67296289 0.88996660 -0.01913266
v 0.66666334 0.89632400 -0.01970717
v 0.67151589 0.89944085 -0.01882626
v 0.66708359 0.90473385 -0.01996455
v 0.67470736 0.90273645 -0.01523320
v 0.61831380 0.97588125 -0.01353978
v 0.63657732 0.92051512 -0.03044935
v 0.60490075 0.98605482 -0.01041861
v 0.60835084 0.97440802 0.00354090
v 0.61799067 0.96793527 0.00005087
v 0.59420556 0.98596623 0.00290534
v 0.58834396 0.99546191 -0.00324989
v 0.57864430 1.00771145 -0.00798499
v 0.58317954 1.00198510 -0.00677150
v 0.57236501 1.01628350 -0.00815221
v 0.59943536 0.97528840 0.01187269
v 0.66414716 0.88748360 -0.01198367
v 0.66404432 0.88839645 -0.00618292
v 0.58545449 1.01296186 -0.01562670
v 0.57907326 1.02285233 -0.01603186
v 0.58735507 0.94392233 0.00312769
v 0.58559346 0.96008504 -0.04461175
v 0.58193731 0.95954639 -0.04977306
v 0.57643350 0.95965595 -0.05777949
v 0.57338145 0.96348012 -0.06901810
v 0.58117672 1.02728041 -0.02889248
v 0.53691070 1.00944556 -0.03207485
v 0.53729143 1.01044386 -0.04141020
v 0.56862286 1.03819484 -0.04301724
v 0.66708865 0.89069859 -0.00287408
v 0.64091539 0.92523926 -0.05264716
v 0.64147522 0.92355755 -0.05045826
v 0.58213166 0.95217624 0.02194253
v 0.58897981 0.94695069 0.02723807
v 0.60124527 0.95478171 0.03019365
v 0.59555973 0.96333868 0.02521350
v 0.58664412 0.95879505 0.02578424
v 0.59355483 0.95145430 0.03015683
v 0.57498469 0.96563110 -0.04280298
v 0.57309414 0.96524913 -0.04779558
v 0.58822016 0.97926132 -0.07639662
v 0.57899857 0.97138331 -0.07752896
v 0.64330301 0.92975882 -0.00267722
v 0.64844960 0.93341985 -0.00609541
v 0.64327407 0.94088077 -0.00571199
v 0.65821718 0.92687968 -0.01181889
v 0.64581886 0.92260775 -0.02433998
v 0.64264081 0.92221063 -0.02877402
v 0.57781857 0.95903481 -0.02785593
v 0.56443360 0.96520695 -0.02214474
v 0.60347744 0.94169986 0.01268510
v 0.59988437 0.94256248 0.00710262
v 0.62010015 0.93250167 -0.03995380
v 0.64926511 0.93523309 -0.04559672
v 0.65171546 0.93787103 -0.03804822
v 0.62685819 0.92657716 -0.03961616
v 0.67152594 0.89296863 -0.00195531
v 0.67611184 0.89545684 -0.00396695
v 0.65160045 0.93569265 -0.01351092
v 0.61405921 0.93459230 -0.06063496
v 0.64611086 0.92914524 -0.04902628
v 0.64287401 0.93619945 -0.05256300
v 0.60845269 0.94305627 -0.08687694
v 0.58834638 1.01734533 -0.02765545
v 0.66162223 0.89408971 -0.01671670
v 0.66721290 0.88797517 -0.01722817
v 0.67912887 0.89550709 -0.01465715
v 0.67885840 0.89686710 -0.00917637
v 0.57201213 0.97889813 -0.07341410
v 0.58785242 0.95959872 -0.04077730
v 0.53822289 1.01245393 -0.05027306
v 0.60377029 0.96590205 0.01990648
v 0.60824340 0.95614041 0.02613523
v 0.63376368 0.92169900 -0.03969523
v 0.62626605 0.94569887 -0.07543060
v 0.64672041 0.93391030 -0.05571098
v 0.64496795 0.93859800 -0.06237488
v 0.63979648 0.94415900 -0.06090823
v 0.64527626 0.92789240 -0.05401824
v 0.68323007 0.89079919 -0.00915884
v 0.68340905 0.88969531 -0.01450300
v 0.68061420 0.88914216 -0.00393598
v 0.67561290 0.88718941 -0.00237301
v 0.67101939 0.88564243 -0.00336228
v 0.68127275 0.88722855 -0.01768730
v 0.67725024 0.88495308 -0.01876339
v 0.67145947 0.88351657 -0.01697136
v 0.68466590 0.88231949 -0.01783169
v 0.68754314 0.88366947 -0.01454139
v 0.68760909 0.87685351 -0.00363453
v 0.69043650 0.87721247 -0.00577753
v 0.68851225 0.88062828 -0.00608581
v 0.68555660 0.88275963 -0.00413528
v 0.69015910 0.87215827 -0.00457684
v 0.69320265 0.87312088 -0.00631936
v 0.69208929 0.87818575 -0.00960133
v 0.68919494 0.88200500 -0.00916881
v 0.69525532 0.87396904 -0.01019997
v 0.69452679 0.87378488 -0.01427792
v 0.69137320 0.87778782 -0.01360249
v 0.68928934 0.88124233 -0.01252602
v 0.68703770 0.88544856 -0.00911448
v 0.69295389 0.86861972 -0.00677195
v 0.69540907 0.86732373 -0.01126858
v 0.69727854 0.87010597 -0.01066938
v 0.69512304 0.87031979 -0.00721324
v 0.67963777 0.88188377 -0.00278099
v 0.68350745 0.87589550 -0.00364303
v 0.68664448 0.87078595 -0.00511777
v 0.68971741 0.86724163 -0.00770722
v 0.68001336 0.87396269 -0.00510219
v 0.68408387 0.86935563 -0.00697838
v 0.68688846 0.86671499 -0.00935993
v 0.67803512 0.87233887 -0.00829882
v 0.68287062 0.86836899 -0.00976735
v 0.67491580 0.88062318 -0.00388526
v 0.67197240 0.87926849 -0.00708392
v 0.68540971 0.86689771 -0.01082378
v 0.69222281 0.86617422 -0.01221363
v 0.68997143 0.87780270 -0.01648168
v 0.69274090 0.87298446 -0.01690806
v 0.68774456 0.87675416 -0.01830949
v 0.69059531 0.87186084 -0.01818354
v 0.69673946 0.87086814 -0.01436953
v 0.69518372 0.86919316 -0.01585836
v 0.66788223 0.88399539 -0.00664848
v 0.66826211 0.88332626 -0.01242417
v 0.67221911 0.87872173 -0.01249713
v 0.67803625 0.87191110 -0.01346558
v 0.67548288 0.87922678 -0.01692862
v 0.68090330 0.88025854 -0.01872386
v 0.68487500 0.87511654 -0.01867935
v 0.68085916 0.87333570 -0.01749287
v 0.68771693 0.87054206 -0.01817670
v 0.68492640 0.86922723 -0.01696118
v 0.68318844 0.86821188 -0.01371557
v 0.68928161 0.86749107 -0.01654670
v 0.69233478 0.86810596 -0.01660354
v 0.68894370 0.86621866 -0.01301505
v 0.68624582 0.86679131 -0.01349980
v 0.68697567 0.86744720 -0.01589960
v 0.66623235 0.89162547 -0.04047218
v 0.66121972 0.89775902 -0.03885134
v 0.66026405 0.89743186 -0.04411967
v 0.66553173 0.89128551 -0.04584738
v 0.67695149 0.90109587 -0.03680067
v 0.67286710 0.90740306 -0.03602346
v 0.66825844 0.90325994 -0.03446615
v 0.67231708 0.89682081 -0.03568194
v 0.67907751 0.90375607 -0.04278624
v 0.67511909 0.91020827 -0.04212325
v 0.66744122 0.91443525 -0.03487633
v 0.65672804 0.92461505 -0.03328026
v 0.65188980 0.91989088 -0.03228690
v 0.66268446 0.91000524 -0.03349216
v 0.64755147 0.91734397 -0.05036031
v 0.64356861 0.91575738 -0.04682559
v 0.66418382 0.89994055 -0.03595194
v 0.66865666 0.89350379 -0.03719169
v 0.65819619 0.90727304 -0.05168445
v 0.66492211 0.90077680 -0.05286648
v 0.66163206 0.89838921 -0.04934548
v 0.65476644 0.90484835 -0.04812548
v 0.64244868 0.91507885 -0.04052023
v 0.64372509 0.91476441 -0.03426084
v 0.64760686 0.91652997 -0.03208680
v 0.66320984 0.91115227 -0.05207100
v 0.65345102 0.92147302 -0.05034282
v 0.65800648 0.92632469 -0.04638125
v 0.66781628 0.91517462 -0.04827090
v 0.65818591 0.90649414 -0.03435200
v 0.65356001 0.90414292 -0.04236145
v 0.65466898 0.90418546 -0.03691757
v 0.66968105 0.91726995 -0.04119702
v 0.67319176 0.90821543 -0.04916319
v 0.68094318 0.89087499 -0.05359217
v 0.67749784 0.88741697 -0.05496853
v 0.67031612 0.89488318 -0.05406580
v 0.67437472 0.89836452 -0.05329328
v 0.66922807 0.90419573 -0.05274123
v 0.67764488 0.90214566 -0.04938726
v 0.67286898 0.88285558 -0.04815890
v 0.67304271 0.88313090 -0.04255345
v 0.67515489 0.88478263 -0.03910199
v 0.66025165 0.92864581 -0.03933154
v 0.67835722 0.88805160 -0.03774946
v 0.68265955 0.89247775 -0.03838234
v 0.66691080 0.89229083 -0.05102972
v 0.67406572 0.88442434 -0.05284664
v 0.68356944 0.89411649 -0.04996773
v 0.68470748 0.89563005 -0.04389783
v 0.68959006 0.88835097 -0.04530376
v 0.68835445 0.88728718 -0.05089161
v 0.68794685 0.88555077 -0.03992807
v 0.68334146 0.88203652 -0.03910430
v 0.67983955 0.87965494 -0.04044646
v 0.68614327 0.88483083 -0.05408175
v 0.68285421 0.88222793 -0.05538458
v 0.67895740 0.87978464 -0.05356994
v 0.69091773 0.87902297 -0.05513172
v 0.69390967 0.88036628 -0.05231133
v 0.69983217 0.86776334 -0.04404304
v 0.70250081 0.86941256 -0.04549625
v 0.69896104 0.87358979 -0.04459336
v 0.69655769 0.87284929 -0.04230373
v 0.69688775 0.87706019 -0.04444133
v 0.69379886 0.87887360 -0.04181684
v 0.70028795 0.87490165 -0.04850204
v 0.69701078 0.87831751 -0.04763200
v 0.70459143 0.87081350 -0.04963388
v 0.70318566 0.87088080 -0.05356356
v 0.69879118 0.87493403 -0.05195593
v 0.69631749 0.87791607 -0.05085211
v 0.70329188 0.86421462 -0.04678243
v 0.70520027 0.86638730 -0.04677254
v 0.69437497 0.88217591 -0.04681475
v 0.68806274 0.87713682 -0.04061225
v 0.69267152 0.87112018 -0.04209715
v 0.69687786 0.86576168 -0.04443860
v 0.70038854 0.86250582 -0.04756896
v 0.68900289 0.86900997 -0.04350865
v 0.69401519 0.86417895 -0.04582435
v 0.69740018 0.86201833 -0.04890432
v 0.68661896 0.86765857 -0.04698139
v 0.69220403 0.86345296 -0.04890868
v 0.68373481 0.87527697 -0.04179444
v 0.68111874 0.87423297 -0.04509871
v 0.69543170 0.86220307 -0.05028071
v 0.70271125 0.86242527 -0.05185064
v 0.70602496 0.86383034 -0.05119802
v 0.70814531 0.86680633 -0.05043051
v 0.69708224 0.87440024 -0.05406391
v 0.70113963 0.86951782 -0.05510469
v 0.69545205 0.87334821 -0.05624726
v 0.69950405 0.86835125 -0.05665987
v 0.70649606 0.86776815 -0.05421208
v 0.70485265 0.86599224 -0.05498304
v 0.67762436 0.87838526 -0.04393863
v 0.67725105 0.87841340 -0.04899231
v 0.68072414 0.87427760 -0.05005817
v 0.68651436 0.86804110 -0.05204704
v 0.68286331 0.87573646 -0.05450797
v 0.68745825 0.87744452 -0.05631932
v 0.69250164 0.87200180 -0.05709452
v 0.68885190 0.87005659 -0.05594853
v 0.69682901 0.86729681 -0.05695436
v 0.69392794 0.86582794 -0.05610618
v 0.69202075 0.86398609 -0.05313702
v 0.69928092 0.86402852 -0.05573509
v 0.70229618 0.86460304 -0.05565376
v 0.69920099 0.86209027 -0.05257357
v 0.69599515 0.86247048 -0.05304727
v 0.69656823 0.86382282 -0.05539781
v 0.65811115 0.90092014 -0.06504069
v 0.65418367 0.90584288 -0.06331709
v 0.65107153 0.90545685 -0.06779989
v 0.65511249 0.90037301 -0.06969622
v 0.66790984 0.90924035 -0.06550107
v 0.66391908 0.91535629 -0.06310593
v 0.66168079 0.91144515 -0.06115172
v 0.66568919 0.90620205 -0.06348559
v 0.66808636 0.91121992 -0.07042996
v 0.66365405 0.91777340 -0.06868039
v 0.65924574 0.92097304 -0.06082829
v 0.65205368 0.92844545 -0.05816762
v 0.64924854 0.92323853 -0.05629042
v 0.65690874 0.91627437 -0.05876120
v 0.65821340 0.90809594 -0.06137120
v 0.66230045 0.90317281 -0.06338406
v 0.64588601 0.91422213 -0.07425811
v 0.65193117 0.90896010 -0.07616772
v 0.65042026 0.90671832 -0.07271178
v 0.64459420 0.91210844 -0.07060927
v 0.63632683 0.91951975 -0.06238795
v 0.63985015 0.91880260 -0.05780359
v 0.64458261 0.92003923 -0.05633787
v 0.64993650 0.91805476 -0.07590951
v 0.64082197 0.92630729 -0.07234999
v 0.64647372 0.93050913 -0.07058470
v 0.65499389 0.92243608 -0.07316892
v 0.65313820 0.91256550 -0.05918862
v 0.64529341 0.91034461 -0.06562398
v 0.64877760 0.91043752 -0.06107010
v 0.65848490 0.92380905 -0.06679237
v 0.66021445 0.91649823 -0.07456299
v 0.66845761 0.89946095 -0.08056377
v 0.66483934 0.89644703 -0.08080915
v 0.65680856 0.90387386 -0.07828064
v 0.66080225 0.90725037 -0.07877133
v 0.65550845 0.91256403 -0.07753145
v 0.66525947 0.91030991 -0.07583974
v 0.66174724 0.89306509 -0.07266044
v 0.66391492 0.89340438 -0.06800987
v 0.66777573 0.89560469 -0.06624290
v 0.65133753 0.93187076 -0.06431887
v 0.63643189 0.92262254 -0.07097666
v 0.67098862 0.89801212 -0.06632409
v 0.67351229 0.90062894 -0.06804517
v 0.65477316 0.90167229 -0.07477757
v 0.66191150 0.89432879 -0.07772134
v 0.67204673 0.90213774 -0.07759071
v 0.67417476 0.90302684 -0.07260246
v 0.67867251 0.89697103 -0.07423187
v 0.67683917 0.89656541 -0.07930964
v 0.67828812 0.89453819 -0.06963618
v 0.67520303 0.89209413 -0.06820389
v 0.67170890 0.89030724 -0.06821669
v 0.67339583 0.89402735 -0.08199248
v 0.67017590 0.89151573 -0.08205755
v 0.66659843 0.88995659 -0.07913155
v 0.67688136 0.88979489 -0.08351610
v 0.68082207 0.89103076 -0.08072976
v 0.68887103 0.87891451 -0.07355251
v 0.69012634 0.88004122 -0.07530388
v 0.68671605 0.88368134 -0.07413618
v 0.68571018 0.88300954 -0.07199763
v 0.68484271 0.88704386 -0.07358090
v 0.68279906 0.88898013 -0.07136287
v 0.68767978 0.88549689 -0.07768098
v 0.68469768 0.88886458 -0.07645728
v 0.69104844 0.88176941 -0.07917248
v 0.68844699 0.88198783 -0.08291252
v 0.68504055 0.88561942 -0.08122949
v 0.68352407 0.88882378 -0.07967809
v 0.69157944 0.87598207 -0.07621701
v 0.69261051 0.87780402 -0.07680651
v 0.68221040 0.89204004 -0.07555962
v 0.67890273 0.88756688 -0.06957964
v 0.68268763 0.88183542 -0.07105898
v 0.68609991 0.87728666 -0.07308421
v 0.68846044 0.87442167 -0.07615374
v 0.67918379 0.88053969 -0.07164636
v 0.68294905 0.87622080 -0.07388880
v 0.68507845 0.87394102 -0.07664658
v 0.67598047 0.87963424 -0.07349986
v 0.68041538 0.87566647 -0.07572104
v 0.67507269 0.88605314 -0.06988466
v 0.67148102 0.88527897 -0.07167280
v 0.68286022 0.87429378 -0.07741225
v 0.68898688 0.87414967 -0.08110105
v 0.69240862 0.87585455 -0.08094180
v 0.69379502 0.87852382 -0.08045234
v 0.68306521 0.88580029 -0.08351142
v 0.68632389 0.88140349 -0.08474247
v 0.68016050 0.88481743 -0.08468747
v 0.68388707 0.88023391 -0.08545859
v 0.69119604 0.87946307 -0.08340262
v 0.68974589 0.87814458 -0.08440853
v 0.66818430 0.88915997 -0.06997899
v 0.66603862 0.88908956 -0.07415517
v 0.66945713 0.88532075 -0.07542393
v 0.67439806 0.87967148 -0.07756030
v 0.67003420 0.88646911 -0.08017759
v 0.67336904 0.88792156 -0.08296269
v 0.67736971 0.88324877 -0.08410367
v 0.67482342 0.88147579 -0.08170640
v 0.68133415 0.87882328 -0.08481679
v 0.67932968 0.87734102 -0.08281658
v 0.67908497 0.87592342 -0.07924524
v 0.68409125 0.87584009 -0.08397043
v 0.68700626 0.87688104 -0.08469252
v 0.68532516 0.87379893 -0.08062003
v 0.68243778 0.87432244 -0.08010029
v 0.68196239 0.87546721 -0.08272721
v 0.63536433 0.92118361 -0.06716798
v 0.63626518 0.91708658 -0.09248350
v 0.63345696 0.92065613 -0.08941426
v 0.63046549 0.92067733 -0.09241994
v 0.63317108 0.91715832 -0.09546926
v 0.64479627 0.92439867 -0.09484216
v 0.64196536 0.92888887 -0.09147868
v 0.64053360 0.92535168 -0.08850800
v 0.64351289 0.92118096 -0.09194777
v 0.64288169 0.92645508 -0.09956978
v 0.63988811 0.93118400 -0.09659294
v 0.63776764 0.93344535 -0.08748581
v 0.63112271 0.94058458 -0.08086951
v 0.63005956 0.93516431 -0.07862445
v 0.63634086 0.92947514 -0.08453934
v 0.61282535 0.93918226 -0.08815454
v 0.61757327 0.93433788 -0.09122360
v 0.61795166 0.93135638 -0.08768407
v 0.61195278 0.93604009 -0.08408240
v 0.63722971 0.92230975 -0.08793074
v 0.64015386 0.91855646 -0.09138860
v 0.62435594 0.92805646 -0.09627790
v 0.62848901 0.92428261 -0.09966726
v 0.62873017 0.92186636 -0.09610510
v 0.62468653 0.92521390 -0.09278978
v 0.61409701 0.93333273 -0.07975554
v 0.62001880 0.92961683 -0.08394660
v 0.62299411 0.92958030 -0.08044664
v 0.61786106 0.93150382 -0.07555787
v 0.62649488 0.93094792 -0.07886468
v 0.62643768 0.93186850 -0.09816515
v 0.61939616 0.93825832 -0.09291332
v 0.62306606 0.94267251 -0.09208889
v 0.63085399 0.93514984 -0.09720691
v 0.63320895 0.92604126 -0.08431704
v 0.62658395 0.92396765 -0.08920274
v 0.62962711 0.92419009 -0.08592066
v 0.63565742 0.93620648 -0.09249803
v 0.63522400 0.93033197 -0.10056722
v 0.63788921 0.91839012 -0.10845018
v 0.63555823 0.91595153 -0.10683899
v 0.63148780 0.92063473 -0.10290802
v 0.63392717 0.92370524 -0.10484128
v 0.63075466 0.92767092 -0.10171720
v 0.63838986 0.92593828 -0.10359606
v 0.63674743 0.91254127 -0.09932309
v 0.63997981 0.91215018 -0.09649263
v 0.64362247 0.91354144 -0.09535220
v 0.62887733 0.94457147 -0.08646033
v 0.64685497 0.91562995 -0.09600303
v 0.64827955 0.91847749 -0.09860448
v 0.63150406 0.91836858 -0.09924008
v 0.63525284 0.91383096 -0.10322892
v 0.64210260 0.92032093 -0.10717420
v 0.64637019 0.92070540 -0.10305407
v 0.64974357 0.91635057 -0.10603486
v 0.64563242 0.91600851 -0.11021939
v 0.65123919 0.91409828 -0.10148609
v 0.64952995 0.91171921 -0.09881184
v 0.64607384 0.91003984 -0.09830235
v 0.64100138 0.91421213 -0.11108510
v 0.63891892 0.91237824 -0.10920499
v 0.63848102 0.91089020 -0.10572053
v 0.64440450 0.91043931 -0.11342330
v 0.64923278 0.91153499 -0.11276045
v 0.65797228 0.90139804 -0.10725575
v 0.65859640 0.90295889 -0.10886678
v 0.65651341 0.90551314 -0.10745714
v 0.65598632 0.90487456 -0.10512764
v 0.65494866 0.90859575 -0.10664264
v 0.65383653 0.90974507 -0.10409285
v 0.65601039 0.90743180 -0.11073492
v 0.65379055 0.91013621 -0.10926594
v 0.65847375 0.90445074 -0.11271975
v 0.65517259 0.90402235 -0.11600098
v 0.65312105 0.90726250 -0.11435531
v 0.65210017 0.90990695 -0.11243726
v 0.65952614 0.89894268 -0.11024466
v 0.66023450 0.90089973 -0.11072252
v 0.65217622 0.91264778 -0.10801155
v 0.65186172 0.90818819 -0.10130551
v 0.65439583 0.90371184 -0.10356629
v 0.65672285 0.89933733 -0.10647363
v 0.65747778 0.89701513 -0.11019790
v 0.65150218 0.90284709 -0.10333034
v 0.65385215 0.89877742 -0.10649539
v 0.65470052 0.89675539 -0.10978873
v 0.64812583 0.90268939 -0.10392305
v 0.65105219 0.89891200 -0.10702420
v 0.64858055 0.90722787 -0.10046774
v 0.64498992 0.90691942 -0.10115569
v 0.65269010 0.89729471 -0.10931790
v 0.65648139 0.89722695 -0.11381309
v 0.65881120 0.89882490 -0.11451472
v 0.66024759 0.90159486 -0.11446615
v 0.65056957 0.90696457 -0.11573256
v 0.65297700 0.90291743 -0.11723190
v 0.64737483 0.90619790 -0.11537626
v 0.65081597 0.90149451 -0.11664614
v 0.65738398 0.90194680 -0.11677504
v 0.65598536 0.90022281 -0.11702331
v 0.64254772 0.90921019 -0.09930388
v 0.63972311 0.90951197 -0.10180685
v 0.64193137 0.90702717 -0.10377776
v 0.64528292 0.90292339 -0.10622954
v 0.64089086 0.90800780 -0.10773753
v 0.64164687 0.90921160 -0.11126858
v 0.64519657 0.90489679 -0.11345295
v 0.64418791 0.90368128 -0.11010838
v 0.64900092 0.90051761 -0.11471833
v 0.64823811 0.89965817 -0.11199284
v 0.64895147 0.89908030 -0.10893614
v 0.65222161 0.89792039 -0.11431310
v 0.65396722 0.89860977 -0.11608810
v 0.65404874 0.89681364 -0.11253628
v 0.65187801 0.89729189 -0.11104686
v 0.65095915 0.89789133 -0.11266468
v 0.61499038 0.94190090 -0.08995296
v 0.61654582 0.94501232 0.02637967
v 0.61596120 0.94165590 0.02184937
v 0.60673287 0.93483776 0.01989694
v 0.60063052 0.93421978 0.02363268
v 0.59667592 0.93629302 0.02914675
v 0.59738880 0.93968719 0.03364823
v 0.60133354 0.94317197 0.03633207
v 0.61274020 0.93782666 0.01945239
v 0.61408424 0.94740622 0.03207490
v 0.60787698 0.94652922 0.03620034
v 0.61389092 0.93944175 0.04259322
v 0.62003613 0.94087512 0.03796235
v 0.60707890 0.93619994 0.04290164
v 0.60232537 0.93314597 0.03935851
v 0.60075908 0.93079329 0.03385371
v 0.62221625 0.93924411 0.03128756
v 0.62066691 0.93634024 0.02615154
v 0.61588685 0.93283360 0.02343416
v 0.62726942 0.93377209 0.03687369
v 0.62733884 0.93323734 0.04484063
v 0.61898324 0.91984858 0.05449730
v 0.62235553 0.92274986 0.05652073
v 0.61952773 0.92551491 0.05409137
v 0.61534198 0.92338905 0.05231735
v 0.61849169 0.92785704 0.05204978
v 0.61358469 0.92866530 0.04935737
v 0.62550691 0.92836029 0.05428517
v 0.62340006 0.92986797 0.05164252
v 0.63094477 0.92941546 0.05129044
v 0.62796846 0.93110798 0.05008245
v 0.62817066 0.92571033 0.05730847
v 0.62522010 0.92052912 0.05827694
v 0.62986969 0.92217831 0.05829249
v 0.62391734 0.91770104 0.05660119
v 0.62030737 0.93253235 0.04843413
v 0.60727939 0.92692671 0.04430666
v 0.61197245 0.92132872 0.04848644
v 0.61722714 0.91717509 0.05118863
v 0.62331065 0.91518169 0.05264337
v 0.61123405 0.91924923 0.04278991
v 0.61786140 0.91563336 0.04617572
v 0.62336940 0.91474542 0.04812616
v 0.61397600 0.91896839 0.03735821
v 0.62011511 0.91594917 0.04228667
v 0.60502767 0.92547563 0.03794122
v 0.60718461 0.92521570 0.03167119
v 0.62371364 0.91510528 0.04503201
v 0.62965609 0.91626718 0.05218547
v 0.63043355 0.91820760 0.05659747
v 0.63240642 0.92900535 0.04684488
v 0.63293727 0.92678405 0.05410954
v 0.63464200 0.92534566 0.04996814
v 0.63181945 0.92816096 0.04139691
v 0.63407681 0.92330440 0.04569228
v 0.63359355 0.92389922 0.05621464
v 0.63458310 0.92169306 0.05343446
v 0.60356363 0.92976784 0.02790442
v 0.60926901 0.93022744 0.02410918
v 0.61301348 0.92614250 0.02781897
v 0.61918183 0.92061782 0.03379636
v 0.62009407 0.92859629 0.02748358
v 0.62542874 0.93176331 0.03084183
v 0.62968042 0.92590922 0.03686801
v 0.62531162 0.92314110 0.03380138
v 0.63184128 0.92125991 0.04216208
v 0.62843895 0.91933621 0.04006365
v 0.62408969 0.91726436 0.04024625
v 0.63125228 0.91815957 0.04592840
v 0.63353752 0.91934584 0.04950974
v 0.62812679 0.91584116 0.04804369
v 0.62660891 0.91612749 0.04452359
v 0.62913842 0.91767954 0.04364731
v 0.60616435 0.93865888 -0.08192725
v 0.60810848 0.93611773 -0.07621682
v 0.60174641 0.94083558 -0.07424607
v 0.59385580 0.94612004 -0.07252192
v 0.58725975 0.95382276 -0.07707437
v 0.59651536 0.94559279 -0.06565727
v 0.60425970 0.94018505 -0.06767495
v 0.61283478 0.93400433 -0.06960157
v 0.59306337 0.95008472 -0.05824538
v 0.04186127 1.62822458 0.11757868
v 0.04515489 1.62790720 0.11538212
v 0.04685572 1.62124186 0.11306247
v 0.04429853 1.62099312 0.11527660
v 0.04093992 1.62096494 0.11718489
v 0.03698790 1.62117558 0.11834020
v 0.03149476 1.62955279 0.11892751
v 0.03705155 1.62988035 0.11899548
v 0.02133774 1.62344712 0.11616575
v 0.02333918 1.62521095 0.11584728
v 0.02221111 1.62232855 0.11673520
v 0.02852998 1.62184299 0.11813835
v 0.02466991 1.62232724 0.11694042
v 0.04912747 1.62517183 0.11127614
v 0.05005748 1.62381023 0.11009138
v 0.04747512 1.62649298 0.11330827
v 0.03266457 1.62146291 0.11855674
v 0.04996767 1.62239824 0.11002814
v 0.04879229 1.62154371 0.11107916
v 0.02670547 1.62789411 0.11737765
v 0.04125686 1.62359543 0.11669126
v 0.03724041 1.62394416 0.11825136
v 0.03237831 1.62689950 0.11914987
v 0.03733013 1.62691778 0.11847937
v 0.02893133 1.62409350 0.11814646
v 0.02638532 1.62384160 0.11722074
v 0.04419988 1.62326986 0.11482637
v 0.03284490 1.62415034 0.11874498
v 0.04157562 1.62649438 0.11660231
v 0.02581573 1.62483141 0.11726442
v 0.02815578 1.62625697 0.11819261
v 0.04922889 1.62400463 0.11050471
v 0.04915104 1.62349110 0.11053532
v 0.01800669 1.37624815 0.06762737
v 0.01783170 1.36137946 0.07153109
v 0.04456504 1.62594438 0.11460697
v 0.04811529 1.62325767 0.11141060
v 0.04640261 1.62348130 0.11283723
v 0.04671304 1.62519886 0.11283389
v 0.04830267 1.62453601 0.11137608
v 0.27117958 1.29851201 0.02801263
v 0.26315691 1.28807483 0.02750232
v 0.29301579 1.32024307 -0.01584545
v 0.28964824 1.32400895 -0.03715876
v 0.04007706 1.08459177 0.08008999
v 0.10660436 1.12510282 -0.04172299
v 0.11317150 1.14635884 -0.04558311
v 0.04005727 1.14206335 -0.07663157
v 0.05970738 1.13916439 -0.07474428
v 0.12913739 1.12758043 0.04499161
v 0.12144052 1.10626260 0.04286384
v 0.08499710 1.12182300 0.07406052
v 0.07702801 1.09878471 0.07044715
v 0.10266858 1.08139081 0.05455377
v 0.06709590 1.09214118 -0.05616153
v 0.07190216 1.11345156 -0.06147052
v 0.08612459 1.10967030 -0.04949474
v 0.08063351 1.08922583 -0.04557989
v 0.01827897 1.12139121 -0.07173890
v 0.01984840 1.14421319 -0.07186703
v 0.14150095 1.15121889 0.02833715
v 0.14158328 1.15326668 0.00778373
v 0.13118817 1.15933171 -0.03176503
v 0.11894994 1.16513608 -0.04812293
v 0.08666656 1.18010588 -0.07281225
v 0.10432919 1.17271521 -0.06141906
v 0.07284665 1.14615556 0.08010510
v 0.05850208 1.16828920 0.08251853
v 0.13419435 1.14994768 0.04638480
v 0.01903660 1.15033069 0.08474835
v 0.04443684 1.21430920 -0.08785634
v 0.06984820 1.20975179 -0.08503594
v 0.13952023 1.15542644 -0.01308883
v 0.03191951 1.32079943 0.08267707
v 0.03019030 1.30583474 0.08562842
v 0.04796205 1.30995761 0.08746595
v 0.05079641 1.32465835 0.08397604
v 0.06559675 1.31253134 0.08889828
v 0.08296721 1.31421427 0.09024911
v 0.09993255 1.31533093 0.09097187
v 0.14078279 1.31041899 0.08338516
v 0.12944985 1.31346184 0.08778554
v 0.15382367 1.29862692 0.06728861
v 0.14942953 1.30581592 0.07683985
v 0.15012921 1.28860968 0.05397729
v 0.14243250 1.27795031 0.03846124
v 0.14249878 1.26608589 0.02535083
v 0.14618718 1.27762282 0.02151143
v 0.13688885 1.26632205 0.04230921
v 0.14198348 1.27812167 0.05614431
v 0.14443297 1.28785795 0.06914202
v 0.01642220 1.26288682 0.08027510
v 0.02018038 1.23781803 0.07794752
v 0.01661980 1.38894470 0.06157261
v 0.41641428 1.13274449 -0.05820075
v 0.53269938 1.05904800 -0.00622265
v 0.02555164 1.40591940 -0.07377990
v 0.00978102 1.39934833 -0.06841545
v -0.00399669 1.38352530 -0.06918519
v -0.00420170 1.39557030 -0.06569845
v 0.10171712 1.44151271 -0.05287574
v 0.08505118 1.42740204 -0.06887488
v 0.06361859 1.41426694 -0.08001661
v 0.04432486 1.40351470 -0.08255656
v 0.12259432 1.17043615 0.06000456
v 0.03043847 1.36927228 -0.08499831
v 0.04725061 1.39254108 -0.08739153
v 0.06873362 1.40372808 -0.08464662
v 0.09170415 1.41706811 -0.07431778
v 0.11740124 1.43387744 -0.05739426
v 0.13950786 1.43657738 -0.05028289
v 0.16719158 1.42165647 -0.05632098
v 0.17943725 1.41905745 -0.05241738
v 0.18485888 1.43191817 -0.03647836
v 0.19847421 1.42646664 -0.03322434
v 0.19228599 1.41599866 -0.04890631
v 0.26039693 1.34504413 -0.04280618
v 0.27072069 1.33307107 -0.04852059
v 0.27371636 1.32164957 -0.05521983
v 0.27050044 1.31056244 -0.05910157
v 0.26241085 1.30210917 -0.06178495
v 0.24987564 1.29731540 -0.06305976
v 0.23609591 1.29883069 -0.06222479
v 0.20395249 1.31544103 -0.05413644
v 0.19573438 1.31966880 -0.05171734
v 0.17861279 1.28316225 -0.05575763
v 0.17337484 1.27397504 -0.05798592
v 0.14620978 1.23621392 -0.06568830
v 0.15738819 1.24837674 -0.06368583
v 0.13286891 1.22173260 -0.06601621
v 0.07483680 1.00063340 -0.06982524
v 0.06740183 1.01575969 -0.05983477
v 0.08273663 1.01746572 -0.05236098
v 0.09001159 1.00211629 -0.06095976
v 0.01473980 1.04517399 -0.06594148
v 0.03138462 1.04708629 -0.06294615
v 0.11599828 1.01637551 0.01310324
v 0.11369104 1.01750900 -0.00716249
v 0.10744355 1.01823621 -0.02531268
v 0.09670121 1.01837617 -0.04040873
v 0.11383804 1.00970154 0.02909578
v 0.04807672 0.97410457 0.07123470
v 0.06325721 0.97835540 0.06803537
v 0.00926328 0.96405021 0.07925968
v 0.02126857 0.96689933 0.07638029
v 0.10791219 1.00075257 0.04403072
v 0.03410907 0.97066271 0.07354857
v 0.08078429 0.98394628 0.06395305
v 0.09667060 0.99163341 0.05581528
v 0.06394326 1.03057447 -0.05414857
v 0.04782964 1.02889471 -0.05705642
v 0.04684601 1.04831175 -0.05779473
v 0.03744282 1.27419535 -0.09794091
v 0.05911061 1.27678131 -0.10217843
v 0.08007493 1.28150658 -0.10454971
v 0.09661639 1.30631391 -0.10337715
v 0.11839377 1.31572077 -0.10052808
v 0.12148688 1.29718347 -0.09937996
v 0.10078389 1.28838579 -0.10215785
v 0.15256213 1.33710712 -0.08729823
v 0.16453543 1.34656705 -0.08305856
v 0.16639011 1.32941702 -0.08098532
v 0.15638021 1.31928141 -0.08628231
v 0.17502844 1.33820315 -0.07708435
v 0.18011966 1.34332581 -0.07177237
v 0.18598080 1.34615416 -0.06614052
v 0.19442377 1.34404243 -0.06543786
v 0.19760632 1.36343096 -0.07142403
v 0.18820312 1.36578965 -0.07515781
v 0.15109849 1.35652603 -0.08683000
v 0.13521223 1.34586486 -0.09284485
v 0.03270274 1.30879221 -0.09830425
v 0.01386598 1.30573726 -0.09118116
v 0.14980898 1.25794655 0.01414531
v 0.15882265 1.25101180 0.00320402
v 0.16490329 1.24707998 -0.00954094
v 0.16742981 1.24595463 -0.02307298
v 0.16814691 1.24743661 -0.03653650
v 0.16671024 1.25101435 -0.04965742
v 0.16374504 1.25740941 -0.06213325
v 0.16848268 1.26537472 -0.06054975
v 0.15916992 1.26584600 -0.07334485
v 0.16606801 1.27474797 -0.07018487
v 0.15323262 1.27701963 -0.08299193
v 0.14608396 1.29092915 -0.09014105
v 0.14082220 1.30781727 -0.09370010
v 0.13726750 1.32642858 -0.09412429
v 0.09531982 1.32569137 -0.10213235
v 0.11688966 1.33573069 -0.09935252
v 0.07304466 1.33708430 -0.10313972
v 0.07287442 1.35515603 -0.09972664
v 0.07517652 1.29943902 -0.10654724
v 0.07371194 1.31814278 -0.10541143
v 0.06909702 1.45092009 -0.05139413
v 0.05104927 1.44173987 -0.05819259
v 0.23404426 1.31553731 -0.06446616
v 0.24179979 1.30794504 -0.06390161
v 0.23275915 1.30771116 -0.06317709
v 0.22959222 1.31338966 -0.06383588
v 0.24997851 1.31224956 -0.06342704
v 0.24286827 1.32737216 -0.06322030
v 0.25541858 1.32009492 -0.06178745
v 0.23875352 1.32032903 -0.06458931
v 0.25769143 1.32933996 -0.05892428
v 0.24425173 1.33569132 -0.06105375
v 0.25595868 1.33841097 -0.05443965
v 0.24427769 1.34317396 -0.05774690
v 0.24342442 1.34864561 -0.05443535
v 0.25030564 1.34758839 -0.05059648
v 0.21516701 1.37340852 -0.06023016
v 0.22560007 1.36442547 -0.05689821
v 0.23603362 1.35517808 -0.05493797
v 0.20488558 1.33909791 -0.06525964
v 0.21694060 1.33329294 -0.06566615
v 0.22842706 1.32699573 -0.06522530
v 0.23093367 1.33408574 -0.06472892
v 0.21881732 1.34081417 -0.06619747
v 0.20657616 1.34722976 -0.06765233
v 0.03331693 1.29343381 -0.09876181
v 0.05370724 1.29532651 -0.10426393
v 0.17382654 1.35225491 -0.07993713
v 0.18072970 1.35487647 -0.07624669
v 0.18723960 1.35501912 -0.07216299
v 0.19550051 1.35311894 -0.06966501
v 0.18149538 1.36748752 -0.07852467
v 0.17381073 1.36634088 -0.08152571
v 0.16375705 1.36270620 -0.08407166
v 0.05319314 1.31299721 -0.10457213
v 0.01433733 1.29138242 -0.09311168
v 0.19985298 1.39415080 0.04650894
v 0.20651702 1.41649675 0.03353325
v 0.21041565 1.43090610 0.01344741
v 0.20551493 1.43243912 -0.01090833
v -0.00470930 1.43459272 -0.05139211
v 0.34144336 1.17888516 -0.01807959
v -0.00293279 1.23645301 -0.08606927
v -0.00297403 1.25537856 -0.08953199
v -0.00098142 1.16953823 -0.06923470
v -0.00163673 1.19326769 -0.07449831
v 0.03216227 1.07110683 -0.06766475
v 0.01498613 1.07101026 -0.06766146
v 0.01612794 1.09643141 -0.07029613
v -0.00367515 1.02165752 -0.06593912
v -0.00358817 1.04410130 -0.06397437
v -0.00147618 1.09581103 -0.06597889
v -0.00087128 1.12268080 -0.06711575
v 0.01963988 1.21514125 -0.08494803
v 0.01592103 1.27418080 -0.09370993
v -0.00338782 1.29089099 -0.09083664
v -0.00344031 1.30625372 -0.08901328
v -0.00347920 1.32064044 -0.08631296
v 0.10225635 1.28558758 0.09180719
v 0.10885804 1.30061167 0.09183332
v 0.09456565 1.30077328 0.09292378
v 0.08975791 1.28640088 0.09358763
v 0.12357349 1.28381507 0.08478812
v 0.13248125 1.29753142 0.08482833
v 0.12181838 1.29968522 0.08918241
v 0.11346176 1.28501510 0.08879349
v 0.14027112 1.29363473 0.07826762
v 0.13096702 1.28076543 0.07861591
v 0.09658186 1.27001181 0.09197458
v 0.10623078 1.26959455 0.08739877
v 0.08538846 1.27098593 0.09419520
v 0.12147989 1.26709665 0.07772176
v 0.11474753 1.26889777 0.08298932
v 0.01054387 1.49796549 0.11653738
v 0.01195008 1.49974329 0.13480041
v 0.00564677 1.54680886 0.14999629
v 0.00526586 1.55191854 0.14808449
v 0.00056549 1.48996116 0.08957428
v -0.00068085 1.47761526 0.08628420
v 0.00304244 1.52480477 0.14618895
v 0.00340633 1.51004257 0.14583081
v 0.00235809 1.57644777 0.15107543
v 0.00250048 1.57247524 0.14965108
v 0.00285148 1.55998828 0.15159866
v 0.00297501 1.55562114 0.15010809
v -0.00138024 1.46508123 0.08065059
v 0.00174779 1.49725390 0.09858770
v -0.00063917 1.44213196 0.06660066
v 0.00015269 1.43073332 0.05975448
v 0.01229111 1.41988932 0.05415798
v 0.01381841 1.40907159 0.05239566
v 0.01482338 1.28352431 0.08204569
v 0.01535244 1.33164585 0.07756060
v 0.01483777 1.31619585 0.07968700
v 0.01652289 1.34626981 0.07485372
v 0.01552354 1.39920386 0.05533642
v -0.00154811 1.45366440 0.07318134
v 0.00301823 1.54131238 0.14850860
v 0.00295001 1.53472642 0.14487614
v 0.00261570 1.56796558 0.14986837
v 0.00271521 1.56403108 0.15082185
v 0.00082407 1.37341160 0.06530447
v 0.00024205 1.35909450 0.06963122
v 0.01424568 1.30062066 0.08133278
v 0.00311339 1.25946402 0.07341684
v 0.00419945 1.23311216 0.07093683
v 0.00114045 1.38572729 0.05952918
v 0.00486299 1.20719994 0.07654007
v 0.14708822 0.83845732 -0.06779895
v 0.13275577 0.82248371 -0.08663881
v 0.12275954 0.83896420 -0.09573099
v 0.13460422 0.85137899 -0.08269254
v 0.13585799 0.89560655 -0.06124886
v 0.13451702 0.92110789 -0.05089356
v 0.13339648 0.94753721 -0.04488815
v 0.10524451 0.83133442 -0.10743196
v 0.08087045 0.84788531 -0.12164775
v 0.08326434 0.82887283 -0.11737751
v 0.12200348 0.94286323 -0.06732596
v 0.12399211 0.91703997 -0.07442976
v 0.12639244 0.85778118 -0.09061105
v 0.12771892 0.87187472 -0.08777124
v 0.13892674 0.87009113 -0.07183577
v 0.10191452 0.84926977 -0.11228715
v 0.11802708 0.85281529 -0.10104925
v 0.04168303 0.99517972 -0.07870524
v 0.04658397 0.97765186 -0.08938802
v 0.02404297 0.97578131 -0.09039636
v 0.10388496 1.00499417 -0.04566448
v 0.09779022 0.98521746 -0.06978554
v -0.00221708 0.84772020 -0.11427423
v 0.11617207 0.86993232 -0.10188050
v 0.07883976 0.86954976 -0.12284509
v 0.10022849 0.86890258 -0.11416593
v 0.07523326 0.93949869 -0.10874492
v 0.09433957 0.93962548 -0.09972601
v 0.09622739 0.91581905 -0.10709430
v 0.07709352 0.91684345 -0.11658680
v 0.10948507 0.94038589 -0.08617857
v 0.10467846 0.96445039 -0.07844471
v 0.07144116 0.96088260 -0.09925034
v 0.08959144 0.96240602 -0.09078459
v 0.08240363 0.98306510 -0.08063341
v 0.11169682 0.91453645 -0.09371731
v 0.07776436 0.89198547 -0.12220192
v 0.05251266 0.89309155 -0.12639845
v 0.02554116 0.89404122 -0.12395137
v -0.00093368 0.89224681 -0.12404827
v -0.00140866 0.91582223 -0.12059934
v 0.06585238 0.98072663 -0.08608857
v 0.05188548 1.01406143 -0.06306943
v 0.05879359 0.99830087 -0.07486738
v 0.04838646 1.07136722 -0.05983782
v 0.10787080 0.59483754 0.06741973
v -0.00469419 0.80247328 -0.01285305
v -0.00575132 0.79466942 0.00860957
v 0.16385790 0.87207740 0.04258327
v 0.16322904 0.85713506 -0.02573119
v 0.14930563 0.86500415 -0.05042062
v 0.00787017 0.78889454 0.03904526
v 0.02361939 0.79202625 0.05467173
v 0.14540054 0.85851591 0.06530080
v 0.09618012 0.81107133 0.08497952
v -0.00196764 0.78940495 0.02502333
v 0.12637245 0.89351567 -0.08188521
v 0.11377739 0.89142755 -0.09887857
v 0.09795905 0.89153117 -0.11181425
v 0.05327268 0.87097602 -0.12654733
v 0.02547004 0.87280412 -0.12383011
v -0.00127726 0.87197210 -0.12194616
v 0.01043740 0.84320077 0.09176016
v 0.00311760 0.85049055 0.09426910
v 0.00818757 0.85185304 0.09674707
v -0.00315023 0.86127387 0.09561485
v -0.00276748 0.84933132 0.09022272
v 0.00303857 0.83845464 0.08475440
v -0.00224564 0.83794237 0.08041063
v -0.00237404 0.82537431 0.07240434
v 0.04987164 0.95558715 0.07391201
v 0.06670594 0.96141236 0.07057595
v 0.00928575 0.94381352 0.08342821
v 0.02157372 0.94646357 0.08044308
v 0.11583780 0.98528742 0.04559799
v 0.03497963 0.95066775 0.07663004
v 0.08644065 0.96834936 0.06658730
v 0.10395752 0.97551589 0.05821371
v -0.00318068 0.95895981 -0.10228292
v -0.00402237 0.97733487 -0.08995400
v -0.00271749 0.94211174 0.08519521
v 0.00289639 1.50013404 0.13468640
v 0.00260807 1.49830919 0.11571732
v 0.00131482 1.69534232 0.11070905
v -0.00138768 1.49111216 -0.02740553
v 0.00218143 1.64321570 0.13373366
v 0.00298444 1.55193553 0.14757484
v 0.00221906 1.57876605 0.15420767
v 0.00082110 1.41946907 0.05223083
v 0.00116979 1.40613702 0.04733812
v -0.00327081 0.81403088 -0.01419637
v 0.00115497 1.39553529 0.05100451
v -0.00224371 0.81456621 -0.02398205
v -0.00081654 1.14529193 -0.06591636
v 0.07515216 0.15505277 -0.04445604
v 0.07453399 0.15770065 -0.05838229
v 0.07640522 0.12761948 -0.05277033
v 0.07313293 0.12559328 -0.03870455
v 0.08605268 0.16196318 -0.08351630
v 0.07778305 0.16038289 -0.07709169
v 0.09879392 0.16158664 -0.08425788
v 0.11059709 0.15976072 -0.07881133
v 0.10460121 0.12920153 -0.07429975
v 0.09526100 0.13080798 -0.08346816
v 0.12050072 0.15803901 -0.07051901
v 0.12422321 0.12582471 -0.05787569
v 0.12746716 0.15532257 -0.06025890
v 0.12736258 0.15311622 -0.04186597
v 0.12085511 0.12501034 -0.03995552
v 0.12212237 0.14876199 -0.02144463
v 0.11802377 0.12124627 -0.01894280
v 0.10906224 0.14683910 -0.01043126
v 0.07946536 0.15058525 -0.02976316
v 0.07618384 0.12238237 -0.02209097
v 0.08431910 0.13125775 -0.08353750
v 0.08019589 0.12919101 -0.07411558
v 0.07910807 0.12864317 -0.06299266
v 0.07571610 0.15901907 -0.06905880
v 0.07007273 0.09829946 -0.04745589
v 0.06338959 0.09834704 -0.03140818
v 0.08146904 0.10130283 -0.08437635
v 0.08203216 0.09953767 -0.06856566
v 0.09635944 0.10015169 -0.06954774
v 0.09271818 0.10184805 -0.08603936
v 0.12342907 0.09866173 -0.05648500
v 0.11145765 0.09931889 -0.06462870
v 0.11609281 0.12789205 -0.06754933
v 0.12246966 0.09754001 -0.03789694
v 0.11766465 0.09568292 -0.01440446
v 0.07113209 0.09606202 -0.01257058
v 0.07664860 0.09823791 -0.05750725
v 0.12489667 0.00629877 0.14744468
v 0.12391011 0.01089281 0.14638678
v 0.11914305 0.01133661 0.14642638
v 0.11749581 0.00615422 0.14778353
v 0.07880051 0.01062751 0.15188444
v 0.07661784 0.02105935 0.15342680
v 0.06851545 0.01982897 0.14961702
v 0.06737567 0.00829062 0.14745324
v 0.09952464 0.00707973 0.15501241
v 0.10137585 0.00410483 0.15175108
v 0.10662957 0.00359658 0.15210851
v 0.10834436 0.00637440 0.15645263
v 0.15322229 0.00631171 0.11683364
v 0.15396742 0.00138452 0.11450910
v 0.15874500 0.00164359 0.11364091
v 0.15973136 0.00565593 0.11505497
v 0.13505054 0.00497585 0.13547943
v 0.13606004 0.00054920 0.13234400
v 0.14061718 0.00098268 0.13141921
v 0.14223207 0.00419705 0.13336156
v 0.08587600 0.02231182 0.12860287
v 0.07263006 0.02447613 0.12396132
v 0.06975973 0.02071510 0.13877131
v 0.08126499 0.02251974 0.14333338
v 0.06315451 0.01297695 0.13458504
v 0.06542259 0.01493181 0.11895937
v 0.07314295 0.00820206 0.11869410
v 0.07109583 0.00825939 0.13302154
v 0.08600519 0.00714143 0.12375292
v 0.08239707 0.00724837 0.13671702
v 0.09196463 0.01278541 0.12871370
v 0.08963819 0.01416544 0.14397538
v 0.11292039 0.01102211 0.13361363
v 0.10791667 0.01701355 0.13302209
v 0.10786401 0.01443023 0.14769163
v 0.11417509 0.00851718 0.14781364
v 0.09677266 0.01848367 0.13321217
v 0.09957672 0.01467415 0.14711773
v 0.09304766 0.00970154 0.13193607
v 0.09918286 0.00470919 0.12950624
v 0.09967979 0.00448067 0.14393761
v 0.09333340 0.00947106 0.14670061
v 0.10876816 0.00435509 0.13038967
v 0.10915446 0.00331942 0.14420601
v 0.12799375 0.01580762 0.12759722
v 0.11692195 0.01561968 0.12842204
v 0.11812613 0.01239363 0.13969135
v 0.12598842 0.01224088 0.13991448
v 0.11324270 0.00560894 0.13960795
v 0.11327120 0.00661488 0.12847941
v 0.11929481 0.00286238 0.12688882
v 0.11919442 0.00269718 0.13868849
v 0.12896492 0.00324119 0.12691952
v 0.12688890 0.00169315 0.13907463
v 0.13305150 0.01028345 0.12927760
v 0.13077823 0.00702633 0.14079912
v 0.15065319 0.00950469 0.11617904
v 0.14748278 0.01537965 0.11587035
v 0.14441409 0.01094713 0.12669877
v 0.14752574 0.00541018 0.12630139
v 0.13884567 0.01487923 0.11867433
v 0.13771097 0.01184092 0.12820191
v 0.13257737 0.00800793 0.12848173
v 0.13489647 0.01029796 0.12094417
v 0.13797276 0.00256755 0.11752793
v 0.13541253 0.00097568 0.12637173
v 0.14691962 0.00221175 0.11499378
v 0.14372988 0.00000000 0.12535222
v 0.16567321 0.01627833 0.10079732
v 0.16265571 0.01276206 0.11003815
v 0.16479815 0.00702941 0.10858332
v 0.16717924 0.00955866 0.09736371
v 0.15781210 0.01638128 0.10489660
v 0.15613186 0.01333783 0.11156008
v 0.15178922 0.00839952 0.11110087
v 0.15438428 0.01065492 0.10602779
v 0.15488173 0.00228335 0.10264164
v 0.15301206 0.00070008 0.10898819
v 0.16252666 0.00332799 0.09902114
v 0.16108910 0.00088198 0.10786194
v 0.09305753 0.02123615 0.11483324
v 0.07671791 0.02749959 0.10980850
v 0.07099944 0.00813791 0.14303125
v 0.06998910 0.01626310 0.10523319
v 0.07730024 0.00768289 0.14502622
v 0.09406602 0.00597162 0.11237922
v 0.07798579 0.00806286 0.10498672
v 0.09320728 0.01215214 0.12247084
v 0.10669049 0.01182414 0.15527677
v 0.11546923 0.00395914 0.11347012
v 0.11322450 0.00846171 0.12251737
v 0.10144323 0.01200124 0.15467184
v 0.11309427 0.01802064 0.11515718
v 0.13367091 0.01579470 0.10844866
v 0.11988468 0.00229972 0.14532702
v 0.12419198 0.00175895 0.14539821
v 0.13562760 0.00320428 0.10872134
v 0.13560635 0.01129874 0.11887989
v 0.14159952 0.00853021 0.13295118
v 0.15292474 0.00306382 0.09891839
v 0.15424954 0.01136908 0.10633609
v 0.13753204 0.00922945 0.13365223
v 0.15341282 0.01799856 0.09906762
v 0.15887740 0.00957009 0.11424893
v 0.16507786 0.00417568 0.08728177
v 0.17048921 0.01190197 0.08324404
v 0.15536308 0.01033870 0.11553570
v 0.16731601 0.01934219 0.08822906
v 0.08513744 0.11978833 -0.00895550
v 0.08663466 0.14758357 -0.01687291
v 0.09671522 0.14561725 -0.01000833
v 0.09571873 0.11828400 -0.00311581
v 0.10716470 0.11912605 -0.00625562
v 0.08453810 0.09507701 0.00035978
v 0.09606623 0.09502406 0.00517322
v 0.10669564 0.09426829 -0.00055296
v 0.12444015 0.07496018 -0.04166954
v 0.12409569 0.07762035 -0.06066600
v 0.10634525 0.07758897 -0.06527246
v 0.09542664 0.07744653 -0.07593706
v 0.09187816 0.07930284 -0.09145886
v 0.07319774 0.07326567 -0.00709594
v 0.08385246 0.07675673 0.01114826
v 0.09802813 0.07902475 0.01722556
v 0.11196881 0.07718916 0.00919033
v 0.07565385 0.03365039 0.09432548
v 0.09439574 0.03265016 0.09547951
v 0.09307110 0.04388743 0.07772767
v 0.07804056 0.03356752 0.07485155
v 0.11323181 0.02714468 0.09348842
v 0.11285815 0.04038627 0.07445558
v 0.13271386 0.02402163 0.08762256
v 0.13098705 0.03587197 0.06751139
v 0.15142184 0.02355066 0.07912898
v 0.14717844 0.03246203 0.05826566
v 0.16713286 0.02364026 0.07046283
v 0.16088564 0.02867733 0.04882819
v 0.17308485 0.01515765 0.06516923
v 0.16922170 0.01975831 0.04269500
v 0.06895247 0.01716016 0.08918290
v 0.07201795 0.01889641 0.06943504
v 0.07997785 0.00740837 0.08728602
v 0.08168807 0.00721537 0.06663349
v 0.09832854 0.00645792 0.08714621
v 0.09988231 0.00668230 0.06548730
v 0.16435933 0.00715081 0.04547256
v 0.16664842 0.00455160 0.06867013
v 0.11867578 0.00557723 0.08484637
v 0.11953047 0.00696999 0.06217759
v 0.13702332 0.00402629 0.08033557
v 0.13663348 0.00541969 0.05678948
v 0.15306533 0.00321438 0.07465586
v 0.15164365 0.00504009 0.05094865
v 0.08852917 0.05110932 0.05585048
v 0.10797286 0.05470932 0.05429171
v 0.12437384 0.04940797 0.04528525
v 0.14021402 0.04466044 0.03486302
v 0.15156181 0.03496912 0.02412303
v 0.16171024 0.02503804 0.01786255
v 0.13538156 0.05780642 0.00632379
v 0.14042214 0.03715832 -0.00233828
v 0.14915606 0.02584735 -0.00611450
v 0.13963549 0.02581591 -0.02999796
v 0.13347531 0.03828403 -0.02841411
v 0.12051375 0.03831370 -0.07024419
v 0.12783546 0.03945607 -0.05185044
v 0.13390467 0.02624784 -0.05393489
v 0.12725705 0.02422722 -0.07379505
v 0.12996039 0.05641878 -0.02327503
v 0.12376472 0.05740362 -0.04677315
v 0.11428941 0.05826249 -0.06184070
v 0.10825093 0.02305057 -0.09715554
v 0.10706890 0.03992744 -0.09641229
v 0.11491542 0.03877272 -0.08435759
v 0.11975915 0.02352179 -0.08773333
v 0.09086547 0.02184382 -0.10025869
v 0.08997821 0.03935094 -0.10256838
v 0.07483511 0.03759753 -0.08938772
v 0.07451568 0.02087311 -0.08915111
v 0.10198218 0.05951129 -0.08679319
v 0.10606679 0.05767295 -0.07340137
v 0.09147390 0.06011284 -0.09552695
v 0.07780027 0.05798297 -0.08590507
v 0.06993228 0.03574829 -0.06928567
v 0.07689439 0.05603633 -0.06700144
v 0.06796095 0.02034155 -0.06956051
v 0.07674973 0.03510777 0.05102133
v 0.07483815 0.02244658 0.04638533
v 0.11927546 0.06531543 0.02582628
v 0.10221159 0.06872908 0.03478570
v 0.08233145 0.06016027 0.02760281
v 0.07199656 0.03765294 0.02453035
v 0.07507734 0.02316542 0.02054816
v 0.06730887 0.03615533 -0.00043724
v 0.07348030 0.02297168 -0.00294396
v 0.08420297 0.01234491 0.04303895
v 0.08546228 0.01656217 0.01771902
v 0.08278894 0.01704801 -0.00535064
v 0.06571722 0.03558643 -0.02231798
v 0.07021149 0.02232661 -0.02354522
v 0.06835105 0.03555740 -0.04015825
v 0.06863976 0.02174885 -0.04036387
v 0.06765011 0.02083364 -0.05422402
v 0.06998461 0.03529290 -0.05401765
v 0.07144414 0.05492938 -0.04114255
v 0.07366560 0.05614136 -0.05375361
v 0.06842476 0.05337387 -0.02337720
v 0.07037388 0.05481295 -0.00102312
v 0.15786907 0.01112197 0.01970763
v 0.14794869 0.01393195 -0.00514527
v 0.13711400 0.01624201 -0.02855571
v 0.13028644 0.01459443 -0.05188441
v 0.12230661 0.01291998 -0.07017212
v 0.11487996 0.01222383 -0.08170680
v 0.10512819 0.01239028 -0.08985932
v 0.09116633 0.01322732 -0.09067668
v 0.07930592 0.01209205 -0.08371795
v 0.07440516 0.01049507 -0.06861333
v 0.07394299 0.00966822 -0.05495520
v 0.07868131 0.01470529 -0.02577403
v 0.07513160 0.01119553 -0.04154360
v 0.06542801 0.07370188 -0.02588873
v 0.06794509 0.07559888 -0.04369083
v 0.07311225 0.07637341 -0.05502189
v 0.08107390 0.07786276 -0.08345453
v 0.08072049 0.07693963 -0.06585314
v 0.10031055 0.00897511 0.04040912
v 0.11805116 0.00908002 0.03612991
v 0.13372466 0.00794848 0.03029095
v 0.14695486 0.00807435 0.02462131
v 0.13921550 0.01012038 -0.00121315
v 0.12726028 0.00981486 0.00360034
v 0.11275078 0.01049985 0.00921488
v 0.09825271 0.01347306 0.01456171
v 0.12932580 0.01069054 -0.02471540
v 0.11901850 0.00961530 -0.02002401
v 0.10577032 0.01009108 -0.01500211
v 0.09369065 0.01285433 -0.00908703
v 0.08778482 0.00934841 -0.02956674
v 0.09837266 0.00792712 -0.03594444
v 0.11022562 0.00841115 -0.04091357
v 0.11994588 0.01015034 -0.04645712
v 0.11287370 0.00929164 -0.06328989
v 0.10357913 0.00821214 -0.05703089
v 0.09305000 0.00737578 -0.05186620
v 0.08410770 0.00759538 -0.04594833
v 0.10726490 0.00924726 -0.07319571
v 0.09225951 0.00945953 -0.08250163
v 0.10078839 0.00935724 -0.07988335
v 0.08427088 0.00840274 -0.07844129
v 0.08196839 0.00763246 -0.06795549
v 0.08236340 0.00724997 -0.05723250
v 0.08893400 0.00799685 -0.06906297
v 0.09049569 0.00763572 -0.06140477
v 0.09960133 0.00842103 -0.06639367
v 0.09601175 0.00873983 -0.07290630
v 0.08860937 0.00851527 -0.07497512
v 0.09228199 0.00886154 -0.07684033
v 0.11952959 0.07382109 -0.01271429
v -0.00482690 1.44926708 -0.04439372
v -0.00404789 1.37168774 -0.07324534
v 0.08101267 0.42760765 0.01639641
v 0.09347909 0.42383626 0.02392543
v 0.10793712 0.42440742 0.02670096
v 0.11976751 0.84799019 0.07844599
v 0.05455190 1.08193764 0.07371591
v 0.06652099 1.12331003 0.07769030
v 0.05945943 1.10173912 0.07453934
v 0.12540604 0.81527934 0.08239769
v 0.12093941 1.14770086 0.05907567
v -0.00146151 0.85749454 -0.11725792
v -0.00408215 1.33428830 -0.08344824
v 0.11566826 1.31510145 0.09003886
v -0.00215589 0.93763361 -0.11192732
v 0.08341390 1.60284920 0.03420530
v 0.08085229 1.60119746 0.03225507
v 0.08007726 1.59742813 0.03126841
v 0.07891577 1.59562185 0.02729383
v 0.07826795 1.59369565 0.02420344
v 0.07795545 1.59264812 0.02203901
v 0.08169087 1.59806636 0.02898661
v 0.07956096 1.60110033 0.02604271
v 0.08099026 1.60097815 0.02939622
v 0.08229297 1.60000744 0.03059942
v 0.00027305 1.34374963 0.07258954
v -0.00023953 1.32816601 0.07412194
v 0.00006139 1.31269407 0.07529039
v 0.00055302 1.29705759 0.07617520
v 0.00296388 1.54676661 0.14994020
v -0.00174412 1.02438655 0.08509040
v -0.00116732 1.04565457 0.07743298
v -0.00315018 1.06735050 -0.06303187
v -0.00290193 0.97878380 0.07791397
v -0.00100963 1.06344201 0.07821378
v -0.00251595 1.21563168 -0.08090369
v 0.00173579 1.27995943 0.07553257
v -0.00263463 0.96210155 0.08075289
v -0.00309641 1.27394212 -0.09087763
v -0.00101425 1.08659362 0.07800784
v -0.00376388 0.87712441 0.09380720
v 0.00117725 1.14906662 0.08128330
v -0.04286572 1.66667937 0.10609776
v -0.05379439 1.65753303 0.09633351
v -0.04902231 1.64950645 0.10733944
v -0.03760748 1.65524521 0.11564047
v -0.04562738 1.64262309 0.11504425
v -0.03503481 1.64572820 0.12123954
v -0.06058928 1.64612014 0.08706962
v -0.05674542 1.64175790 0.09869797
v -0.06224454 1.60419554 0.09459244
v -0.06067488 1.61391475 0.09371740
v -0.06614390 1.61061738 0.08503988
v -0.06661380 1.59746442 0.08584928
v -0.05946675 1.57691409 0.09672366
v -0.06073885 1.56700018 0.08716474
v -0.05409333 1.56000090 0.09834648
v -0.05209374 1.57016985 0.10607938
v -0.02135301 1.58790176 0.12895781
v -0.02459024 1.59381667 0.12554541
v -0.02991002 1.58787786 0.12489015
v -0.02610881 1.58133201 0.12870622
v -0.01350987 1.60002521 0.13583567
v -0.00907124 1.60421275 0.14298411
v -0.01003988 1.60981572 0.13640615
v -0.01486368 1.60488991 0.13043967
v -0.01708260 1.58267537 0.13398694
v -0.02194583 1.57569113 0.13333833
v -0.01602548 1.59029681 0.13606068
v -0.01752038 1.59457611 0.13076854
v -0.01292882 1.58573274 0.15033265
v -0.00950181 1.58696507 0.15561731
v -0.01072218 1.59275770 0.15488905
v -0.01438899 1.59058998 0.14754341
v -0.01624125 1.58319442 0.13974379
v -0.01237149 1.58041479 0.14300591
v -0.01394458 1.58334210 0.14574366
v -0.01622000 1.58701694 0.14207705
v -0.01298580 1.59530764 0.14162252
v -0.00960057 1.59883801 0.14952673
v -0.00503730 1.60067990 0.15715937
v -0.00547904 1.59284853 0.16235921
v -0.03552318 1.56656027 0.12511417
v -0.03144400 1.56279393 0.13041381
v -0.02704530 1.56897687 0.13211907
v -0.03107160 1.57389069 0.12743855
v -0.01320240 1.57644140 0.13981878
v -0.01550045 1.55835169 0.14431992
v -0.00992701 1.56010424 0.14801522
v -0.00999823 1.56439731 0.14701661
v -0.01616305 1.56310188 0.14312028
v -0.04006729 1.55045080 0.11821538
v -0.03952591 1.54138050 0.11535423
v -0.03473064 1.54155274 0.12356736
v -0.03546269 1.54902805 0.12545320
v -0.03242896 1.53434472 0.12400736
v -0.03730146 1.53178927 0.11449097
v -0.03031536 1.51311322 0.12100315
v -0.02418424 1.52128085 0.13111349
v -0.02875807 1.52750939 0.12620484
v -0.03443088 1.52230514 0.11643738
v -0.01225382 1.52728643 0.13901353
v -0.01815374 1.51563316 0.13701239
v -0.01171719 1.51197141 0.14261145
v -0.00679704 1.52543927 0.14272284
v -0.01414855 1.55115680 0.14062183
v -0.01476925 1.55442556 0.14327210
v -0.01889059 1.55312056 0.13995996
v -0.01823416 1.55076441 0.13812649
v -0.02259486 1.55020614 0.13534999
v -0.02248100 1.55102864 0.13610050
v -0.02425422 1.55181584 0.13576996
v -0.02445739 1.54998363 0.13444247
v -0.02051443 1.55036839 0.13660644
v -0.02145921 1.54899238 0.13596261
v -0.01910457 1.54801810 0.13770230
v -0.01568727 1.54732931 0.14071776
v -0.00276554 1.54629540 0.14901008
v -0.00172833 1.55157438 0.14709182
v -0.00486309 1.55159053 0.14566906
v -0.00672403 1.54646464 0.14759218
v -0.02265549 1.55388908 0.13765850
v -0.01995765 1.55606923 0.14042547
v -0.02146127 1.56004525 0.13964179
v -0.02500994 1.55639067 0.13673797
v -0.02799460 1.55920934 0.13473097
v -0.03016975 1.55431808 0.13243097
v -0.02688826 1.55297212 0.13469553
v -0.02347919 1.54778628 0.13463378
v -0.02729774 1.54955874 0.13307900
v -0.02633795 1.54618865 0.13243613
v -0.02431729 1.54271656 0.13417716
v -0.02128070 1.54570137 0.13657934
v -0.01774235 1.54380577 0.13964879
v -0.02060606 1.53956092 0.13688890
v -0.01519348 1.53693789 0.13995687
v -0.01298264 1.54201560 0.14341941
v -0.02375737 1.56434344 0.13717555
v -0.03100992 1.54920533 0.13010358
v -0.03416078 1.55638420 0.12800816
v -0.03020892 1.54380531 0.12901363
v -0.02808614 1.53876288 0.13011331
v -0.01869696 1.53018798 0.13575823
v -0.02432952 1.53398038 0.13269713
v -0.02325094 1.50615428 0.12689002
v -0.01476976 1.50116094 0.13176396
v -0.04150214 1.63660938 0.11597696
v -0.03261350 1.63866133 0.11895134
v -0.04170913 1.62826527 0.11307898
v -0.03810395 1.62972260 0.11537378
v -0.03852425 1.63275755 0.11506817
v -0.04323042 1.63052242 0.11204151
v -0.05510142 1.61739219 0.09944946
v -0.05651304 1.61031028 0.09992825
v -0.05109050 1.61569635 0.10374549
v -0.05029841 1.62001060 0.10392099
v -0.04321797 1.60816976 0.11230126
v -0.04128651 1.61583735 0.11344156
v -0.04440524 1.61655556 0.11070335
v -0.04759675 1.60921618 0.10886739
v -0.03745058 1.61559522 0.11559080
v -0.03836780 1.60836799 0.11520291
v -0.03347293 1.60982783 0.11729065
v -0.03321392 1.61612957 0.11683017
v -0.03182395 1.63412997 0.11685744
v -0.03255641 1.63051419 0.11697035
v -0.02633836 1.63025579 0.11640713
v -0.02456558 1.63403346 0.11715893
v -0.01616507 1.62248423 0.11455174
v -0.01325640 1.62251591 0.11743941
v -0.01359730 1.62637578 0.11701079
v -0.01695385 1.62459753 0.11440258
v -0.01759249 1.61984524 0.11570649
v -0.01565768 1.61824045 0.11787279
v -0.03410521 1.68831213 0.10119086
v -0.04849795 1.67856116 0.09191364
v -0.02885606 1.67283094 0.11356314
v -0.05917068 1.66533183 0.08235775
v -0.06558334 1.65055267 0.07453575
v -0.05533358 1.54962373 0.09172536
v -0.04634619 1.54437095 0.10417348
v -0.04611267 1.55425516 0.10868783
v -0.05396234 1.53807129 0.08801641
v -0.04399465 1.53305808 0.10205100
v -0.03331949 1.51169099 0.10293120
v -0.04004422 1.52201402 0.10115531
v -0.06063519 1.54655287 0.07037749
v -0.05723350 1.53773042 0.06380725
v -0.04973192 1.52669210 0.08300035
v -0.06232801 1.55048788 0.04836602
v -0.06026782 1.54713968 0.03995726
v -0.05137148 1.52862655 0.05346954
v -0.03897041 1.49216136 0.05751181
v -0.05312343 1.49619468 0.04660961
v -0.05705715 1.48287444 0.04141143
v -0.04392995 1.47884779 0.05369566
v -0.06133992 1.55710630 0.07722733
v -0.06803330 1.62059524 0.07561615
v -0.06998226 1.60603600 0.07420874
v -0.06369182 1.62274770 0.08648220
v -0.06913173 1.67772214 0.04803993
v -0.07471613 1.66005674 0.04538005
v -0.07105668 1.65587480 0.06131700
v -0.06465936 1.67308938 0.06700191
v -0.04108828 1.71228119 0.05426618
v -0.05734397 1.69711676 0.05124802
v -0.05288802 1.68925783 0.07339736
v -0.03802886 1.70225674 0.08003965
v -0.07782143 1.66034324 0.02981870
v -0.07291076 1.67843393 0.02750335
v -0.07469851 1.67352369 0.00612220
v -0.07929074 1.65703272 0.01359877
v -0.06111912 1.69889685 0.02409988
v -0.06414666 1.69273523 -0.00319216
v -0.06148405 1.54953191 0.02781852
v -0.06031358 1.53280340 0.03184640
v -0.05935685 1.51589667 0.03385825
v -0.04846146 1.51193408 0.05034655
v -0.04694739 1.70939454 -0.01004013
v -0.04333688 1.71482175 0.02277025
v -0.06746065 1.62610457 -0.02880550
v -0.07329294 1.61847671 -0.01397656
v -0.07645396 1.63458796 -0.00644092
v -0.07157268 1.64531795 -0.02303348
v -0.05860569 1.63340352 -0.04487619
v -0.06145503 1.65653269 -0.03865525
v -0.05597656 1.57018385 -0.02260248
v -0.04634117 1.57044011 -0.03593303
v -0.04144117 1.55386955 -0.02633018
v -0.04924075 1.55453364 -0.01385312
v -0.05293442 1.63737793 0.10789740
v -0.05751110 1.63073914 0.10123288
v -0.05102891 1.62902507 0.10628079
v -0.04753653 1.63320555 0.11138933
v -0.06460557 1.63419674 0.07970575
v -0.06115869 1.63250993 0.09174425
v -0.07361368 1.64040060 0.05583244
v -0.07674188 1.64458747 0.04290896
v -0.08041850 1.64348166 0.01776001
v -0.07929674 1.64547460 0.03065305
v -0.07574517 1.61262064 -0.00284140
v -0.07791297 1.62316814 0.00192998
v -0.06231991 1.55627574 0.01222121
v -0.05609518 1.55507192 -0.00204273
v -0.05403519 1.53647827 0.00252202
v -0.06039776 1.53574457 0.01564882
v -0.03833735 1.53732670 -0.01826555
v -0.04634132 1.53715508 -0.00848112
v -0.05988296 1.50284323 0.01464687
v -0.05272633 1.50460395 0.00229066
v -0.05625718 1.49048037 -0.00246766
v -0.06012625 1.48739604 0.01106589
v -0.04927199 1.49141375 -0.01485131
v -0.04505233 1.50540838 -0.00790085
v -0.03652462 1.50538369 -0.01677093
v -0.03945517 1.49117796 -0.02336871
v -0.01985887 1.47015414 0.07131506
v -0.03025728 1.47466563 0.06241465
v -0.03422309 1.46231120 0.05772104
v -0.02193408 1.45832995 0.06541992
v -0.06192095 1.47541156 0.00329582
v -0.06005381 1.48082440 -0.01081433
v -0.06169280 1.57079209 -0.00866891
v -0.06622864 1.57343608 0.00251851
v -0.05335444 1.48123503 -0.02307073
v -0.05281340 1.51912209 0.00474233
v -0.04530711 1.52013729 -0.00647261
v -0.02773231 1.53714360 -0.02666258
v -0.03050118 1.55314230 -0.03585273
v -0.01961658 1.59955063 0.12672998
v -0.02370096 1.61355578 0.11844245
v -0.01930206 1.61564101 0.11816378
v -0.02036632 1.61879409 0.11650840
v -0.02428745 1.61757249 0.11709802
v -0.01115312 1.65767634 0.12812905
v -0.02482230 1.65799364 0.12314169
v -0.02291698 1.64543432 0.12671385
v -0.00973096 1.64180761 0.12995860
v -0.04865469 1.58304765 0.11430062
v -0.04113042 1.57289589 0.11971650
v -0.03561154 1.58113184 0.12330089
v -0.03943302 1.58998145 0.11970077
v -0.04731600 1.62177668 0.10672493
v -0.04596803 1.62415120 0.10845390
v -0.04840252 1.62418760 0.10582458
v -0.03849756 1.55923883 0.12183300
v -0.04455646 1.56384411 0.11455690
v -0.06869788 1.59101521 0.07424149
v -0.05908674 1.62342492 0.09593360
v -0.02065676 1.72250636 0.05756593
v -0.01922418 1.71094270 0.08681785
v -0.02177020 1.72549489 0.02246866
v -0.02468895 1.72059038 -0.01387300
v -0.04708299 1.66684970 -0.05198032
v -0.02543279 1.67498656 -0.06055452
v -0.02299888 1.64529370 -0.06791865
v -0.04390968 1.64057590 -0.05888112
v -0.03290184 1.57163068 -0.04583753
v -0.02648849 1.50589838 -0.02361479
v -0.02818752 1.49024842 -0.02666837
v -0.01749468 1.69360587 0.10741906
v -0.01375322 1.67501740 0.11841047
v -0.06862562 1.63592612 0.06736581
v -0.06142192 1.59572969 0.09846262
v -0.05726031 1.58857340 0.10463702
v -0.05329310 1.59953693 0.10799026
v -0.05634868 1.60394570 0.10307566
v -0.06414721 1.58624513 0.08955652
v -0.06457089 1.57751744 0.07715068
v -0.06688265 1.56846503 0.06281898
v -0.06522182 1.55673147 0.05540120
v -0.07370939 1.66219384 -0.01146358
v -0.07792152 1.64905753 0.00011963
v -0.04835425 1.69112116 -0.03581392
v -0.06406551 1.67734449 -0.02527156
v -0.07912330 1.63889323 0.00597876
v -0.02599993 1.70278624 -0.04312703
v -0.00998454 1.56977331 0.14553378
v -0.00860225 1.57481652 0.14486777
v -0.01722208 1.56999716 0.14008694
v -0.00812955 1.54137157 0.14619415
v -0.00957655 1.53517483 0.14217842
v -0.00449968 1.53444965 0.14386633
v -0.00357192 1.54107931 0.14766813
v -0.01400388 1.49971208 0.11300410
v -0.02350052 1.50426407 0.10824105
v -0.01689440 1.48243872 0.07738357
v -0.02633766 1.48679481 0.06802914
v -0.00836326 1.58432707 0.14932695
v -0.00871589 1.58356645 0.14698110
v -0.00664973 1.58390434 0.14758271
v -0.00673217 1.58441828 0.15004969
v -0.02128894 1.55255328 0.13761376
v -0.00499234 1.56039080 0.15042161
v -0.00502177 1.55620759 0.14881528
v -0.00159555 1.55602552 0.14967130
v -0.00154582 1.56000681 0.15127386
v -0.03761064 1.51420283 0.07839280
v -0.03542092 1.50464906 0.06433220
v -0.06248814 1.48486732 0.02641295
v -0.06087076 1.49939032 0.03159619
v -0.05993205 1.51918711 0.01624939
v -0.03798065 1.52039889 -0.01664285
v -0.02689936 1.52120038 -0.02384869
v -0.01427556 1.52204003 -0.02805438
v -0.01493481 1.53765683 -0.03160302
v -0.02350358 1.50412279 0.08904788
v -0.02423274 1.49775205 0.07550921
v -0.01454076 1.49389858 0.08314034
v -0.01319545 1.49942596 0.09489618
v -0.00254941 1.58108650 0.15130837
v -0.00367085 1.57983711 0.14906036
v -0.00157075 1.57725447 0.14999977
v -0.00094523 1.57977972 0.15302031
v -0.00962213 1.58126891 0.14517201
v -0.00768119 1.57812218 0.14513271
v -0.00716983 1.58040350 0.14512558
v -0.01054820 1.58260220 0.14687102
v -0.01004743 1.58413135 0.14984414
v -0.00485473 1.58497388 0.15530721
v -0.00406779 1.58572486 0.16046665
v -0.00807123 1.58506602 0.15326435
v -0.00441828 1.58284807 0.14958563
v -0.00473429 1.58151366 0.14745710
v -0.00664249 1.58253841 0.14559351
v -0.00845449 1.58264096 0.14557880
v -0.00529787 1.58505102 0.15295326
v -0.00720391 1.58486034 0.15147305
v -0.00454582 1.60765095 0.15024362
v -0.00855934 1.47945309 0.08318920
v -0.00611835 1.49164703 0.08772714
v -0.02185852 1.55079842 0.13589528
v -0.02323101 1.63833809 0.12114685
v -0.04696928 1.59778655 0.11343379
v -0.02694789 1.60006145 0.12278410
v -0.02822260 1.60607354 0.12065977
v -0.03374609 1.60280191 0.11911004
v -0.03250448 1.59510193 0.12152933
v -0.01429199 1.63501351 0.12254636
v -0.00940608 1.62905940 0.12251356
v -0.00531372 1.63082347 0.13024167
v -0.00928749 1.62218528 0.12323885
v -0.01268553 1.61641318 0.12182161
v -0.01115411 1.61413647 0.12913921
v -0.00596713 1.62143010 0.13398737
v -0.04605682 1.62768973 0.10867145
v -0.04407569 1.62632512 0.11059427
v -0.01615927 1.60891557 0.12543898
v -0.01741289 1.61235695 0.12090511
v -0.02265230 1.60921172 0.12084162
v -0.02151899 1.60440271 0.12378420
v -0.03980344 1.59964487 0.11663308
v -0.05323211 1.62371413 0.10190644
v -0.05023221 1.61169036 0.10569495
v -0.06542576 1.56937592 0.01742252
v -0.06925634 1.57980143 0.01053115
v -0.06773309 1.56261850 0.03698364
v -0.06684651 1.56443493 0.03305425
v -0.06210103 1.55943986 0.03492411
v -0.06491750 1.55883286 0.03946365
v -0.07855675 1.61377190 0.01680224
v -0.07784828 1.61441976 0.02075761
v -0.07858155 1.62125263 0.02166504
v -0.07830614 1.62001626 0.01427530
v -0.07863861 1.61716089 0.02736795
v -0.07837552 1.61357461 0.02740744
v -0.07761372 1.61329500 0.03079492
v -0.07836130 1.62067593 0.02965383
v -0.07643072 1.61840037 0.03698185
v -0.07682607 1.63019115 0.04057798
v -0.07908505 1.63207873 0.03041466
v -0.07170415 1.61766249 0.06033524
v -0.07359516 1.62553999 0.04977549
v -0.07374830 1.61324234 0.04284984
v -0.07204181 1.60518568 0.04772119
v -0.06801667 1.57035862 0.04784648
v -0.06755790 1.56217725 0.04433767
v -0.06280906 1.56272337 0.02699790
v -0.05465612 1.61133131 -0.04541627
v -0.06436043 1.60672246 -0.03017572
v -0.07033728 1.60259742 -0.01613465
v -0.07343163 1.60002218 -0.00425987
v -0.04132597 1.61542772 -0.05922908
v -0.02181576 1.61746509 -0.06842905
v -0.07157775 1.60015720 0.06129632
v -0.07120445 1.59331305 0.04935686
v -0.06004849 1.58797441 -0.02794074
v -0.05031789 1.59063401 -0.04177107
v -0.06683347 1.58627683 -0.01427966
v -0.06987370 1.58711282 -0.00236369
v -0.03692708 1.59310102 -0.05433216
v -0.01922777 1.59203628 -0.06111204
v -0.01837790 1.57172755 -0.05105927
v -0.07272168 1.57064741 0.03720962
v -0.07339944 1.56509395 0.03852602
v -0.07022147 1.56423073 0.03976427
v -0.07026887 1.57000722 0.04134931
v -0.07006459 1.58154196 0.04892645
v -0.06964673 1.58482128 0.06106304
v -0.00514273 1.61460284 0.14316329
v -0.00432616 1.51092681 0.14545244
v -0.00191038 1.52466295 0.14529439
v -0.00481108 1.56939356 0.14857243
v -0.00498570 1.56482539 0.14971506
v -0.00143597 1.56407763 0.15064719
v -0.00126212 1.56849551 0.14951201
v -0.01776384 1.63147008 0.11657508
v -0.01610331 1.55341200 -0.04173752
v -0.01427281 1.50626167 -0.02666414
v -0.01536030 1.49097250 -0.02743212
v -0.04274883 1.47807396 -0.03059652
v -0.03017736 1.47521920 -0.03268893
v -0.00116626 1.57321604 0.14905379
v -0.00440625 1.57397917 0.14791842
v -0.00467147 1.58432724 0.15167332
v -0.00972393 1.55578414 0.14682848
v -0.00495039 1.57993409 0.14704905
v -0.00435604 1.57743511 0.14762481
v 0.00093493 1.57668305 0.15082411
v 0.00089142 1.57270940 0.14951099
v -0.02865044 1.61209333 0.11845783
v -0.02881524 1.61710093 0.11726676
v -0.00298656 1.58323036 0.15398358
v -0.00168289 1.58213681 0.15676978
v -0.04839220 1.46591889 0.04865752
v -0.06018625 1.46898878 0.03474340
v 0.00087828 1.55600026 0.14987152
v 0.00078900 1.55985439 0.15153698
v -0.07232258 1.59725906 0.03956039
v -0.07415171 1.60463887 0.03739247
v -0.07557691 1.59893621 0.03201848
v -0.07353176 1.59277689 0.03377436
v -0.01045033 1.46701004 0.07728182
v -0.06278004 1.47127987 0.01849369
v -0.01735205 1.47504868 -0.03227077
v -0.04669108 1.61782000 0.10841850
v -0.04767096 1.61958510 0.10690620
v -0.02078508 1.62845025 0.11490119
v -0.01131093 1.54703347 0.14481544
v -0.00945260 1.55186190 0.14370308
v -0.00496105 1.49789642 0.09819470
v 0.00093595 1.57923616 0.15396674
v -0.07636574 1.60682951 0.02302823
v -0.07587710 1.60306675 0.02385157
v -0.07849119 1.60193027 0.02609145
v -0.07870143 1.60541030 0.02669398
v -0.08027361 1.60907701 0.03192238
v -0.08181254 1.61256660 0.03034970
v -0.08270225 1.60878797 0.02847979
v -0.08112204 1.60580507 0.02922249
v -0.07655235 1.61035713 0.03440097
v -0.07791845 1.60493018 0.03222243
v -0.08403339 1.61393040 0.02852293
v -0.08355805 1.61107299 0.02694220
v -0.07814688 1.61428819 0.02494770
v -0.08126979 1.61527283 0.02739809
v -0.08250869 1.61663895 0.02284189
v -0.08663355 1.61483038 0.02466491
v -0.08457908 1.61601628 0.01675240
v -0.08938334 1.61375872 0.01925975
v -0.08523058 1.61142184 0.01150163
v -0.09074491 1.60992583 0.01385180
v -0.07046188 1.57831198 0.04124458
v -0.07028873 1.57819016 0.03422978
v -0.08522775 1.60479134 0.00895690
v -0.09123824 1.60420897 0.01032381
v -0.08440511 1.59709669 0.00750385
v -0.09027701 1.59691145 0.00908516
v -0.08339337 1.58895823 0.00860019
v -0.08863583 1.58925827 0.00987348
v -0.08171586 1.58098519 0.01121020
v -0.08696040 1.58227233 0.01279639
v -0.07969729 1.57190679 0.01615207
v -0.08466619 1.57577190 0.01779416
v -0.08651931 1.60812560 0.01445703
v -0.08522667 1.61160943 0.01815156
v -0.07757440 1.60959049 0.01520197
v -0.08417713 1.61261516 0.02311399
v -0.07461635 1.59703089 0.01640612
v -0.07383979 1.59449667 0.01747268
v -0.07672597 1.59552167 0.02092995
v -0.07438086 1.59777877 0.01887095
v -0.07442209 1.59042359 0.02998916
v -0.07424105 1.58507950 0.03029047
v -0.07290844 1.58547914 0.03479379
v -0.07216309 1.58107754 0.03006853
v -0.07156728 1.58540453 0.02845843
v -0.07154051 1.58220448 0.02838073
v -0.07094232 1.58886333 0.02788570
v -0.07187907 1.58061833 0.02703314
v -0.07284950 1.57902232 0.02852090
v -0.07099174 1.58152863 0.02625810
v -0.07058781 1.58263538 0.02697209
v -0.06990074 1.58435904 0.02595836
v -0.06993157 1.58692823 0.02368358
v -0.07186618 1.58790745 0.04081925
v -0.06973542 1.57578645 0.02064840
v -0.07305260 1.58324284 0.01639106
v -0.08164350 1.57081593 0.02376754
v -0.07772746 1.56531655 0.02372786
v -0.07516062 1.56198671 0.03685991
v -0.07693213 1.56156082 0.03121616
v -0.07679677 1.60416813 0.01399398
v -0.07659675 1.59752567 0.01271043
v -0.06755261 1.57021854 0.02784107
v -0.07524355 1.59070574 0.01364408
v -0.08285471 1.57971687 0.01862137
v -0.08012485 1.57620462 0.02299773
v -0.08543793 1.58452946 0.01507758
v -0.07387378 1.57567653 0.03117932
v -0.07715478 1.57486506 0.02733924
v -0.07905888 1.56924677 0.02976608
v -0.07616121 1.56951348 0.03446111
v -0.07750994 1.57994571 0.02257537
v -0.08105775 1.58278317 0.01991892
v -0.07405870 1.58197787 0.02101261
v -0.07726016 1.58495786 0.01876029
v -0.07271846 1.58067438 0.02453348
v -0.07467943 1.57857804 0.02566993
v -0.07027925 1.58376754 0.02033853
v -0.07293645 1.58787949 0.01714591
v -0.07048600 1.58207154 0.02414951
v -0.08032371 1.58842640 0.01819561
v -0.07691421 1.59142944 0.01701099
v -0.08050623 1.59498480 0.01894604
v -0.08294643 1.59237281 0.01845351
v -0.08371622 1.58650678 0.01764108
v -0.08575625 1.59090128 0.01594509
v -0.08610088 1.59036302 0.01254101
v -0.08614115 1.59625962 0.01480934
v -0.08662495 1.59689566 0.01160319
v -0.08417620 1.59617613 0.01741232
v -0.08259116 1.59734625 0.01944997
v -0.08708218 1.60325253 0.01222507
v -0.08596604 1.60152320 0.01509352
v -0.08520293 1.60580969 0.01651072
v -0.08457421 1.60015314 0.01760475
v -0.08384518 1.60345403 0.01865360
v -0.08335468 1.59955095 0.01911382
v -0.08262143 1.60136376 0.02029302
v -0.08088376 1.61015835 0.02516123
v -0.07971868 1.60825418 0.02658868
v -0.08237528 1.61020546 0.02233059
v -0.08091041 1.60756208 0.02234306
v -0.07987436 1.60899069 0.02358736
v -0.07853278 1.60787066 0.02383725
v -0.07987455 1.60518516 0.02288897
v -0.07777050 1.60325903 0.02141622
v -0.02413658 1.43412343 0.05552832
v -0.01128192 1.43201841 0.05872229
v -0.01145286 1.44339513 0.06528586
v -0.02318154 1.44622383 0.05979517
v -0.08240894 1.60588222 0.02043097
v -0.08138900 1.60322977 0.02187262
v -0.08379177 1.60880628 0.01901373
v -0.07909043 1.59917140 0.01916087
v -0.07996439 1.60097433 0.02090271
v -0.08148724 1.59921254 0.02059924
v -0.08046617 1.59781050 0.01964790
v -0.07436587 1.59430216 0.02877182
v -0.07227650 1.59235064 0.02528962
v -0.07200647 1.58980836 0.02129747
v -0.05894083 1.41784086 0.03294368
v -0.05622627 1.42865593 0.03270061
v -0.06849083 1.43350566 0.01705047
v -0.07356864 1.42496583 0.01862922
v -0.07211022 1.40164610 0.05095066
v -0.09457301 1.40841485 0.03652306
v -0.09516621 1.38969526 0.05368339
v -0.07414503 1.38473698 0.05755200
v -0.09373499 1.37229439 0.06386577
v -0.07418584 1.36894151 0.06437332
v -0.08511881 1.32676582 0.08219106
v -0.06752391 1.32512507 0.08068482
v -0.07041059 1.33933855 0.07603504
v -0.08885447 1.34134202 0.07749523
v -0.08615809 1.25386128 0.08511497
v -0.07853792 1.23732777 0.08095585
v -0.06838303 1.23974808 0.08547565
v -0.07635415 1.25507911 0.08782289
v -0.16375978 1.34394175 0.06281395
v -0.16731093 1.36364766 0.05937849
v -0.17725326 1.35188632 0.05729403
v -0.17109612 1.33255570 0.05859099
v -0.10772426 1.44199760 -0.00483211
v -0.10329255 1.42711669 0.01628266
v -0.09145125 1.42934574 0.00779918
v -0.09796584 1.44599108 -0.00796435
v -0.12947157 1.26514631 0.05464066
v -0.12105252 1.25377775 0.05881594
v -0.12059127 1.26273712 0.06572524
v -0.12951563 1.27408698 0.06435768
v -0.10392434 1.17166548 0.06652724
v -0.10309017 1.15013677 0.06358002
v -0.08695515 1.14954040 0.07059481
v -0.08773115 1.17073120 0.07276841
v -0.14499030 1.19269799 0.01890996
v -0.15349899 1.18936786 -0.00190950
v -0.14982418 1.17295520 -0.00099329
v -0.14247909 1.17450212 0.02080492
v -0.11855285 1.32617017 0.08094452
v -0.10254155 1.32710206 0.08249592
v -0.10694662 1.34168792 0.07755320
v -0.12365773 1.34082118 0.07573853
v -0.30458785 1.26241001 0.02851358
v -0.29466112 1.25098171 0.02829490
v -0.27609250 1.26852762 0.02858793
v -0.28507688 1.28005331 0.02844069
v -0.12464223 1.07656152 0.01585028
v -0.12425221 1.07989033 0.00061401
v -0.12271421 1.06229784 0.00137003
v -0.12369583 1.05769882 0.01809633
v -0.22685918 1.39025639 0.03086350
v -0.21730711 1.40475308 0.03321928
v -0.22052034 1.42028303 0.01299266
v -0.23169926 1.40568370 0.01259162
v -0.15635984 1.30688174 0.06064386
v -0.15237828 1.31513968 0.06853860
v -0.15927171 1.32880239 0.06609338
v -0.16370925 1.31837042 0.05964636
v -0.16173564 1.21938217 -0.00560017
v -0.15356776 1.22422458 0.00997317
v -0.15791298 1.23841354 0.00463649
v -0.16634517 1.23382700 -0.00921689
v -0.14917862 1.20856183 0.01422877
v -0.15759343 1.20422112 -0.00359375
v -0.14392011 1.32089630 0.07396162
v -0.13246142 1.32420897 0.07820862
v -0.13825000 1.33907424 0.07317181
v -0.14992986 1.33577996 0.07019380
v -0.07404839 1.22178125 0.08008110
v -0.06108685 1.22486354 0.08421916
v -0.11894430 1.05169579 0.03467909
v -0.10856329 1.04432524 0.04970394
v -0.10735499 1.06668452 0.04610844
v -0.11855283 1.07202623 0.03188176
v -0.07188281 1.19062384 0.07687648
v -0.07254549 1.20690748 0.07943809
v -0.08653845 1.20639578 0.07422033
v -0.08757797 1.19013547 0.07304328
v -0.09295570 1.03742851 0.06088961
v -0.07442949 1.03486165 0.06732283
v -0.07459767 1.05889619 0.06506727
v -0.09269353 1.06120220 0.05781739
v -0.09186635 1.35622140 0.07130405
v -0.07276866 1.35391248 0.07090480
v -0.10249318 1.25327449 0.07578304
v -0.09653818 1.23793905 0.07105865
v -0.08772611 1.23721941 0.07585947
v -0.09481275 1.25344180 0.08033290
v -0.16462349 1.30144287 0.03433383
v -0.17188099 1.31723698 0.04928497
v -0.18419582 1.33458842 0.05013655
v -0.17583156 1.30923282 0.03491522
v -0.12304000 1.04492553 0.00248601
v -0.12311910 1.03900304 0.01971269
v -0.09298997 1.01531167 0.06021103
v -0.07438568 1.01145461 0.06620083
v -0.20246471 1.29319639 -0.02782549
v -0.19660698 1.28202432 -0.02383357
v -0.19463164 1.28370861 -0.00926002
v -0.19992064 1.29667418 -0.01411226
v -0.04392405 1.25488664 0.08955157
v -0.05808811 1.26458779 0.09074112
v -0.06076141 1.24872022 0.08889044
v -0.04958757 1.23564561 0.08690969
v -0.09495505 1.22308906 0.06844337
v -0.09814535 1.20801760 0.06796930
v -0.08547883 1.22194322 0.07435346
v -0.02913508 1.24390773 0.08416040
v -0.03683375 1.21901826 0.08281418
v -0.05381278 1.35129477 0.07110436
v -0.05179005 1.33691920 0.07497437
v -0.05469355 1.36568944 0.06685649
v -0.03493256 1.36303841 0.06953408
v -0.03373281 1.37762474 0.06543010
v -0.05323846 1.38015931 0.06124848
v -0.03106890 1.39200138 0.06153189
v -0.05015518 1.39537976 0.05746169
v -0.04140519 1.41330949 0.04313694
v -0.03919548 1.42491653 0.04371589
v -0.16259743 1.30589639 0.04893270
v -0.15426330 1.29625000 0.04884950
v -0.10877263 1.02265580 0.05094038
v -0.11509518 1.37326095 -0.08939839
v -0.11556373 1.35451199 -0.09356237
v -0.13344393 1.36280146 -0.08988748
v -0.13408871 1.38168986 -0.08652918
v -0.11889704 1.44296739 -0.00257399
v -0.11842406 1.43120677 0.02113317
v -0.18553902 1.31515132 -0.06719235
v -0.18035790 1.30663371 -0.07085928
v -0.18228966 1.29133427 -0.06494849
v -0.18642767 1.30301867 -0.06193749
v -0.20010934 1.29695561 -0.04530498
v -0.20404726 1.29531663 -0.04647811
v -0.20364161 1.30260152 -0.05233383
v -0.19781257 1.30534322 -0.05074627
v -0.11772646 1.06574313 -0.01429926
v -0.11797288 1.08201498 -0.01487482
v -0.14126902 1.19745006 -0.05688305
v -0.15111567 1.19173258 -0.04004152
v -0.15893229 1.20678941 -0.03870938
v -0.15108519 1.21313445 -0.05490568
v -0.02160657 1.33497729 -0.08545938
v -0.02127901 1.32072866 -0.08887857
v -0.04034580 1.32458484 -0.09331581
v -0.04048957 1.33937383 -0.08991704
v -0.07639023 1.37207800 -0.09250922
v -0.07556889 1.38847555 -0.08845146
v -0.05584754 1.37714953 -0.08916918
v -0.05740053 1.36192048 -0.09239632
v -0.09613207 1.36405845 -0.09305537
v -0.09692620 1.34549100 -0.09687056
v -0.17097315 1.23269098 -0.02397555
v -0.16657122 1.21895195 -0.02230557
v -0.17657646 1.24980000 -0.02867315
v -0.17273413 1.25201020 -0.01535515
v -0.17641884 1.25730689 -0.01672338
v -0.17953198 1.25550098 -0.02969042
v -0.08972950 1.45134654 -0.01087034
v -0.08884346 1.45770081 -0.03045589
v -0.09774158 1.45419169 -0.02821788
v -0.05232413 1.43009300 -0.06519906
v -0.05164212 1.42337844 -0.06978903
v -0.06480832 1.42980695 -0.06708901
v -0.06350801 1.43531189 -0.06281284
v -0.04746059 1.25595607 -0.09610953
v -0.02354327 1.25602915 -0.09381807
v -0.02391361 1.23681296 -0.09067949
v -0.05021940 1.23534050 -0.09317540
v -0.18379329 1.26344644 -0.04170475
v -0.18951503 1.27161952 -0.04159001
v -0.18872628 1.27936524 -0.04941096
v -0.18322550 1.26938679 -0.05069935
v -0.17868718 1.26194189 -0.05180750
v -0.17484771 1.25507538 -0.05235491
v -0.17688111 1.25129823 -0.04097660
v -0.17978366 1.25753394 -0.04157173
v -0.16078788 1.22757352 -0.05343004
v -0.16577392 1.22204641 -0.03807230
v -0.17110472 1.23490237 -0.03825475
v -0.16761001 1.23946595 -0.05236684
v -0.02101291 1.16913534 -0.07676702
v -0.04227112 1.16720634 -0.08251601
v -0.04501624 1.19130509 -0.08563627
v -0.02215974 1.19288372 -0.08040429
v -0.20282873 1.30540261 0.00863025
v -0.20077058 1.31004263 0.02182325
v -0.20675487 1.30413642 0.01642497
v -0.20976940 1.29796310 0.00247762
v -0.21274109 1.31607789 -0.06520777
v -0.22179350 1.31166854 -0.06593151
v -0.22398186 1.31719815 -0.06784622
v -0.21399522 1.32247260 -0.06779131
v -0.22130350 1.28224046 -0.01296079
v -0.21892114 1.28864319 -0.00136422
v -0.23261465 1.27658756 -0.00344360
v -0.23274511 1.26997378 -0.01500401
v -0.12744592 1.44632111 -0.02754425
v -0.13101932 1.44726459 0.00079561
v -0.11666405 1.44936304 -0.02687566
v -0.21203499 1.28456204 -0.03148422
v -0.21841280 1.27560208 -0.03334972
v -0.21836159 1.27807823 -0.04246507
v -0.20990085 1.28625397 -0.04039649
v -0.31500703 1.27360486 0.01995609
v -0.29487873 1.29006954 0.01947614
v -0.24606561 1.25220932 -0.02581822
v -0.24730937 1.25070929 -0.03637696
v -0.23030673 1.26393724 -0.03487967
v -0.23112911 1.26515068 -0.02595565
v -0.13284670 1.18162463 -0.05816098
v -0.14433850 1.17630553 -0.04147833
v -0.09907797 1.07086773 -0.04474631
v -0.10976674 1.06860596 -0.03017052
v -0.10886049 1.08508476 -0.03003131
v -0.09812313 1.08805112 -0.04389280
v -0.11925601 1.04931665 -0.01449252
v -0.10104805 1.05182105 -0.04451175
v -0.11215307 1.05053815 -0.03075831
v -0.07206172 1.46726998 -0.02653707
v -0.06379199 1.46701553 -0.03921194
v -0.07006041 1.45963882 -0.04456171
v -0.08068402 1.46221819 -0.02985596
v -0.15159809 0.95033059 -0.02741918
v -0.15254995 0.92296649 -0.03510902
v -0.15968263 0.92343528 -0.01056335
v -0.15606194 0.94737424 -0.00335355
v -0.03782536 1.44237427 -0.05255338
v -0.05532348 1.45141438 -0.05100220
v -0.05015167 1.46029520 -0.04497142
v -0.03581436 1.45174311 -0.04477392
v -0.15003924 0.96884345 0.00205858
v -0.14639429 0.97234989 -0.02290290
v -0.07501879 1.45931239 -0.01003821
v -0.08267791 1.45545502 -0.01194096
v -0.07793107 1.44273527 0.00197136
v -0.07033198 1.44963376 0.00412578
v -0.06420009 1.44374785 0.02029082
v -0.16512807 0.91313843 0.01217940
v -0.15671703 0.93867840 0.01791946
v -0.05847278 1.47267560 -0.03191507
v -0.04613971 1.46815459 -0.03807712
v -0.03242654 1.46328433 -0.03857971
v -0.01816786 1.46166807 -0.03808249
v -0.12047768 1.03349110 -0.01313868
v -0.12209776 1.02969276 0.00466248
v -0.11440366 0.81375209 -0.11228451
v -0.08860818 0.81069155 -0.12014754
v -0.08651648 0.79663394 -0.11275748
v -0.11619705 0.79540691 -0.10245609
v -0.02558613 0.82753469 -0.11763477
v -0.02428399 0.81974876 -0.10647710
v -0.05407194 0.80576281 -0.11336180
v -0.05766548 0.81644071 -0.12363373
v -0.03060747 0.93963338 -0.11282853
v -0.05772243 0.93967381 -0.11449759
v -0.05605589 0.96153330 -0.10351802
v -0.03166699 0.95988947 -0.10306667
v -0.10250749 1.03523659 -0.04350757
v -0.11368930 1.03411300 -0.02991341
v -0.12007129 1.02340305 0.02098945
v -0.17092007 0.76522892 0.02111095
v -0.17460316 0.77370667 -0.01563202
v -0.17261027 0.73774051 -0.01730967
v -0.17093720 0.72805575 0.01742727
v -0.14084119 0.74576161 -0.07191604
v -0.14311059 0.77603385 -0.07711910
v -0.11335501 0.77382245 -0.09307119
v -0.11161278 0.75075130 -0.08672931
v -0.05718877 1.00880326 0.07174706
v -0.07320381 0.99311667 0.06240240
v -0.05645100 0.98906711 0.06675289
v -0.01609960 0.99956414 0.08232837
v -0.02994032 1.00346644 0.08041526
v -0.02807220 0.98318362 0.07393123
v -0.01561670 0.98060162 0.07629146
v -0.02386744 0.87751405 0.08688361
v -0.01387534 0.87611065 0.09064647
v -0.01437061 0.89701380 0.08503378
v -0.02635043 0.89793220 0.08048383
v -0.15061513 0.92668781 0.03811303
v -0.13252622 0.91738283 0.05319265
v -0.12711983 0.93882827 0.05272151
v -0.14252803 0.94873325 0.04035065
v -0.02299583 0.81363882 -0.09084561
v -0.04884310 0.79485824 -0.09998908
v -0.15817066 0.72122382 0.05130744
v -0.15757369 0.75889123 0.05347148
v -0.13229100 0.71813067 0.07499440
v -0.09885220 0.72219751 0.07950864
v -0.10076371 0.75476423 0.08183272
v -0.13269351 0.75304529 0.07595457
v -0.01103820 0.81018981 0.04560945
v -0.01861236 0.82595033 0.06873082
v -0.02627313 0.81186277 0.06120059
v -0.01492884 0.80289677 0.03946937
v -0.02869425 0.85520603 -0.12667895
v -0.02780734 0.83944190 -0.12306658
v -0.05766661 0.83189774 -0.12984697
v -0.05720223 0.84866768 -0.13156709
v -0.08674277 1.05239340 -0.05401816
v -0.08796071 1.03502004 -0.05265016
v -0.07105906 1.05212645 -0.05904656
v -0.08567123 1.07093819 -0.05540390
v -0.07057561 1.07209652 -0.06141183
v -0.09715169 1.20055188 -0.08093370
v -0.11679219 1.18967809 -0.07194295
v -0.12621429 1.20548919 -0.07188958
v -0.10701284 1.21697032 -0.08301649
v -0.05924027 1.33024679 -0.09902503
v -0.05855299 1.34618290 -0.09561003
v -0.07754589 0.75890223 -0.09214874
v -0.03989102 0.77572186 -0.08564781
v -0.05088700 0.73447636 -0.08207833
v -0.08210207 0.72515089 -0.08570512
v -0.13794320 0.71357863 -0.06927333
v -0.15809988 0.71086844 -0.04865113
v -0.16247676 0.74424751 -0.04911449
v -0.16932964 0.70356007 -0.01813083
v -0.16962093 0.69391328 0.01638496
v -0.12815944 0.68490915 0.07307312
v -0.09517211 0.69027831 0.07744375
v -0.02355857 0.74224781 0.02914609
v -0.04330798 0.73525755 0.04873066
v -0.04143913 0.70921247 0.04315121
v -0.02251699 0.71793943 0.02153752
v -0.05675139 0.87765049 0.07218946
v -0.08637191 0.89389966 0.06601483
v -0.09109630 0.86980973 0.06947516
v -0.06545029 0.85240481 0.07295984
v -0.01982503 1.02648227 0.08638181
v -0.03187291 1.03157055 0.08552179
v -0.04231813 1.00701154 0.07718602
v -0.04377368 1.03367514 0.08135177
v -0.05765477 1.03427331 0.07400426
v -0.03272216 1.12937823 0.08206912
v -0.04954492 1.12841942 0.07904766
v -0.04573897 1.10643302 0.07641047
v -0.03068554 1.10740313 0.08037940
v -0.03449954 1.15181476 0.08364919
v -0.05235684 1.15108117 0.08107131
v -0.03580701 1.19445672 0.08142296
v -0.05590032 1.20958310 0.08272497
v -0.05451865 1.19241465 0.07972056
v -0.03474997 1.34844860 0.07212075
v -0.03352885 1.33399786 0.07486800
v -0.15701804 0.90039457 0.03498673
v -0.01777156 0.77054685 -0.05933237
v -0.00426197 0.76121101 -0.03438076
v -0.01150465 0.73407594 -0.04116559
v -0.02586367 0.73702071 -0.06490729
v -0.14832233 0.95973584 0.02283989
v -0.11933162 1.03110989 0.03662250
v -0.11524817 1.01447796 0.03588420
v -0.13265083 1.19963650 0.04118880
v -0.13108455 1.17636369 0.04080049
v -0.07122646 1.27033182 0.09036954
v -0.06977018 1.25839147 0.08935287
v -0.16552958 0.77813750 -0.05139561
v -0.12459400 0.65371613 0.06861842
v -0.11684180 0.62617829 0.06233669
v -0.08491385 0.63199689 0.06630848
v -0.08991082 0.66063662 0.07279941
v -0.01620947 0.69590655 -0.00733496
v -0.02333052 0.68919132 0.01304149
v -0.02828167 0.66018575 0.00518683
v -0.02236703 0.66466972 -0.01547296
v -0.02747228 0.63488568 -0.02020379
v -0.03154913 0.62954476 0.00052321
v -0.03152128 0.60008259 -0.00388837
v -0.03039281 0.60469232 -0.02449322
v -0.15600201 0.68543504 0.05048954
v -0.15938565 0.63183733 0.01486771
v -0.14497327 0.62543452 0.04351200
v -0.15209075 0.65374227 0.04731519
v -0.16648041 0.66111755 0.01647450
v -0.11221811 0.71784247 -0.08070078
v -0.01133590 0.72250025 0.00014871
v -0.01047103 0.74702274 0.00964169
v -0.02787977 0.66845216 -0.05237304
v -0.04314890 0.66855109 -0.06966822
v -0.03372203 0.70118259 -0.06890756
v -0.01845708 0.70125426 -0.04753025
v -0.13454979 0.65559775 -0.06479612
v -0.14875201 0.65042351 -0.04343494
v -0.15382643 0.67992595 -0.04510556
v -0.13667538 0.68440660 -0.06660335
v -0.16473986 0.67116048 -0.01649109
v -0.15763579 0.64188248 -0.01538870
v -0.14462793 0.57392175 0.01144440
v -0.12706511 0.57005567 0.03601230
v -0.13685014 0.59691793 0.03978683
v -0.15260854 0.60187987 0.01361211
v -0.14301976 0.58453190 -0.01598199
v -0.14983337 0.61347086 -0.01539332
v -0.14302421 0.62268952 -0.04179736
v -0.13892947 0.59393241 -0.04074581
v -0.12719271 0.60099530 -0.05944889
v -0.13112627 0.62911564 -0.06188905
v -0.11203271 0.63309542 -0.07535674
v -0.11104689 0.60595378 -0.07235012
v -0.09102029 0.63645148 -0.08153697
v -0.06977685 0.63944964 -0.07800607
v -0.07431496 0.61228685 -0.07562223
v -0.09275852 0.60868481 -0.07829249
v -0.04236739 0.61129239 -0.05585676
v -0.05637781 0.61268723 -0.06769290
v -0.05069181 0.64025170 -0.06814818
v -0.03660093 0.63892105 -0.05388918
v -0.05988703 0.49993975 -0.06583900
v -0.07202424 0.50217679 -0.07313986
v -0.06875057 0.53212240 -0.06848157
v -0.05474386 0.52950273 -0.06281833
v -0.08555156 0.50190466 -0.07801120
v -0.10019327 0.50123034 -0.07689196
v -0.09637922 0.53089934 -0.07362604
v -0.08203788 0.53205484 -0.07382615
v -0.12349995 0.52240829 -0.05648109
v -0.11041135 0.52746631 -0.06737284
v -0.11431114 0.49819624 -0.07112314
v -0.12774913 0.49427374 -0.06020464
v -0.14007655 0.48695192 -0.04445680
v -0.13818118 0.51470377 -0.04189273
v -0.13621473 0.48003053 -0.02117320
v -0.13725584 0.50538253 -0.02002321
v -0.12670548 0.49741770 0.00648895
v -0.12940624 0.47288216 0.00627208
v -0.03302236 0.51315650 -0.02625616
v -0.03752777 0.48274303 -0.03023233
v -0.03898331 0.48869765 -0.04589708
v -0.03397041 0.51874873 -0.04111800
v -0.05526427 0.50303849 0.01253128
v -0.06576868 0.49688131 0.03918284
v -0.06877201 0.47216859 0.02831997
v -0.05734962 0.47514412 0.00472912
v -0.13827543 0.55759337 -0.01692100
v -0.13560249 0.54818349 0.00882478
v -0.12445799 0.57414168 -0.05644177
v -0.13627442 0.56703097 -0.04049888
v -0.04664035 0.58380085 -0.05778872
v -0.06113032 0.58557939 -0.06684554
v -0.03118276 0.57094339 -0.01032569
v -0.03137489 0.57641931 -0.02913983
v -0.09234061 0.51861101 0.04883381
v -0.09509636 0.54435524 0.04944169
v -0.11951174 0.54436853 0.03393452
v -0.11783463 0.51823595 0.03537049
v -0.13803184 0.53068239 -0.01829487
v -0.13607160 0.54092793 -0.04098611
v -0.12302408 0.54818655 -0.05522852
v -0.10963878 0.55428588 -0.06718917
v -0.09481680 0.55741346 -0.07231632
v -0.07990056 0.55933817 -0.07170371
v -0.06549920 0.55969787 -0.06683944
v -0.05135481 0.55748453 -0.05985286
v -0.03199858 0.54825672 -0.03515175
v -0.03173652 0.54188179 -0.01832689
v -0.09219485 0.46960226 0.03958515
v -0.09147909 0.49260685 0.04810621
v -0.11722852 0.49274633 0.03596347
v -0.11690991 0.46929464 0.03059528
v -0.09422395 0.44862714 0.02691953
v -0.07636533 0.45184862 0.01486931
v -0.09009366 0.47427105 -0.08275939
v -0.10592479 0.47358621 -0.08259666
v -0.12112924 0.47082592 -0.07609523
v -0.14249740 0.46153730 -0.04474799
v -0.13842317 0.45375820 -0.01944168
v -0.12837503 0.44782751 0.00450871
v -0.11435648 0.44831291 0.02268804
v -0.05408418 0.43536138 -0.05368861
v -0.04789630 0.46194222 -0.04881496
v -0.04608310 0.45745047 -0.03440191
v -0.05424200 0.43231369 -0.03962935
v -0.06738171 0.44176618 -0.07899163
v -0.07835761 0.44547833 -0.09015534
v -0.07570562 0.47257487 -0.07924976
v -0.06557076 0.46980469 -0.06915490
v -0.09527884 0.44623846 -0.09294416
v -0.11291082 0.44561642 -0.09016587
v -0.12888725 0.44480648 -0.08285409
v -0.14865653 0.43455933 -0.04578058
v -0.13503950 0.46727500 -0.06338099
v -0.14253834 0.44077273 -0.06834633
v -0.14325997 0.42645275 -0.01724310
v -0.12512748 0.39082926 0.00248612
v -0.12357446 0.41945593 0.00520642
v -0.14685120 0.39761445 -0.01733477
v -0.10123313 0.29753757 -0.00624641
v -0.12519634 0.29766121 -0.00535711
v -0.12206080 0.26326827 -0.01211813
v -0.10059363 0.26297144 -0.01270477
v -0.05489977 0.40404833 -0.04442299
v -0.05287298 0.40590481 -0.06054790
v -0.06584126 0.41191200 -0.08924096
v -0.08098487 0.41498997 -0.09894106
v -0.15873590 0.37473663 -0.04978897
v -0.15483188 0.40519285 -0.04674770
v -0.14992481 0.41183058 -0.07198785
v -0.15443878 0.38086600 -0.07605593
v -0.04983018 0.30790361 -0.05371250
v -0.04869683 0.31000415 -0.07185259
v -0.04529862 0.34365058 -0.07025143
v -0.04613268 0.34151462 -0.05075673
v -0.08001376 0.38421996 -0.10596238
v -0.06342926 0.38175751 -0.09597586
v -0.06300918 0.34902421 -0.09979677
v -0.08066300 0.35195846 -0.10908552
v -0.15502502 0.30614008 -0.05357200
v -0.15921029 0.34140273 -0.05215057
v -0.15491076 0.34695724 -0.07852981
v -0.15102686 0.31082739 -0.07828565
v -0.12706684 0.36265286 0.00219502
v -0.14984539 0.36755459 -0.01947917
v -0.14934063 0.33580849 -0.02224052
v -0.12844480 0.33110834 -0.00098598
v -0.10080984 0.36187882 0.00033235
v -0.10198803 0.33115020 -0.00166141
v -0.06563394 0.23765762 -0.06991032
v -0.05834999 0.27519266 -0.07052776
v -0.05835342 0.27152305 -0.05503614
v -0.06528567 0.23393993 -0.05680000
v -0.08416201 0.31630615 -0.10634166
v -0.06656829 0.31477154 -0.09823224
v -0.07292669 0.27865019 -0.09300609
v -0.08677788 0.27946991 -0.10002570
v -0.14315281 0.23064476 -0.05453679
v -0.14933353 0.26954383 -0.05402027
v -0.14494809 0.27291879 -0.07613840
v -0.13852194 0.23406383 -0.07457689
v -0.11820727 0.22676565 -0.01871146
v -0.14174135 0.26575191 -0.02840309
v -0.13670196 0.22783591 -0.03221909
v -0.11404500 0.18959687 -0.02115613
v -0.09749062 0.18883971 -0.02050459
v -0.09935113 0.22685115 -0.01852154
v -0.07200271 0.19717815 -0.05770079
v -0.07066714 0.20016529 -0.07045604
v -0.07681425 0.20375927 -0.08782676
v -0.08661791 0.20549612 -0.09347712
v -0.08716471 0.24172142 -0.09662220
v -0.07578305 0.24071733 -0.08982091
v -0.11761002 0.23836442 -0.09723384
v -0.10209413 0.24097377 -0.09968273
v -0.09990164 0.20500404 -0.09545977
v -0.11348430 0.20251214 -0.09235498
v -0.13169417 0.19875400 -0.07298331
v -0.13010249 0.23649849 -0.08907585
v -0.12416554 0.20078119 -0.08542409
v -0.13646100 0.19565194 -0.05445681
v -0.13097392 0.19156228 -0.03302627
v -0.00349931 0.80027284 -0.03364385
v -0.00267857 0.78995873 -0.00975630
v -0.00288292 0.78045969 -0.02314436
v -0.00706534 0.79311253 -0.04957979
v -0.04169047 0.65251999 0.02999089
v -0.04087396 0.68166224 0.03685115
v -0.03818663 0.59188158 0.01939218
v -0.04013710 0.62106421 0.02557541
v -0.03755429 0.56278035 0.01203631
v -0.03999404 0.53460006 0.00182021
v -0.04189177 0.50597353 -0.00790769
v -0.04450609 0.47797440 -0.01367416
v -0.05216909 0.45288162 -0.01804958
v -0.06108180 0.42749372 -0.02304506
v -0.06283431 0.37091796 -0.03056894
v -0.04962045 0.37327203 -0.04767075
v -0.06587783 0.40038622 -0.02877920
v -0.06183521 0.30464255 -0.03331518
v -0.06050982 0.33877532 -0.03111614
v -0.06635038 0.26767083 -0.03741500
v -0.07228493 0.22993285 -0.04150049
v -0.07789843 0.19368729 -0.04319712
v -0.07439964 0.78512825 0.07047214
v -0.05073604 0.78383901 0.05564637
v -0.05209844 0.80082989 0.05913784
v -0.07405443 0.80788753 0.07145676
v -0.00644674 0.80300771 0.02071176
v -0.00797592 0.80371241 0.03087665
v -0.00935163 0.80080072 0.02662747
v -0.00568430 0.80202673 0.01564842
v -0.12874122 0.52270499 0.00752408
v -0.10985709 0.57976367 -0.06858540
v -0.09357975 0.58319320 -0.07376750
v -0.07779161 0.58548192 -0.07199256
v -0.04898429 0.52711002 0.02658293
v -0.04968213 0.55483893 0.03337157
v -0.06773960 0.54817370 0.04938570
v -0.06615028 0.52182573 0.04425130
v -0.09987500 0.38848228 0.00284909
v -0.08226431 0.36605154 -0.01680174
v -0.08082656 0.39399591 -0.01196823
v -0.09905993 0.41192522 0.00849367
v -0.11943949 0.41758586 -0.09987121
v -0.13697174 0.41624911 -0.09017637
v -0.10164030 0.38652081 -0.11008855
v -0.12314379 0.38723882 -0.10791533
v -0.09918185 0.41770443 -0.10130526
v -0.05502190 0.61032587 0.04854490
v -0.07918474 0.60313831 0.05963313
v -0.07342223 0.57541076 0.05286773
v -0.05132073 0.58241418 0.04094035
v -0.11410363 1.10195038 -0.03304450
v -0.10288639 1.10575195 -0.04690550
v -0.11361900 1.23285985 0.05717648
v -0.12170057 1.21875203 0.05192595
v -0.11006144 1.21184002 0.06091686
v -0.10432219 1.22647065 0.06265448
v -0.12985381 1.22929573 0.04331947
v -0.12214552 1.24207680 0.05145992
v -0.12947603 1.25415995 0.04503736
v -0.13527946 1.24245549 0.03571056
v -0.16286397 1.28931202 0.02010295
v -0.17321381 1.29415964 0.01990706
v -0.03515803 1.17271590 0.08339830
v -0.01585444 1.17154599 0.08371457
v -0.01583607 1.19179012 0.08152386
v -0.04136655 0.98616744 0.07040598
v -0.05854699 0.90514505 0.06884236
v -0.03592889 0.87683454 0.08245206
v -0.04020370 0.90120566 0.07467365
v -0.00642377 0.82572173 0.06869775
v -0.06461760 1.16294015 -0.08236939
v -0.06895320 1.18690890 -0.08490118
v -0.03960921 1.35348784 -0.08626363
v -0.02145901 1.34844139 -0.08204996
v -0.03630681 1.38099020 -0.07942922
v -0.03461419 1.39401732 -0.07591183
v -0.01911708 1.38714246 -0.07170900
v -0.01989062 1.37448961 -0.07535912
v -0.01984111 1.44898815 -0.04456376
v -0.02138189 1.43721989 -0.05154376
v -0.00328583 0.80543037 0.00181339
v -0.00513517 0.79964345 0.01077537
v -0.00282977 0.80494818 -0.00639899
v -0.02611919 0.76449157 0.03568591
v -0.01236809 0.76698620 0.01753033
v -0.01510978 0.78170608 0.02551320
v -0.03074168 0.78273609 0.04058955
v -0.16905724 0.80219481 0.02397145
v -0.17518169 0.81360371 -0.01311468
v -0.08261661 0.78077280 -0.10098465
v -0.28731972 1.22451520 -0.03740687
v -0.29363987 1.22887853 -0.04616307
v -0.27230550 1.24123107 -0.04820236
v -0.26666329 1.23799212 -0.03778569
v -0.07240791 1.25897564 -0.09736545
v -0.08256182 1.23369240 -0.09077244
v -0.08377317 1.43681286 0.00355899
v -0.16202358 1.44984523 0.00645155
v -0.16406288 1.43943238 0.03292817
v -0.14888420 1.43812548 0.02889852
v -0.14545122 1.44969488 0.00369408
v -0.15218809 1.40356264 -0.07529294
v -0.15390769 1.41825330 -0.06234191
v -0.13764338 1.41632883 -0.06678043
v -0.13581505 1.39955876 -0.07887102
v -0.03007590 0.91675085 -0.12170391
v -0.05770697 0.91674737 -0.12504175
v -0.03680719 1.09548658 -0.07461292
v -0.05508228 1.09416670 -0.07101516
v -0.05680608 1.11558775 -0.07547245
v -0.03742842 1.11821902 -0.07672205
v -0.10753891 1.24736424 -0.09292564
v -0.12327735 1.23288368 -0.08210747
v -0.02802543 1.26898870 0.08607126
v -0.02934456 1.28816342 0.08374552
v -0.04569272 1.29283492 0.08607704
v -0.04361252 1.27555240 0.08867393
v -0.26086580 1.27819508 -0.06306069
v -0.23848654 1.28529573 -0.06052121
v -0.23674184 1.27496930 -0.05466490
v -0.25764345 1.26324985 -0.05686346
v -0.16569201 0.82106939 -0.05619172
v -0.14330872 0.80431517 -0.08551754
v -0.13784094 1.13805423 -0.02147509
v -0.12995974 1.14159184 -0.03998264
v -0.12269082 1.12173441 -0.03808029
v -0.13062234 1.11807950 -0.02023248
v -0.15549760 1.18858094 -0.02179128
v -0.15088896 1.17295755 -0.02241272
v -0.16101146 1.20371284 -0.02160049
v -0.19453396 1.28971318 -0.04291854
v -0.19589327 1.28369748 -0.03459889
v -0.20090916 1.29379563 -0.03726676
v -0.04697061 0.76141635 0.05297514
v -0.04413299 0.83139458 0.07160704
v -0.03550557 0.84662699 0.07908755
v -0.00458730 0.80715558 0.00685389
v -0.06490359 1.45948006 0.01037367
v -0.06240372 1.45640111 0.02726117
v -0.21377637 1.28679901 -0.02153235
v -0.22062305 1.27723775 -0.02366423
v -0.18168392 1.26148597 -0.01806606
v -0.17613484 1.26688859 -0.00464073
v -0.18483392 1.27057169 -0.00580097
v -0.18938918 1.26702743 -0.02101676
v -0.19038410 1.26821323 -0.03241093
v -0.18391634 1.26029177 -0.03067492
v -0.15377958 1.35212713 0.06525645
v -0.14115117 1.35598129 0.06768722
v -0.14277300 1.37409435 0.06183748
v -0.15601905 1.37068924 0.06053149
v -0.12680360 1.35707335 0.06961300
v -0.11012487 1.35696382 0.07105644
v -0.11231871 1.37418673 0.06320514
v -0.12859070 1.37470548 0.06248962
v -0.08161822 1.41988592 0.02664224
v -0.06547524 1.41293704 0.04189592
v -0.04572681 1.40593982 0.05010082
v -0.02807320 1.40218080 0.05556076
v -0.02052610 1.42527766 -0.05871266
v -0.02029629 1.41158491 -0.06373064
v -0.03711683 1.41739880 -0.06737384
v -0.04123586 1.43166251 -0.06150257
v -0.05469842 1.44068393 0.03594385
v -0.03882138 1.43752330 0.04809127
v -0.02477478 1.42177275 0.05223652
v -0.32398168 1.27982232 0.00568692
v -0.30305966 1.29571965 0.00354924
v -0.06511446 1.47277464 -0.01938159
v -0.06700250 1.46698662 -0.00443983
v -0.30917055 1.29947770 -0.01486448
v -0.32898131 1.28234513 -0.01249584
v -0.13351887 1.41650794 0.04264705
v -0.13413135 1.43507947 0.02498156
v -0.14896185 1.42019315 0.04595060
v -0.05204137 1.45296625 0.04191585
v -0.03753812 1.44957522 0.05324521
v -0.17208091 0.84999980 -0.00514380
v -0.16555525 0.83776335 0.02655663
v -0.12022423 1.09126210 0.03127493
v -0.12676470 1.09495632 0.01623641
v -0.01584684 1.12830756 0.08218213
v -0.01518416 1.10739323 0.08057470
v -0.01147409 1.45471753 0.07111956
v -0.03103534 1.06067549 0.08481108
v -0.01578132 1.05653021 0.08428004
v -0.01528593 1.08396383 0.08164457
v -0.03015606 1.08579615 0.08073467
v -0.01076185 1.02560461 0.08523991
v -0.01007656 1.01019981 0.08567328
v -0.01922194 0.86181317 0.08961849
v -0.01117106 0.86241439 0.09358529
v -0.23966149 1.32665423 0.02810309
v -0.23021312 1.34178028 0.03022695
v -0.23943712 1.35809669 0.02359454
v -0.24834371 1.33948664 0.01959188
v -0.04470449 1.06204749 0.07957974
v -0.05821793 1.06083166 0.07169988
v -0.15551117 1.29383703 0.03335615
v -0.15403843 1.28394930 0.01851814
v -0.01567200 1.21412327 0.07921369
v -0.05896560 1.28114301 0.09006818
v -0.06155050 1.29622591 0.08774328
v -0.07727375 1.29866519 0.08831207
v -0.07374851 1.28444467 0.08996101
v -0.00344554 0.80732126 0.00226956
v -0.23292113 1.34838835 -0.06361230
v -0.22217627 1.35695734 -0.06684691
v -0.21975382 1.34779802 -0.07017168
v -0.23142894 1.34034862 -0.06712389
v -0.00438724 0.77104346 -0.00065842
v -0.00525254 0.75391516 -0.01061833
v -0.01644371 0.80929024 -0.07280602
v -0.00587051 0.81215846 -0.05248032
v -0.06564057 0.69936503 0.06446230
v -0.06924061 0.72876920 0.06790399
v -0.06209131 0.66932534 0.05994953
v -0.05859401 0.63997838 0.05449234
v -0.06422050 0.45061621 -0.00272353
v -0.07605286 0.42323090 -0.00441251
v -0.08261238 0.33462364 -0.01797505
v -0.08278529 0.30093290 -0.02056782
v -0.08397202 0.26508927 -0.02496004
v -0.08536923 0.22672979 -0.02954488
v -0.08558215 0.19011767 -0.02965168
v -0.32962533 1.27893134 -0.02944203
v -0.31115940 1.29967265 -0.03421411
v -0.30961918 1.29112976 -0.04731901
v -0.32913667 1.27196686 -0.04312196
v -0.24765036 1.25705166 -0.01720726
v -0.24968549 1.26372761 -0.00687475
v -0.26647644 1.24850840 -0.00751981
v -0.26466006 1.24302547 -0.01749846
v -0.28220496 1.22672758 -0.01716214
v -0.28355756 1.22410425 -0.02738107
v -0.26434748 1.23923351 -0.02709668
v -0.30072417 1.23616604 -0.05332909
v -0.30845584 1.24493523 -0.05779844
v -0.28653150 1.26094914 -0.05969222
v -0.27981792 1.24937435 -0.05548662
v -0.32440520 1.26324563 -0.05249878
v -0.30504666 1.28065217 -0.05538931
v -0.29697159 1.27085056 -0.05983867
v -0.31714471 1.25375252 -0.05752466
v -0.28736805 1.24196635 0.01979363
v -0.28392751 1.23628240 0.00619588
v -0.26706817 1.25393389 0.00593087
v -0.26995436 1.25912803 0.01934964
v -0.24882486 1.37104801 0.00958210
v -0.25652610 1.34925641 0.00575428
v -0.18481561 1.31729263 0.03168752
v -0.19153982 1.33293557 0.04189613
v -0.19799489 1.32851983 0.03660266
v -0.19156759 1.31805727 0.02683214
v -0.27511024 1.30591841 0.01863811
v -0.25968138 1.32186909 0.01850367
v -0.26621414 1.32835854 0.00276550
v -0.28290780 1.31104578 0.00204665
v -0.25210759 1.27551203 0.01920584
v -0.25013011 1.26975575 0.00560616
v -0.23229973 1.28337724 0.00822990
v -0.23436431 1.29001406 0.02081407
v -0.25124412 1.25428900 -0.04840694
v -0.23243112 1.26709002 -0.04513080
v -0.21995090 1.32547983 0.03144749
v -0.22977003 1.31280907 0.02924877
v -0.14785125 1.28584040 0.03305821
v -0.16527759 1.25786291 -0.00282587
v -0.16980268 1.26334762 -0.00416908
v -0.10443855 1.24048213 0.06673390
v -0.10940901 1.25384195 0.07107284
v -0.14400487 1.23194676 0.02403976
v -0.14813179 1.24595177 0.01740585
v -0.11262263 1.24531838 0.06270475
v -0.11429633 1.25438262 0.06678027
v -0.07104674 1.17136780 0.07665054
v -0.02533406 1.41092464 0.05060770
v -0.25141880 1.31209473 0.02767959
v -0.24176026 1.30050693 0.02896150
v -0.22290186 1.29196424 -0.05796986
v -0.21123899 1.29865846 -0.05500363
v -0.20982514 1.29169268 -0.04846175
v -0.22073777 1.28434623 -0.05115333
v -0.14433880 1.26859148 -0.08781406
v -0.12794172 1.25885956 -0.09075529
v -0.13972631 1.24603923 -0.08009416
v -0.15333635 1.25656587 -0.07778997
v -0.24137743 1.35727341 -0.05170337
v -0.24853964 1.35850293 -0.04279238
v -0.23789220 1.37437316 -0.04313764
v -0.23106673 1.36924367 -0.05326083
v -0.24568892 1.37849712 -0.02994366
v -0.25543195 1.35834899 -0.03053505
v -0.25907672 1.35521057 -0.01328180
v -0.25046784 1.37754826 -0.01117312
v -0.15435599 0.89377698 -0.04593728
v -0.16347414 0.89194966 -0.02165916
v -0.10565602 1.00521409 0.04837342
v -0.09087115 0.99770853 0.05663027
v -0.08172851 0.91522575 0.06234683
v -0.03012151 0.80445212 0.05152330
v -0.01634673 0.79803470 0.03525027
v -0.00776464 0.72882903 -0.01943736
v -0.16911671 0.88488625 0.00337070
v -0.01381478 0.69939813 -0.02620197
v -0.02212095 0.66791639 -0.03290396
v -0.06484116 0.66725960 -0.08084126
v -0.08919017 0.66401770 -0.08416679
v -0.08650332 0.69296035 -0.08429282
v -0.05884446 0.69793521 -0.08150853
v -0.11319585 0.65996288 -0.07808051
v -0.11290939 0.68797810 -0.07890575
v -0.10114545 0.57186109 0.05125080
v -0.10215070 0.35321771 -0.11336152
v -0.12243010 0.31639420 -0.10789178
v -0.12365274 0.35331907 -0.11120614
v -0.10312459 0.31666989 -0.11008753
v -0.14239199 0.35153580 -0.09830404
v -0.14152644 0.38538505 -0.09610965
v -0.14654732 0.30197185 -0.02466866
v -0.10308519 0.27913211 -0.10423661
v -0.12026049 0.27748448 -0.10204562
v -0.13981959 0.31439841 -0.09622517
v -0.13550508 0.27567420 -0.09224619
v -0.00643395 0.78273635 0.00986777
v -0.15393640 0.79434210 0.05551926
v -0.15047356 0.82566701 0.05677877
v -0.09541471 0.84205603 0.07340377
v -0.07051475 0.83048266 0.07155891
v -0.07573227 1.08163316 0.06218825
v -0.09374431 1.08290310 0.05579795
v -0.10069192 1.12712094 0.06020324
v -0.11523818 1.12927454 0.04953941
v -0.11187641 1.10735583 0.04651225
v -0.09697277 1.10430824 0.05728099
v -0.13690160 1.13388566 0.02018766
v -0.13939793 1.13582382 -0.00080370
v -0.13298232 1.11602527 -0.00046512
v -0.13095447 1.11386758 0.01813279
v -0.12765820 1.09711812 -0.00006246
v -0.12288666 1.09874761 -0.01752666
v -0.07972153 1.13429615 -0.07444630
v -0.09663708 1.13041119 -0.06491030
v -0.10221612 1.15208695 -0.06739284
v -0.08483398 1.15764320 -0.07656814
v -0.02745558 0.85870426 0.08317507
v -0.00918314 0.79700577 0.02328428
v -0.07162123 0.75824447 0.07107787
v -0.10028055 0.78588494 0.08159591
v -0.13057840 0.78665851 0.07556700
v -0.21333198 1.29173236 -0.00987364
v -0.17460471 1.29543709 -0.07474677
v -0.17672492 1.28092125 -0.06830529
v -0.26799367 1.34023441 -0.03416435
v -0.27022978 1.33475987 -0.01605177
v -0.22029551 1.30146179 0.02484686
v -0.23314745 1.37474056 0.02788463
v -0.22322920 1.35563573 0.03479805
v -0.21754539 1.36934277 0.04086797
v -0.11105535 0.90544459 0.06134250
v -0.14044669 0.88929170 0.05303058
v -0.11802956 0.88071908 0.06344440
v -0.00272085 0.81110414 -0.03393966
v -0.04944210 0.81610594 0.06419644
v -0.02898924 0.63767234 -0.03703309
v -0.03360413 0.60843188 -0.04092852
v -0.03674024 0.58043562 -0.04473337
v -0.03935384 0.55278043 -0.04892620
v -0.04205137 0.52468799 -0.05401190
v -0.04765628 0.49564175 -0.05843389
v -0.05567771 0.46554976 -0.06001916
v -0.06002308 0.43803548 -0.06625075
v -0.04762159 0.37581412 -0.06607633
v -0.05248079 0.37863459 -0.08245904
v -0.05594784 0.40955238 -0.07605212
v -0.05121922 0.34570761 -0.08660721
v -0.05424966 0.31214351 -0.08704956
v -0.06392983 0.27715984 -0.08307137
v -0.06968899 0.23985638 -0.08088581
v -0.07229049 0.20215577 -0.08008249
v -0.00307780 0.81128242 -0.01051702
v -0.00290708 0.81134059 -0.02040881
v -0.11728273 1.41052833 0.03736857
v -0.16823318 1.27715815 0.00738960
v -0.17743755 1.28091235 0.00732380
v -0.21008086 1.31171071 0.02811845
v -0.28540495 1.29645288 -0.05912541
v -0.28924949 1.30834087 -0.05264182
v -0.21678518 1.29488061 0.01182824
v -0.18437142 1.30435022 0.01989055
v -0.19259061 1.31259659 0.01539079
v -0.48594876 1.12951798 -0.01338204
v -0.48563557 1.13235030 -0.02818173
v -0.49826026 1.11386618 -0.02668403
v -0.49706949 1.11083571 -0.01313190
v -0.48050558 1.12338740 -0.00145350
v -0.49133862 1.10491069 -0.00338978
v -0.43409160 1.08198393 -0.01639858
v -0.44038571 1.08906420 -0.00534255
v -0.45596767 1.07385864 -0.01049117
v -0.45070268 1.06763949 -0.02192435
v -0.49454041 1.08039599 -0.00121309
v -0.48588159 1.07339216 -0.00304161
v -0.47276038 1.08972268 0.00160935
v -0.48279600 1.09752133 0.00199589
v -0.43471886 1.08272817 -0.04759759
v -0.44070466 1.09067757 -0.05910103
v -0.42344654 1.10344853 -0.05591412
v -0.41752891 1.09567059 -0.04325172
v -0.37344122 1.15043411 0.00486258
v -0.36710330 1.14047130 -0.00512315
v -0.35614779 1.15504029 -0.00063866
v -0.36277070 1.16529466 0.00879620
v -0.46141329 1.16754405 -0.01319253
v -0.45860337 1.16874653 -0.02905432
v -0.47265238 1.15063092 -0.02869853
v -0.47430672 1.14874545 -0.01316351
v -0.43373792 1.14368843 0.01208366
v -0.42071241 1.13341473 0.00814327
v -0.40626251 1.15335150 0.00946499
v -0.41939093 1.16378677 0.01264878
v -0.44729347 1.18681424 -0.01399387
v -0.44295014 1.18601078 -0.02929930
v -0.46030678 1.10651589 0.00640624
v -0.44936744 1.09798039 0.00154129
v -0.43512392 1.11470250 0.00570048
v -0.44750653 1.12441905 0.01004861
v -0.46988897 1.05805767 -0.05300225
v -0.47531422 1.06514029 -0.06238832
v -0.45814202 1.07797207 -0.06103007
v -0.45223903 1.07048078 -0.05076152
v -0.47811197 1.06600301 -0.00772985
v -0.47162939 1.05895868 -0.01511945
v -0.46362319 1.08201223 -0.00326297
v -0.50790840 1.09526213 -0.05025140
v -0.51077872 1.09703532 -0.03819808
v -0.49715925 1.11470646 -0.04029101
v -0.49274547 1.11205565 -0.05264491
v -0.40152878 1.11364133 -0.00499947
v -0.40921133 1.12266846 0.00376851
v -0.42474490 1.10509408 -0.00025488
v -0.41781924 1.09709484 -0.01065162
v -0.45696693 1.16193625 0.00180560
v -0.46914670 1.14233181 0.00033021
v -0.47693005 1.12833407 -0.05422561
v -0.48284940 1.13223611 -0.04168596
v -0.46719923 1.14892688 -0.04215361
v -0.46001614 1.14367592 -0.05490734
v -0.43339746 1.14925894 -0.06463735
v -0.42280740 1.13768887 -0.06547173
v -0.44063454 1.12480448 -0.06655844
v -0.45126110 1.13571474 -0.06441442
v -0.38603287 1.13200478 0.00016247
v -0.38129942 1.12396190 -0.01183189
v -0.40067343 1.10921675 -0.03701944
v -0.40594348 1.11603209 -0.05169285
v -0.38820529 1.12860159 -0.04582949
v -0.38298845 1.12254062 -0.02912994
v -0.40684363 1.20830806 0.01001151
v -0.41522305 1.21621047 -0.00208602
v -0.42893109 1.20161738 0.00026011
v -0.41865371 1.19349064 0.01093527
v -0.43130403 1.20442582 -0.01604846
v -0.41617180 1.21824444 -0.01874147
v -0.38345659 1.22913457 -0.03476801
v -0.37530933 1.22148280 -0.04241643
v -0.38521352 1.21357501 -0.03950957
v -0.39578279 1.22213510 -0.03347751
v -0.39724404 1.17130250 -0.06549061
v -0.38583535 1.15958880 -0.06026553
v -0.40443672 1.14946386 -0.06350623
v -0.41547405 1.16146685 -0.06562605
v -0.36215500 1.15842433 -0.04501306
v -0.35741956 1.15005147 -0.03203347
v -0.37114644 1.13941841 -0.03845186
v -0.37770409 1.14892276 -0.05060504
v -0.31837810 1.19893326 -0.02848592
v -0.31627293 1.19916656 -0.01810643
v -0.32767323 1.18494098 -0.01990813
v -0.32984425 1.18590439 -0.03132962
v -0.32779822 1.19439364 0.00439188
v -0.31540142 1.20688700 0.00528385
v -0.31956846 1.21290035 0.01662024
v -0.33239883 1.20137918 0.01456403
v -0.36083391 1.24776783 0.00507922
v -0.36575763 1.25174588 -0.01179818
v -0.37818116 1.24343127 -0.00923487
v -0.37323405 1.23839856 0.00558238
v -0.38137103 1.17933648 -0.06238597
v -0.36810591 1.16923951 -0.05643508
v -0.33811414 1.18211313 0.00335562
v -0.34310412 1.19021367 0.01267389
v -0.35245835 1.17804351 0.01088003
v -0.34666420 1.16871090 0.00183078
v -0.36047939 1.21015714 0.01575804
v -0.37270867 1.21962442 0.01317110
v -0.38454635 1.21004986 0.01280210
v -0.37204371 1.19939824 0.01264029
v -0.38462581 1.23067159 0.00719070
v -0.39001972 1.23624730 -0.00671658
v -0.40318057 1.22754799 -0.00415601
v -0.39617593 1.22036867 0.00888179
v -0.37158259 1.18631473 -0.06039552
v -0.37955433 1.19578137 -0.05671458
v -0.37016271 1.20046460 -0.05557088
v -0.36258024 1.19140380 -0.05849222
v -0.34979037 1.16640216 -0.03957634
v -0.34612388 1.16022631 -0.02719229
v -0.38192397 1.18623121 0.01046636
v -0.37154405 1.17564162 0.01208484
v -0.36183377 1.18847542 0.01507665
v -0.40318547 1.22807542 -0.02089389
v -0.32182447 1.20043919 -0.03826378
v -0.32644157 1.20450617 -0.04665409
v -0.31277459 1.21532665 -0.04564077
v -0.30748867 1.21092244 -0.03736266
v -0.30397824 1.20931330 -0.02827017
v -0.30204539 1.21089825 -0.01781912
v -0.30158641 1.21995942 0.00595863
v -0.30489438 1.22549366 0.01846913
v -0.31208549 1.23425298 0.02675162
v -0.32190488 1.24517434 0.02743409
v -0.33710831 1.23143982 0.02386453
v -0.32717593 1.22136771 0.02367007
v -0.34309490 1.26317571 0.00632867
v -0.34812875 1.26553413 -0.01149894
v -0.36418692 1.24827710 -0.02641478
v -0.34815747 1.26078574 -0.02736753
v -0.33556265 1.17446801 -0.00894343
v -0.32642341 1.18824722 -0.00768211
v -0.46855000 1.12119046 -0.06474947
v -0.45802319 1.11097344 -0.06747648
v -0.47519460 1.09685472 -0.06729185
v -0.48493594 1.10582504 -0.06298057
v -0.48289585 1.07369473 -0.06654998
v -0.46577996 1.08728445 -0.06671123
v -0.47152695 1.11542044 0.00551435
v -0.45959999 1.13389501 0.00812431
v -0.50258864 1.08718091 -0.00428335
v -0.39442828 1.19740191 0.01257608
v -0.40534253 1.18302290 0.01230242
v -0.36894302 1.21477569 -0.05148207
v -0.36577314 1.22841529 -0.04520036
v -0.36001494 1.22142827 -0.05401157
v -0.39174197 1.19098684 -0.05668193
v -0.40774467 1.18237567 -0.05560816
v -0.41516770 1.19107662 -0.04050901
v -0.39638643 1.20199955 -0.04126768
v -0.35387071 1.19667375 -0.05618875
v -0.36149770 1.20583896 -0.05547048
v -0.35221699 1.21232338 -0.05604900
v -0.34441447 1.20328271 -0.05435925
v -0.34958929 1.23996618 0.01720215
v -0.36166265 1.22885819 0.01438764
v -0.34215278 1.24729340 -0.05064320
v -0.35509365 1.23649795 -0.04756811
v -0.35963348 1.24168960 -0.03685244
v -0.34641900 1.25312663 -0.04014952
v -0.37144712 1.23477614 -0.03556123
v -0.33503322 1.23938393 -0.05622043
v -0.34896750 1.22942768 -0.05518909
v -0.33332005 1.25584529 0.02062623
v -0.33302075 1.21200125 -0.05296285
v -0.34098509 1.22053822 -0.05641740
v -0.32686920 1.23068321 -0.05708171
v -0.31889145 1.22231808 -0.05249914
v -0.44865218 1.10059639 -0.06565042
v -0.43137538 1.11386322 -0.06331728
v -0.35402524 1.14801353 -0.01577391
v -0.36626568 1.13511074 -0.02128788
v -0.34381627 1.16104736 -0.01164533
v -0.43206422 1.07939887 -0.03206638
v -0.44949005 1.06635407 -0.03680159
v -0.39790748 1.10748376 -0.01910808
v -0.41525590 1.09303287 -0.02612043
v -0.44337328 1.15863142 -0.05465638
v -0.34253959 1.18035201 -0.04547208
v -0.33911006 1.17448751 -0.03567177
v -0.35273554 1.17340328 -0.05063281
v -0.30080096 1.21548453 -0.00590085
v -0.31449049 1.20200880 -0.00703674
v -0.36426681 1.17896462 -0.05966091
v -0.28245217 1.23200989 -0.00599062
v -0.40837040 1.21234411 -0.03245139
v -0.38892326 1.23506443 -0.02259417
v -0.37679362 1.24121823 -0.02454721
v -0.51109265 1.09628074 -0.02476280
v -0.44687340 1.15327134 0.01037621
v -0.39260388 1.17204315 0.00937940
v -0.38201744 1.16114160 0.00846124
v -0.34638820 1.18730772 -0.05377977
v -0.33750083 1.19498836 -0.04936021
v -0.33324688 1.18973034 -0.04069082
v -0.34966286 1.22003717 0.01936624
v -0.34041581 1.21012252 0.02059473
v -0.46720265 1.05416965 -0.04013295
v -0.35122588 1.19964789 0.01782039
v -0.42558631 1.20080216 -0.03045325
v -0.02041363 1.36150328 -0.07872096
v -0.13941756 1.21659372 0.03119789
v -0.10240681 1.19152665 0.06692364
v -0.11726215 1.19448493 0.05736485
v -0.15608644 1.26655149 0.00812845
v -0.16125824 1.27354761 0.00712723
v -0.18851229 1.29194268 0.00609202
v -0.19590665 1.30471155 0.00138621
v -0.13941472 1.25517890 0.02839819
v -0.07744815 1.61526816 0.00935703
v -0.07600006 1.60799834 0.00641551
v -0.07947291 1.62911017 0.01007265
v -0.00877171 1.04328514 0.08200797
v -0.07564056 1.60143910 0.01863252
v -0.07318564 1.59285581 0.01586896
v -0.07838389 1.59680764 0.01798902
v -0.07526773 1.60258241 0.02050282
v -0.07545973 1.60381006 0.02099045
v -0.08019925 1.63177554 0.02017791
v -0.07408821 1.59923555 0.00565639
v -0.07166169 1.58998559 0.00715308
v -0.07852408 1.61783468 0.02511533
v -0.04166785 1.02734947 -0.06171865
v -0.02434362 1.02470022 -0.06696578
v -0.02769458 1.00859688 -0.07269255
v -0.04610958 1.01176807 -0.06857479
v -0.03135651 0.99393726 -0.08205807
v -0.12577834 0.96826695 -0.06732550
v -0.13812575 0.97106127 -0.04584996
v -0.13037811 0.99096134 -0.03932942
v -0.11904830 0.98826044 -0.05941795
v -0.12883434 1.00500487 -0.01393010
v -0.12130889 1.00600228 -0.03290136
v -0.13761397 0.99094935 -0.01700921
v -0.14083131 0.98739293 0.00534285
v -0.13138755 1.00232952 0.00652167
v -0.14030215 0.97859792 0.02488857
v -0.13080427 0.99457410 0.02417103
v -0.13471084 0.96854601 0.04094924
v -0.12309880 0.95807561 0.05358427
v -0.10624005 0.92767906 0.05888305
v -0.08099294 0.93856333 0.06579981
v -0.10317208 0.94754675 0.06073504
v -0.04259051 0.92498795 0.07374887
v -0.06049034 0.93029359 0.07003888
v -0.01438816 0.91966575 0.08141627
v -0.02745652 0.92159251 0.07777503
v -0.11420260 1.39183113 0.05205949
v -0.08854500 1.44857974 -0.04745322
v -0.09718452 1.44499304 -0.04745324
v -0.10721935 1.45193843 -0.02656790
v -0.11712420 1.39314424 -0.08307045
v -0.11803426 1.41054655 -0.07329878
v -0.09799974 1.40096259 -0.08123786
v -0.09709350 1.38212280 -0.08773923
v -0.07756759 1.43815152 -0.05981788
v -0.07391631 1.44081316 -0.05830046
v -0.08249329 1.43362160 -0.06238742
v -0.05155824 1.41370630 -0.07412431
v -0.06716293 1.42360601 -0.07221425
v -0.15824284 1.44647741 -0.02111907
v -0.15544993 1.43416209 -0.04481801
v -0.16947503 1.43284206 -0.04037659
v -0.17501856 1.44681888 -0.01791870
v -0.15079443 1.38815010 -0.08348408
v -0.15006976 1.37149958 -0.08717765
v -0.16271602 1.37575753 -0.08598101
v -0.16345180 1.39109573 -0.08168418
v -0.21714450 1.42613345 -0.01157028
v -0.20975850 1.42107678 -0.03321284
v -0.22224895 1.41056063 -0.03147420
v -0.22928038 1.41265080 -0.01065461
v -0.16418531 1.40429362 -0.07293261
v -0.09552947 1.26484920 -0.10026381
v -0.11592374 1.27345922 -0.09804277
v -0.13295532 1.28152736 -0.09461583
v -0.17075235 1.31122274 -0.07978336
v -0.16233832 1.30106931 -0.08401797
v -0.16672451 1.28509366 -0.07915237
v -0.17713446 1.32117381 -0.07711842
v -0.18274899 1.32591295 -0.07283318
v -0.20732320 1.34786738 0.04155638
v -0.20065329 1.35586975 0.04940113
v -0.20990043 1.38201363 0.04524268
v -0.19400293 1.32622198 -0.06230505
v -0.18772244 1.32685702 -0.06447267
v -0.18917995 1.31817034 -0.06029788
v -0.19529402 1.31961933 -0.05852144
v -0.14160636 1.44545353 -0.02419642
v -0.21525081 1.40231943 -0.04730213
v -0.20314135 1.41067898 -0.04916479
v -0.19763530 1.39947537 -0.06224618
v -0.20918718 1.39199275 -0.05865048
v -0.20461116 1.38300332 -0.06865192
v -0.19424290 1.38887210 -0.07330781
v -0.19059084 1.37768672 -0.07958346
v -0.20055331 1.37306244 -0.07474191
v -0.19313940 1.33319026 -0.06694849
v -0.18694670 1.33537696 -0.06871856
v -0.24109701 1.38963516 0.01195372
v -0.19417912 1.44464689 0.01250261
v -0.19250571 1.42971200 0.03614946
v -0.17863415 1.43688497 0.03558765
v -0.17824345 1.44988973 0.00994129
v -0.20867224 1.29252390 -0.01878461
v -0.20684657 1.29809822 -0.00463472
v -0.20803748 1.28947430 -0.03021125
v -0.19311605 1.29827569 -0.05035073
v -0.20572073 1.29083873 -0.03936562
v -0.20344471 1.32044050 0.03128142
v -0.21311891 1.33733478 0.03438389
v -0.18807695 1.40494610 0.04876726
v -0.17580756 1.41370842 0.04966535
v -0.24085585 1.39653429 -0.01052405
v -0.23464331 1.39613574 -0.03056987
v -0.20300904 1.32034513 -0.06304900
v -0.20330368 1.31436510 -0.05979346
v -0.21212720 1.31017075 -0.06257888
v -0.18756989 1.29045298 -0.05605577
v -0.19040106 1.30904426 -0.05568996
v -0.19018698 1.44337725 -0.01543151
v -0.22678409 1.38957110 -0.04529183
v -0.22059129 1.38043547 -0.05622085
v -0.18477369 1.39181083 -0.07715258
v -0.18707459 1.40362983 -0.06604424
v -0.17653435 1.40572141 -0.06951705
v -0.17473204 1.39237021 -0.07980721
v -0.21136042 1.36651151 -0.07097266
v -0.20808408 1.35556849 -0.07361985
v -0.17268811 1.37664488 -0.08479079
v -0.18161356 1.37760391 -0.08299478
v -0.20324185 1.32750404 -0.06691958
v -0.16305031 1.41936031 0.04848997
v -0.15988241 1.39528455 0.05596503
v -0.14565633 1.39703803 0.05448849
v -0.18304980 1.37843312 0.05557319
v -0.17187559 1.38847874 0.05634061
v -0.19285584 1.36588004 0.05375507
v -0.13071494 1.39431077 0.05269973
v -0.35608375 1.18193420 -0.05744688
v -0.21250018 1.30442006 -0.05963258
v -0.22294750 1.29946487 -0.06185304
v -0.22229748 1.30630432 -0.06434760
v -0.27584756 1.28643820 -0.06245493
v -0.00038551 1.53411856 0.14473063
v 0.00004176 1.54070482 0.14829163
v 0.00090493 1.56344499 0.15086672
v 0.00092524 1.56760756 0.14979045
v -0.37728860 1.20810886 -0.04912894
v -0.38455384 1.20252390 -0.04929986
v -0.42558427 1.17154868 -0.05469887
v -0.45119486 1.16491795 -0.04177593
v -0.43392830 1.17905181 -0.04082287
v -0.44391087 1.18268421 0.00178091
v -0.43295993 1.17375346 0.01142367
v -0.39456588 1.14209288 0.00628804
v -0.39544230 1.13822730 -0.05625347
v -0.53366286 1.05895481 -0.00855552
v -0.53593168 1.06110316 -0.02058442
v -0.54951475 1.04431250 -0.01860869
v -0.54583597 1.04125015 -0.00771328
v -0.55858411 1.02446798 -0.00553238
v -0.55081151 1.01838994 -0.00269468
v -0.53907887 1.03522408 -0.00319968
v -0.54316251 1.01328329 -0.00771110
v -0.53131308 1.02961680 -0.00651445
v -0.53675572 1.00907531 -0.01393084
v -0.53248042 1.00453585 -0.02026731
v -0.51966987 1.01925594 -0.01755771
v -0.52465861 1.02463001 -0.01152492
v -0.50197875 1.02970375 -0.02240309
v -0.51678954 1.01541462 -0.02575923
v -0.51644174 1.01500635 -0.03591235
v -0.50023400 1.02776810 -0.03327908
v -0.53606616 1.00875296 -0.05512804
v -0.54137690 1.01451223 -0.05906855
v -0.52666591 1.02682953 -0.06145999
v -0.52090331 1.02061695 -0.05606132
v -0.52562223 1.05383028 -0.06187923
v -0.51730542 1.04674983 -0.06408811
v -0.53382764 1.03366516 -0.06245464
v -0.54173159 1.04033498 -0.06117226
v -0.55683853 1.02864107 -0.06228857
v -0.56203008 1.03135033 -0.05406400
v -0.54718001 1.04406997 -0.05471030
v -0.50842357 1.09295253 -0.01243354
v -0.52086897 1.07576345 -0.01077909
v -0.51475581 1.07002265 -0.00382094
v -0.51200766 1.04048926 -0.00851513
v -0.49900790 1.05677442 -0.00587108
v -0.50693626 1.06352440 -0.00292828
v -0.51913600 1.04653648 -0.00434352
v -0.46744076 1.05421213 -0.02659048
v -0.48690422 1.04440142 -0.01890053
v -0.48415189 1.04119443 -0.03029517
v -0.50610993 1.03465185 -0.01439884
v -0.49230958 1.05042726 -0.01118905
v -0.50098217 1.02901617 -0.04520434
v -0.51773800 1.01692257 -0.04685179
v -0.53671961 1.06168566 -0.03318241
v -0.53598075 1.06121531 -0.04526799
v -0.54926317 1.04453236 -0.04353498
v -0.54973120 1.04476033 -0.03137649
v -0.48448697 1.04189457 -0.04296962
v -0.52208677 1.07806512 -0.04764829
v -0.52386940 1.07933616 -0.03564455
v -0.53253968 1.05912305 -0.05565421
v -0.51718734 1.07451257 -0.05767978
v -0.56414636 1.03058885 -0.02955522
v -0.56384808 1.02926869 -0.01600959
v -0.52398483 1.07897061 -0.02248763
v -0.50383413 1.03285249 -0.05574550
v -0.50967638 1.03934968 -0.06251085
v -0.49242576 1.05219058 -0.06266782
v -0.48695857 1.04556372 -0.05448250
v -0.49199744 1.08221706 -0.06605087
v -0.50017657 1.06022725 -0.06562405
v -0.50892592 1.06786977 -0.06399921
v -0.54846905 1.02161692 -0.06133284
v -0.50110965 1.09004780 -0.06025767
v -0.59578533 0.93940295 -0.01666619
v -0.58612740 0.94359721 -0.01518435
v -0.58839210 0.93854074 -0.00451103
v -0.59825979 0.93502409 -0.00665592
v -0.56652436 0.94677812 0.00346885
v -0.56278310 0.95629254 0.01148549
v -0.57050697 0.95000499 0.02087739
v -0.57348107 0.94174748 0.01372671
v -0.60189326 0.93356870 0.00249368
v -0.59173931 0.93613649 0.00451000
v -0.60405008 0.93761298 0.00902422
v -0.61590637 0.93687870 0.00570930
v -0.61130292 0.93167031 0.00142017
v -0.62459914 0.93346586 0.00381980
v -0.61981753 0.94911370 0.00357248
v -0.63004696 0.94125958 -0.00012800
v -0.62411241 0.96127899 -0.02319398
v -0.62240385 0.96343320 -0.03474358
v -0.63283983 0.95211774 -0.03492084
v -0.63358269 0.94952647 -0.02277149
v -0.62287351 0.95485602 -0.05538157
v -0.62909893 0.95303669 -0.04530703
v -0.61897545 0.96493411 -0.04425237
v -0.61397040 0.96619874 -0.05338402
v -0.59335660 0.94579732 -0.03224658
v -0.58424194 0.95162895 -0.03254172
v -0.58510531 0.94897942 -0.02545551
v -0.59418852 0.94393059 -0.02589439
v -0.60290824 0.94240273 0.02054581
v -0.60650941 0.95103761 0.01285974
v -0.60846422 0.94409738 0.01101848
v -0.60187753 0.93844002 0.01864336
v -0.55924626 0.96460339 -0.04558701
v -0.55238860 0.97570378 -0.04334253
v -0.55357059 0.97555198 -0.03404083
v -0.55988962 0.96578326 -0.03719535
v -0.55367785 0.96917140 -0.00580963
v -0.55283892 0.97575373 -0.01393262
v -0.55561791 0.98707042 -0.00395304
v -0.55943746 0.98082171 0.00237876
v -0.55687305 0.96286166 0.00245541
v -0.56282649 0.97462461 0.00891751
v -0.56833255 0.96688986 0.01616817
v -0.57517567 0.95845298 0.02495115
v -0.55322130 0.97905385 -0.05380204
v -0.55775267 0.97058907 -0.05817528
v -0.65618185 0.88926499 -0.00265731
v -0.65540513 0.88768084 -0.00870629
v -0.65137902 0.89228003 -0.00781711
v -0.65219804 0.89390219 -0.00174998
v -0.57071573 0.98548260 -0.06787593
v -0.57891089 0.99099328 -0.06546211
v -0.57245837 0.99628669 -0.06525400
v -0.56436614 0.99020604 -0.06507715
v -0.57823862 0.97906232 -0.07128371
v -0.58687540 0.98448417 -0.06606265
v -0.66770116 0.89718334 -0.00125644
v -0.66347306 0.89473460 0.00154246
v -0.66001581 0.90006527 0.00159169
v -0.66409903 0.90271454 -0.00156279
v -0.60687971 0.93061293 -0.00704847
v -0.60429578 0.93415934 -0.01642945
v -0.62206853 0.91823498 -0.01047285
v -0.61335473 0.92691656 -0.01565889
v -0.61480255 0.92575568 -0.00556710
v -0.62220172 0.92036461 -0.00372719
v -0.60898324 0.93272537 -0.03691777
v -0.60084529 0.94013900 -0.03674895
v -0.60383676 0.93751402 -0.02882326
v -0.61203001 0.92966590 -0.02927659
v -0.59602971 0.93963674 -0.04964375
v -0.60439603 0.93316288 -0.05035392
v -0.60173753 0.93256461 -0.05738694
v -0.59432574 0.93823165 -0.05626882
v -0.62207042 0.92006191 -0.04514562
v -0.63124957 0.91520826 -0.04616240
v -0.63017789 0.91644103 -0.05180608
v -0.62081488 0.92070754 -0.05108140
v -0.56718666 1.00276583 -0.06471255
v -0.55894945 0.99654718 -0.06260569
v -0.61040140 0.95575544 -0.07364168
v -0.60134236 0.95330688 -0.07965373
v -0.60744088 0.94516193 -0.08332641
v -0.61660279 0.94784193 -0.07697886
v -0.58644463 0.99436670 -0.05867321
v -0.58048395 1.00080481 -0.05942345
v -0.67026876 0.89815046 -0.00686595
v -0.66671199 0.90375717 -0.00721242
v -0.57822135 0.97404279 0.01360292
v -0.58410773 0.96412101 0.02308722
v -0.57307645 0.98238435 0.00624076
v -0.56933740 0.98875209 0.00139059
v -0.56531003 0.99548658 -0.00118987
v -0.61775620 0.92320846 -0.02113581
v -0.60074018 0.93894452 -0.02425724
v -0.59178399 0.94665540 -0.03707170
v -0.58258176 0.94380808 -0.06837264
v -0.57636235 0.94965089 -0.06805027
v -0.57881586 0.94660534 -0.05763240
v -0.58495541 0.94234964 -0.06053675
v -0.59322573 0.94716702 -0.08066153
v -0.59028168 0.94114542 -0.07590081
v -0.59704627 0.93490291 -0.07762264
v -0.59972845 0.93970702 -0.08323981
v -0.60303776 0.94622026 0.02471210
v -0.60194778 0.95607835 0.01687951
v -0.56280286 0.97804340 -0.06592801
v -0.55746344 0.98425604 -0.06144469
v -0.55303300 0.99122618 -0.05765859
v -0.57158043 0.95830621 -0.03557882
v -0.56004994 0.96584019 -0.03185764
v -0.55956579 0.96355540 -0.02535500
v -0.57239762 0.95681176 -0.03072596
v -0.57363614 0.94662842 -0.01293726
v -0.56171717 0.95289614 -0.00764258
v -0.57704572 0.94095237 -0.00191168
v -0.55324179 0.97548687 -0.02580452
v -0.54882456 0.98427277 -0.03234866
v -0.54887482 0.98425050 -0.02336943
v -0.54875925 0.98505632 -0.04195023
v -0.54983384 0.98731986 -0.05086159
v -0.54167244 0.99155048 -0.03106162
v -0.54250617 0.99263015 -0.02222074
v -0.54280377 0.99322602 -0.04068871
v -0.54398363 0.99525734 -0.04927054
v -0.56810134 1.01923829 -0.06177030
v -0.55935800 1.01226697 -0.06261206
v -0.57490397 1.00870940 -0.06051434
v -0.55141283 0.99841981 -0.00634767
v -0.55087599 0.98558083 -0.01394976
v -0.54588492 0.99512339 -0.01465154
v -0.55960693 1.00422169 -0.00206260
v -0.57879959 0.93873074 0.02113169
v -0.58351564 0.93512752 0.02732250
v -0.58905313 0.93276355 0.02179914
v -0.58595996 0.93606737 0.01553176
v -0.63199059 0.92848372 0.00225079
v -0.62620454 0.92368210 0.00140450
v -0.61909416 0.92843404 0.00138014
v -0.56535809 0.95773845 -0.05174594
v -0.56379256 0.96287229 -0.06309719
v -0.62465210 0.91661526 -0.01649605
v -0.65914787 0.90889553 -0.00178044
v -0.65496278 0.90591465 0.00157023
v -0.64550847 0.91549782 0.00148453
v -0.65066998 0.91873401 -0.00190741
v -0.63500696 0.91251910 -0.02033347
v -0.63097294 0.91236377 -0.01465564
v -0.63733219 0.90628122 -0.01415301
v -0.64208919 0.90746711 -0.01898814
v -0.62570845 0.91767806 -0.05847147
v -0.61810584 0.92129798 -0.05813915
v -0.63986315 0.93502862 -0.02309039
v -0.64081259 0.93772521 -0.01053450
v -0.63362222 0.94775784 -0.01004151
v -0.60664144 0.93341452 -0.04397579
v -0.61424894 0.92640672 -0.04458098
v -0.61258517 0.92657112 -0.05078490
v -0.62090123 0.92093094 -0.02397979
v -0.62641368 0.91647377 -0.02180933
v -0.62485385 0.91854107 -0.02820907
v -0.61821663 0.92378961 -0.02934960
v -0.59410762 0.96289529 -0.07681823
v -0.58377162 0.95453826 -0.07801433
v -0.65929254 0.89196955 0.00093905
v -0.65564754 0.89687552 0.00158424
v -0.55191065 1.00467414 -0.05922027
v -0.54680110 0.99886388 -0.05539873
v -0.59837233 0.94058873 -0.04306620
v -0.62339501 0.95753896 -0.01017291
v -0.58947327 0.94668256 -0.04222247
v -0.62966359 0.93575013 -0.06577225
v -0.62436629 0.93076900 -0.07022921
v -0.63010829 0.92553394 -0.06806322
v -0.63553684 0.93005893 -0.06650632
v -0.65172682 0.90003245 -0.01835137
v -0.64743219 0.89785343 -0.01365841
v -0.65353259 0.89274930 -0.01406361
v -0.65759362 0.89513650 -0.01820216
v -0.62865872 0.91365450 -0.00899735
v -0.62890156 0.91570722 -0.00301041
v -0.63628451 0.90900944 -0.00250705
v -0.63536646 0.90692717 -0.00824439
v -0.63295609 0.91877860 0.00088560
v -0.64037978 0.91208204 0.00111232
v -0.65745950 0.90406817 -0.01931598
v -0.66144557 0.90835999 -0.01486343
v -0.65268353 0.91761944 -0.01598829
v -0.64858868 0.91166120 -0.01993655
v -0.60529788 0.97719674 -0.05178710
v -0.60060273 0.97711579 -0.06029467
v -0.60881101 0.96622562 -0.06270086
v -0.61701670 0.95555039 -0.06544426
v -0.62298986 0.94407015 -0.06738699
v -0.63110128 0.94466618 -0.05715420
v -0.60316122 0.96586618 -0.07021087
v -0.64105909 0.92053137 -0.02577328
v -0.64438514 0.92448992 -0.01892151
v -0.64442563 0.92594628 -0.02733684
v -0.58624057 0.94568768 -0.04982667
v -0.65039235 0.90253136 0.00171240
v -0.58597848 0.99811306 -0.01273415
v -0.58985704 1.00150740 -0.02520325
v -0.59696937 0.99304767 -0.02567664
v -0.59127775 0.99025175 -0.01126607
v -0.64546507 0.89780350 -0.00756554
v -0.64648209 0.89914942 -0.00166489
v -0.61745544 0.92186667 -0.06513825
v -0.62462430 0.91910848 -0.06424818
v -0.62615750 0.92062791 -0.06857953
v -0.62043320 0.92298532 -0.07072202
v -0.59531325 0.97609484 -0.06759135
v -0.61193197 0.93847001 -0.08568222
v -0.62059366 0.94238202 -0.08009295
v -0.59300073 0.98691740 -0.05900498
v -0.59763250 0.98741617 -0.05021736
v -0.59154713 0.99574263 -0.04913045
v -0.63738304 0.93866086 -0.04585022
v -0.60936713 0.97616643 -0.04333268
v -0.60101813 0.98653934 -0.04172098
v -0.59435248 0.99548079 -0.03919556
v -0.58871624 1.00296576 -0.03829008
v -0.58615674 1.00306745 -0.04912911
v -0.66191884 0.91004664 -0.00775255
v -0.66637426 0.90235206 -0.01410062
v -0.57974157 1.01123673 -0.04993574
v -0.57238319 1.02124931 -0.05216550
v -0.57455523 1.02058413 -0.04036260
v -0.58258921 1.01112673 -0.03873820
v -0.60364966 0.98498512 -0.03238225
v -0.60475744 0.98311508 -0.02251938
v -0.61245524 0.97466844 -0.03427691
v -0.61412121 0.97212946 -0.02340421
v -0.64123986 0.94069098 -0.03485171
v -0.67276871 0.88705427 -0.01703486
v -0.66700392 0.89370694 -0.01768626
v -0.66237465 0.89040930 -0.01848547
v -0.66888949 0.88416132 -0.01833001
v -0.66260857 0.89879333 -0.01838441
v -0.67018516 0.89694430 -0.01346151
v -0.61318782 0.96819748 -0.00994383
v -0.63282251 0.91459946 -0.02746737
v -0.59984669 0.97846124 -0.00695535
v -0.61216099 0.96093771 0.00406104
v -0.60232125 0.96750997 0.00750685
v -0.58325032 0.98781719 0.00048371
v -0.58805034 0.97873221 0.00654084
v -0.57419680 1.00133776 -0.00496510
v -0.57878182 0.99464715 -0.00312678
v -0.56801191 1.01045021 -0.00523524
v -0.59298468 0.96782988 0.01621271
v -0.66115695 0.88265302 -0.00394622
v -0.66080105 0.88149049 -0.01020590
v -0.58074864 1.00569770 -0.01356641
v -0.57427145 1.01581096 -0.01398987
v -0.58200039 0.93763377 0.00784845
v -0.57741738 0.95161310 -0.04681634
v -0.58060768 0.95244917 -0.04116174
v -0.57032368 0.95554558 -0.06646653
v -0.57250149 0.95130494 -0.05500162
v -0.57627969 1.01934139 -0.02743818
v -0.53075321 1.00175763 -0.02837989
v -0.53162025 1.00290403 -0.03825664
v -0.56328832 1.03098690 -0.04225455
v -0.66420893 0.88487097 0.00003220
v -0.63828061 0.91733329 -0.04828995
v -0.63791726 0.91891818 -0.05079077
v -0.57635040 0.94509522 0.02766045
v -0.58253168 0.93970351 0.03261741
v -0.59306106 0.94730517 0.03517079
v -0.58639276 0.94389882 0.03564691
v -0.58059971 0.95142560 0.03165830
v -0.58857483 0.95594475 0.03047544
v -0.57029922 0.95823291 -0.03951635
v -0.56857090 0.95737448 -0.04484637
v -0.58626904 0.97171450 -0.07428159
v -0.57653515 0.96365897 -0.07523017
v -0.63842611 0.92305505 0.00152069
v -0.63745186 0.93376155 -0.00176631
v -0.64339567 0.92672999 -0.00241617
v -0.65332206 0.92024803 -0.00861805
v -0.63895166 0.91614240 -0.02542931
v -0.64176281 0.91609715 -0.02130923
v -0.55991969 0.95877899 -0.01741150
v -0.57281202 0.95267412 -0.02316719
v -0.59410269 0.93596577 0.01162821
v -0.59685052 0.93476500 0.01753744
v -0.61583410 0.92590588 -0.03704314
v -0.64568690 0.92871961 -0.04342396
v -0.64763260 0.93128032 -0.03484515
v -0.62285704 0.91997228 -0.03682343
v -0.67266044 0.88960614 -0.00157389
v -0.66834631 0.88712190 0.00100204
v -0.64636476 0.92881186 -0.00986884
v -0.60980896 0.92653399 -0.05809601
v -0.63977428 0.92967375 -0.05066803
v -0.64293275 0.92304503 -0.04725874
v -0.60481102 0.93478422 -0.08403800
v -0.58358275 1.00918344 -0.02585692
v -0.65764690 0.88800759 -0.01513670
v -0.66341365 0.88187552 -0.01620463
v -0.67494516 0.88973109 -0.01320166
v -0.67503980 0.89097076 -0.00710535
v -0.56938646 0.97118678 -0.07104112
v -0.58280042 0.95252828 -0.03687774
v -0.53326899 1.00515092 -0.04785733
v -0.59645673 0.95829548 0.02465367
v -0.59980875 0.94848941 0.03090028
v -0.63008353 0.91512883 -0.03698376
v -0.62358969 0.93778565 -0.07344928
v -0.63683555 0.93735638 -0.05882875
v -0.64179259 0.93202416 -0.06057282
v -0.64383047 0.92758357 -0.05384781
v -0.64259158 0.92174461 -0.05217281
v -0.67922187 0.88424685 -0.01330262
v -0.67945366 0.88521974 -0.00729829
v -0.67734923 0.88363338 -0.00178506
v -0.67270770 0.88150685 0.00042263
v -0.66827400 0.87993965 -0.00086327
v -0.67713470 0.88185788 -0.01688554
v -0.67313184 0.87940183 -0.01810053
v -0.66771625 0.87754443 -0.01615001
v -0.68049909 0.87718250 -0.01715811
v -0.68346105 0.87856216 -0.01346938
v -0.68445573 0.87181565 -0.00162703
v -0.68222264 0.87756547 -0.00218372
v -0.68492689 0.87551847 -0.00458802
v -0.68692905 0.87226299 -0.00428613
v -0.68959042 0.86846612 -0.00483769
v -0.68688297 0.86730556 -0.00278687
v -0.68533974 0.87692009 -0.00782805
v -0.68815620 0.87336447 -0.00833524
v -0.68743262 0.87313302 -0.01264034
v -0.69041475 0.86955445 -0.01314864
v -0.69119169 0.86960048 -0.00895824
v -0.68538073 0.87628471 -0.01142387
v -0.68321561 0.88025852 -0.00750120
v -0.68952141 0.86409130 -0.00528717
v -0.69137095 0.86589383 -0.00588995
v -0.69307331 0.86591261 -0.00935427
v -0.69168912 0.86308078 -0.00990705
v -0.67676205 0.87660378 -0.00007647
v -0.68059183 0.87080007 -0.00120162
v -0.68372003 0.86592620 -0.00320738
v -0.68657310 0.86253472 -0.00612353
v -0.67729522 0.86906406 -0.00306591
v -0.68118158 0.86466299 -0.00543351
v -0.68381876 0.86208071 -0.00803320
v -0.67525911 0.86739095 -0.00688667
v -0.67979889 0.86367896 -0.00848742
v -0.66931277 0.87376901 -0.00536169
v -0.67225367 0.87530398 -0.00142646
v -0.68229324 0.86222408 -0.00958243
v -0.68873589 0.86172645 -0.01081348
v -0.68588809 0.87314349 -0.01560000
v -0.68877550 0.86865615 -0.01591816
v -0.68369174 0.87194265 -0.01765715
v -0.68657884 0.86721657 -0.01745653
v -0.69127627 0.86492148 -0.01461008
v -0.69249663 0.86667382 -0.01299585
v -0.66511617 0.87830924 -0.00484282
v -0.66510079 0.87737508 -0.01099469
v -0.66908217 0.87284192 -0.01136301
v -0.67470623 0.86660759 -0.01238144
v -0.67159993 0.87352444 -0.01626528
v -0.67662999 0.87504771 -0.01822099
v -0.68062365 0.87022895 -0.01821718
v -0.67692273 0.86818694 -0.01686807
v -0.68376410 0.86577745 -0.01753080
v -0.68122207 0.86431228 -0.01609568
v -0.67989656 0.86332711 -0.01252366
v -0.68564926 0.86275616 -0.01553076
v -0.68869699 0.86346415 -0.01545270
v -0.68561892 0.86155027 -0.01173562
v -0.68346699 0.86269362 -0.01485637
v -0.68300150 0.86213040 -0.01220916
v -0.66422458 0.88719193 -0.03760583
v -0.66313106 0.88678759 -0.04343367
v -0.65791296 0.89254962 -0.04160345
v -0.65912992 0.89291219 -0.03592192
v -0.67442628 0.89641550 -0.03389824
v -0.67016701 0.89204632 -0.03186154
v -0.66598209 0.89805188 -0.03050666
v -0.67019508 0.90240300 -0.03287966
v -0.67597195 0.89914664 -0.04013839
v -0.67168591 0.90507350 -0.03944667
v -0.66447844 0.90887002 -0.03142424
v -0.66013688 0.90435676 -0.02917075
v -0.64872625 0.91388585 -0.02794842
v -0.65325567 0.91857813 -0.02925021
v -0.64000017 0.90924692 -0.04461479
v -0.64428589 0.91155636 -0.04813607
v -0.66668829 0.88877398 -0.03356564
v -0.66202283 0.89467012 -0.03210577
v -0.65532425 0.90228467 -0.04923364
v -0.65202076 0.89945196 -0.04564952
v -0.65899388 0.89365919 -0.04695596
v -0.66194818 0.89625323 -0.05054728
v -0.64068189 0.90895581 -0.03169663
v -0.63887996 0.90859137 -0.03807563
v -0.64462964 0.91076231 -0.02885945
v -0.65994018 0.90631344 -0.05010134
v -0.66420937 0.91004907 -0.04631621
v -0.65425294 0.92053869 -0.04414858
v -0.65003949 0.91601060 -0.04833173
v -0.65577980 0.90092808 -0.03059637
v -0.65074818 0.89849226 -0.03992968
v -0.65225542 0.89878543 -0.03420344
v -0.66596137 0.91154455 -0.03829850
v -0.66965864 0.90346555 -0.04732353
v -0.67778325 0.88721756 -0.05184848
v -0.67103659 0.89439783 -0.05137776
v -0.66721424 0.89083197 -0.05197625
v -0.67449665 0.88365242 -0.05307705
v -0.66592599 0.89980981 -0.05083971
v -0.67436630 0.89783662 -0.04756652
v -0.67126971 0.87909461 -0.03983455
v -0.67054456 0.87894014 -0.04572065
v -0.67336180 0.88062854 -0.03572998
v -0.65621998 0.92238894 -0.03614441
v -0.68034366 0.88816703 -0.03550584
v -0.67638550 0.88371288 -0.03400097
v -0.66419435 0.88797896 -0.04878213
v -0.67131469 0.88052732 -0.05079718
v -0.68070777 0.89033640 -0.04809521
v -0.68193527 0.89137070 -0.04121469
v -0.68562509 0.88384086 -0.04894367
v -0.68693317 0.88453171 -0.04262689
v -0.68569008 0.88167550 -0.03703847
v -0.68133373 0.87801649 -0.03566106
v -0.67808649 0.87579348 -0.03742873
v -0.68296573 0.88145779 -0.05249342
v -0.67964566 0.87876667 -0.05363539
v -0.67608282 0.87618065 -0.05167523
v -0.68778349 0.87583666 -0.05366439
v -0.69108136 0.87733388 -0.05044713
v -0.69747723 0.86473200 -0.04106836
v -0.69429211 0.86960954 -0.03925900
v -0.69638144 0.87062105 -0.04205518
v -0.69992081 0.86665833 -0.04279227
v -0.69143544 0.87552504 -0.03887590
v -0.69429802 0.87393835 -0.04194876
v -0.69431535 0.87512785 -0.04530298
v -0.69752797 0.87193893 -0.04621279
v -0.69616979 0.87181139 -0.05038238
v -0.69982533 0.86814686 -0.05150457
v -0.70156788 0.86818658 -0.04711713
v -0.69376040 0.87487168 -0.04894384
v -0.70240059 0.86374919 -0.04425446
v -0.70065697 0.86165489 -0.04433798
v -0.69165244 0.87887119 -0.04423580
v -0.68613252 0.87335776 -0.03697217
v -0.69058896 0.86776984 -0.03863298
v -0.69442630 0.86284151 -0.04156079
v -0.69765838 0.85985372 -0.04547053
v -0.68727982 0.86580003 -0.04082015
v -0.69178150 0.86136107 -0.04364034
v -0.69499303 0.85927243 -0.04692374
v -0.68490857 0.86445476 -0.04473503
v -0.69006923 0.86050548 -0.04679978
v -0.67939870 0.87075183 -0.04267613
v -0.68204733 0.87169853 -0.03872356
v -0.69309630 0.85938952 -0.04822375
v -0.70310301 0.86135518 -0.04899109
v -0.69993958 0.85964955 -0.04991872
v -0.70487501 0.86425364 -0.04786962
v -0.69421167 0.87134186 -0.05258795
v -0.69788457 0.86704972 -0.05363525
v -0.69227572 0.87051205 -0.05484235
v -0.69633222 0.86583311 -0.05547415
v -0.70167453 0.86355756 -0.05315042
v -0.70290899 0.86529891 -0.05169081
v -0.67577647 0.87470654 -0.04134543
v -0.67495309 0.87479665 -0.04680303
v -0.67843581 0.87065769 -0.04808383
v -0.68402536 0.86440528 -0.05010881
v -0.67971576 0.87224530 -0.05265721
v -0.68402058 0.87406076 -0.05457414
v -0.68908033 0.86872332 -0.05557824
v -0.68566448 0.86639885 -0.05419024
v -0.69350719 0.86424424 -0.05571198
v -0.69058683 0.86236846 -0.05450774
v -0.68937879 0.86074560 -0.05105693
v -0.69624217 0.86089946 -0.05427661
v -0.69940557 0.86190738 -0.05424141
v -0.69646474 0.85914490 -0.05061420
v -0.69351894 0.86041197 -0.05370758
v -0.69337517 0.85947117 -0.05104661
v -0.65581065 0.89563419 -0.06397163
v -0.65235940 0.89483231 -0.06863820
v -0.64832682 0.89971823 -0.06662093
v -0.65181133 0.90022218 -0.06201015
v -0.66514907 0.90399080 -0.06396233
v -0.66329025 0.90100424 -0.06191850
v -0.65930160 0.90593333 -0.05954852
v -0.66114939 0.90984631 -0.06144160
v -0.66513010 0.90619231 -0.06905679
v -0.66047218 0.91233428 -0.06700788
v -0.65661453 0.91518808 -0.05914134
v -0.65456977 0.91047892 -0.05718207
v -0.64655722 0.91725780 -0.05444675
v -0.64925578 0.92252213 -0.05622783
v -0.66002080 0.89794053 -0.06201763
v -0.65595742 0.90256313 -0.05985493
v -0.64268091 0.90794091 -0.07234084
v -0.64136852 0.90559001 -0.06903344
v -0.64723263 0.90085772 -0.07133134
v -0.64856061 0.90316541 -0.07442106
v -0.63678816 0.91248876 -0.05625894
v -0.63301031 0.91271695 -0.06074397
v -0.64182175 0.91397528 -0.05459925
v -0.64671404 0.91204335 -0.07385316
v -0.65175731 0.91666677 -0.07157128
v -0.64298979 0.92411373 -0.06874908
v -0.63743030 0.91961695 -0.07008888
v -0.65085891 0.90671232 -0.05757955
v -0.64239500 0.90401472 -0.06420241
v -0.64624203 0.90441399 -0.05957688
v -0.65546087 0.91805871 -0.06512860
v -0.65682811 0.91113079 -0.07314175
v -0.66468289 0.89446685 -0.07977574
v -0.65710093 0.90208285 -0.07748324
v -0.65309140 0.89830709 -0.07687401
v -0.66100626 0.89118527 -0.07976736
v -0.65214541 0.90703150 -0.07577378
v -0.66185560 0.90531585 -0.07475309
v -0.66177441 0.88835986 -0.06720291
v -0.65886247 0.88770739 -0.07185906
v -0.66559815 0.89042679 -0.06517906
v -0.64810350 0.92581578 -0.06256891
v -0.63287106 0.91560555 -0.06910121
v -0.67102203 0.89556277 -0.06682647
v -0.66894574 0.89299315 -0.06497631
v -0.65120351 0.89591452 -0.07369389
v -0.65836613 0.88882551 -0.07685481
v -0.66872705 0.89728902 -0.07695807
v -0.67136929 0.89807534 -0.07142943
v -0.67343994 0.89181389 -0.07887257
v -0.67582561 0.89224016 -0.07335263
v -0.67580098 0.88980895 -0.06869225
v -0.67305690 0.88734058 -0.06700001
v -0.66942186 0.88538847 -0.06746837
v -0.66971775 0.88903384 -0.08151311
v -0.66633165 0.88645877 -0.08124981
v -0.66306023 0.88466976 -0.07839660
v -0.67318680 0.88495645 -0.08311983
v -0.67740791 0.88657997 -0.08048575
v -0.68659214 0.87465741 -0.07313491
v -0.68341376 0.87865199 -0.07137557
v -0.68410652 0.87947807 -0.07373626
v -0.68756199 0.87615016 -0.07495776
v -0.68025969 0.88441060 -0.07068901
v -0.68209034 0.88278129 -0.07316980
v -0.68159305 0.88450050 -0.07615474
v -0.68463424 0.88127100 -0.07747132
v -0.68181769 0.88143042 -0.08125020
v -0.68498346 0.87806602 -0.08261807
v -0.68780850 0.87773446 -0.07878422
v -0.68032016 0.88449883 -0.07955321
v -0.68956444 0.87391475 -0.07650487
v -0.68896581 0.87201192 -0.07591367
v -0.67932733 0.88759785 -0.07502775
v -0.67671651 0.88262385 -0.06840402
v -0.68044520 0.87731078 -0.07005081
v -0.68400021 0.87284336 -0.07253942
v -0.68606214 0.87033707 -0.07586024
v -0.67676743 0.87596989 -0.07092267
v -0.68049476 0.87173491 -0.07339751
v -0.68251265 0.86966648 -0.07631133
v -0.67339476 0.87520383 -0.07321165
v -0.67767797 0.87131715 -0.07543619
v -0.66908044 0.88037053 -0.07126834
v -0.67270653 0.88115776 -0.06902924
v -0.68010503 0.86995575 -0.07705082
v -0.68909621 0.87200858 -0.08042464
v -0.68602771 0.87010536 -0.08081753
v -0.69001521 0.87460525 -0.07984531
v -0.67952953 0.88142412 -0.08326225
v -0.68273156 0.87737707 -0.08438973
v -0.67655554 0.88012897 -0.08434922
v -0.68035230 0.87590153 -0.08519221
v -0.68618390 0.87425970 -0.08397534
v -0.68749532 0.87560553 -0.08279591
v -0.66579057 0.88417350 -0.06959401
v -0.66312611 0.88395839 -0.07363481
v -0.66655813 0.88027489 -0.07505806
v -0.67120792 0.87491107 -0.07723722
v -0.66642744 0.88112500 -0.07956176
v -0.66967440 0.88273612 -0.08232312
v -0.67368791 0.87827020 -0.08373638
v -0.67117977 0.87630898 -0.08142380
v -0.67780024 0.87428807 -0.08454998
v -0.67576799 0.87251477 -0.08267232
v -0.67590045 0.87120685 -0.07899873
v -0.68092698 0.87142945 -0.08376260
v -0.68366227 0.87265856 -0.08443654
v -0.68253965 0.86959034 -0.08042410
v -0.67869955 0.87090328 -0.08257358
v -0.67953531 0.86990349 -0.07982466
v -0.63176011 0.91408879 -0.06551011
v -0.63232744 0.90941910 -0.08976298
v -0.62890374 0.90927197 -0.09231768
v -0.62632796 0.91269659 -0.08948521
v -0.62953222 0.91291862 -0.08701804
v -0.64103985 0.91684666 -0.09178254
v -0.63971589 0.91362547 -0.08912421
v -0.63695117 0.91759419 -0.08587203
v -0.63844491 0.92132211 -0.08856781
v -0.63857486 0.91887999 -0.09644654
v -0.63589129 0.92352113 -0.09351423
v -0.63457502 0.92559008 -0.08458001
v -0.63311608 0.92139185 -0.08192625
v -0.62681073 0.92723923 -0.07622814
v -0.62819027 0.93250262 -0.07836401
v -0.60882961 0.93063246 -0.08485953
v -0.60812780 0.92771175 -0.08085685
v -0.61353353 0.92288667 -0.08456460
v -0.61306490 0.92584054 -0.08809969
v -0.63632089 0.91096767 -0.08875256
v -0.63348538 0.91456118 -0.08563338
v -0.61990500 0.91954526 -0.09303645
v -0.62038878 0.91673965 -0.08969754
v -0.62422317 0.91367234 -0.09276738
v -0.62383338 0.91598772 -0.09604210
v -0.61000607 0.92512970 -0.07673057
v -0.61398187 0.92367046 -0.07278527
v -0.61918801 0.92157894 -0.07760625
v -0.61577695 0.92126332 -0.08097620
v -0.62293675 0.92319713 -0.07641906
v -0.62197839 0.92324890 -0.09489210
v -0.62679390 0.92675894 -0.09397116
v -0.61930908 0.93410443 -0.08897270
v -0.61514964 0.92969412 -0.08976248
v -0.62968823 0.91802610 -0.08214311
v -0.62261653 0.91562088 -0.08622476
v -0.62605441 0.91612172 -0.08329358
v -0.63210705 0.92827831 -0.08971006
v -0.63080476 0.92228265 -0.09721073
v -0.63272092 0.91021038 -0.10438274
v -0.62888967 0.91555387 -0.10080640
v -0.62621002 0.91249927 -0.09921121
v -0.63008876 0.90771199 -0.10301348
v -0.62605699 0.91928724 -0.09797863
v -0.63359085 0.91802580 -0.09997274
v -0.63612941 0.90448909 -0.09328293
v -0.63237841 0.90455994 -0.09588813
v -0.63986183 0.90599678 -0.09244394
v -0.62593296 0.93632698 -0.08394202
v -0.64447921 0.91107399 -0.09538266
v -0.64304914 0.90814340 -0.09297835
v -0.62668987 0.91031454 -0.09570865
v -0.63017523 0.90569185 -0.09964111
v -0.63728998 0.91241100 -0.10342186
v -0.64207440 0.91315438 -0.09972825
v -0.64060381 0.90798000 -0.10644114
v -0.64533861 0.90882176 -0.10264160
v -0.64740654 0.90668374 -0.09805016
v -0.64576035 0.90419824 -0.09544446
v -0.64235723 0.90259997 -0.09488524
v -0.63597642 0.90585460 -0.10728855
v -0.63358363 0.90394846 -0.10549050
v -0.63338238 0.90259682 -0.10202134
v -0.63927800 0.90228887 -0.10918857
v -0.64427492 0.90382433 -0.10874538
v -0.65431140 0.89386808 -0.10374208
v -0.65237817 0.89730125 -0.10167795
v -0.65255076 0.89820283 -0.10389654
v -0.65472510 0.89541670 -0.10531587
v -0.65001632 0.90231069 -0.10066358
v -0.65093142 0.90122685 -0.10315210
v -0.64938018 0.90267248 -0.10570113
v -0.65161529 0.90000807 -0.10701488
v -0.64861799 0.89982783 -0.11014820
v -0.65068081 0.89666335 -0.11179764
v -0.65413094 0.89718501 -0.10870630
v -0.64751470 0.90242957 -0.10846579
v -0.65632481 0.89363148 -0.10696803
v -0.65581173 0.89168395 -0.10654043
v -0.64777862 0.90516862 -0.10455527
v -0.64810961 0.90061271 -0.09787800
v -0.65078934 0.89609807 -0.10022910
v -0.65300721 0.89210786 -0.10309752
v -0.65365133 0.88987365 -0.10647902
v -0.64785925 0.89541217 -0.09983492
v -0.65039360 0.89143317 -0.10300004
v -0.65110655 0.88950301 -0.10615532
v -0.64429648 0.89501176 -0.10057351
v -0.64749857 0.89136699 -0.10358143
v -0.64101732 0.89898766 -0.09794283
v -0.64488960 0.89961236 -0.09718403
v -0.64915553 0.88981888 -0.10579854
v -0.65465590 0.89158143 -0.11057783
v -0.65241549 0.88982393 -0.10994972
v -0.65573632 0.89438859 -0.11037844
v -0.64579244 0.89937456 -0.11134148
v -0.64849066 0.89542461 -0.11293426
v -0.64242535 0.89832792 -0.11107073
v -0.64610138 0.89391475 -0.11247340
v -0.65154847 0.89281193 -0.11294189
v -0.65278265 0.89466137 -0.11254803
v -0.63864817 0.90159913 -0.09578885
v -0.63521343 0.90167831 -0.09836719
v -0.63755037 0.89894496 -0.10037026
v -0.64105113 0.89500124 -0.10277463
v -0.63589827 0.89956127 -0.10399602
v -0.63644460 0.90076495 -0.10736439
v -0.64025564 0.89664775 -0.10950415
v -0.63944045 0.89531663 -0.10636690
v -0.64441904 0.89259452 -0.11084116
v -0.64382616 0.89158524 -0.10829949
v -0.64500830 0.89127828 -0.10542901
v -0.64803671 0.89024151 -0.11045321
v -0.64968244 0.89108033 -0.11211111
v -0.65017800 0.88932329 -0.10871971
v -0.64684084 0.89003283 -0.10891739
v -0.64807659 0.88958569 -0.10742358
v -0.61116897 0.93324732 -0.08682766
v -0.60740224 0.93745454 0.03190586
v -0.60740828 0.93412987 0.02755203
v -0.59283602 0.92676073 0.02851305
v -0.59907575 0.92754063 0.02530401
v -0.58899258 0.92895273 0.03388193
v -0.59240703 0.93566247 0.04118322
v -0.58939219 0.93220453 0.03848422
v -0.60495197 0.93043562 0.02492503
v -0.60471637 0.93988381 0.03733839
v -0.59832212 0.93903720 0.04110712
v -0.60994829 0.93282723 0.04369025
v -0.60368099 0.93164808 0.04773533
v -0.59715207 0.92832557 0.04782524
v -0.59337843 0.92534127 0.04392001
v -0.59248062 0.92312312 0.03850493
v -0.61261465 0.93135632 0.03754063
v -0.61176200 0.92864742 0.03236328
v -0.60751949 0.92542321 0.02955272
v -0.61740058 0.92535437 0.04297239
v -0.61662434 0.92459134 0.05070837
v -0.60859899 0.91152476 0.05991921
v -0.60522995 0.91514234 0.05740527
v -0.60890903 0.91692574 0.05938300
v -0.61125003 0.91428019 0.06208734
v -0.60315324 0.92045452 0.05452252
v -0.60798565 0.91945057 0.05737779
v -0.61262565 0.92139656 0.05700354
v -0.61441648 0.91959466 0.05956903
v -0.61692078 0.92226559 0.05549587
v -0.61963635 0.92062547 0.05707145
v -0.61656762 0.91699773 0.06271936
v -0.61402717 0.91199409 0.06396036
v -0.61836628 0.91357710 0.06416328
v -0.61309151 0.90919167 0.06227965
v -0.60985383 0.92418498 0.05369015
v -0.59770276 0.91905184 0.04931725
v -0.60235302 0.91340635 0.05358692
v -0.60737915 0.90896318 0.05664035
v -0.61308843 0.90688514 0.05851406
v -0.60202585 0.91149990 0.04806032
v -0.60819445 0.90742596 0.05179205
v -0.61326425 0.90645575 0.05397026
v -0.60510137 0.91102000 0.04294130
v -0.61065483 0.90768673 0.04796033
v -0.59876022 0.91725649 0.03698740
v -0.59618559 0.91752517 0.04309816
v -0.61368532 0.90684876 0.05081610
v -0.61928256 0.90953547 0.06259271
v -0.61890133 0.90756904 0.05805766
v -0.62152640 0.92031259 0.05284614
v -0.62155794 0.91797365 0.05976728
v -0.62365756 0.91659757 0.05592926
v -0.62158267 0.91965415 0.04756472
v -0.62350171 0.91461255 0.05169986
v -0.62346506 0.91300667 0.05944614
v -0.62213409 0.91528650 0.06213833
v -0.59524399 0.92217370 0.03301067
v -0.60111048 0.92292269 0.02997670
v -0.60496113 0.91847418 0.03366108
v -0.61026796 0.91258496 0.03961070
v -0.61151282 0.92088091 0.03348464
v -0.61635875 0.92383764 0.03707529
v -0.62009293 0.91752268 0.04289015
v -0.61600973 0.91491098 0.03978286
v -0.62169532 0.91264703 0.04818014
v -0.61840716 0.91079860 0.04590791
v -0.61437454 0.90895385 0.04601068
v -0.62082026 0.90951021 0.05183842
v -0.62284644 0.91070429 0.05548283
v -0.61773062 0.90733634 0.05382365
v -0.61883273 0.90908518 0.04951013
v -0.61640278 0.90772319 0.05029697
v -0.60258546 0.93049336 -0.07910258
v -0.60426363 0.92782605 -0.07333389
v -0.59785027 0.93240953 -0.07154717
v -0.59012917 0.93798540 -0.06989556
v -0.58425182 0.94591255 -0.07454877
v -0.59221554 0.93742827 -0.06296307
v -0.60000211 0.93186988 -0.06493951
v -0.60874270 0.92580745 -0.06682791
v -0.58836824 0.94201421 -0.05551692
v -0.04074053 1.62630107 0.11278368
v -0.03775414 1.62747671 0.11476648
v -0.04024182 1.61925200 0.11342425
v -0.04281624 1.61951116 0.11145565
v -0.03296934 1.61932783 0.11602618
v -0.03688252 1.61921061 0.11486803
v -0.03300957 1.62821550 0.11597303
v -0.02754903 1.62767199 0.11579168
v -0.01944350 1.62342373 0.11292711
v -0.01768231 1.62208974 0.11359608
v -0.01857940 1.62114672 0.11420051
v -0.02095116 1.62101687 0.11422283
v -0.02481841 1.62032809 0.11534715
v -0.04546233 1.62246619 0.10799796
v -0.04445135 1.62389580 0.10888158
v -0.04285725 1.62531782 0.11064434
v -0.02885025 1.61983739 0.11604554
v -0.04471416 1.62036700 0.10949016
v -0.04557769 1.62118336 0.10825172
v -0.02291102 1.62653438 0.11395415
v -0.03335821 1.62212128 0.11587708
v -0.03738609 1.62185028 0.11489560
v -0.03354440 1.62533197 0.11606288
v -0.02864486 1.62531875 0.11589509
v -0.02265882 1.62220552 0.11448994
v -0.02528013 1.62228231 0.11536592
v -0.04040612 1.62161077 0.11311590
v -0.02909143 1.62232254 0.11604129
v -0.03779389 1.62478287 0.11477671
v -0.02451179 1.62452125 0.11504757
v -0.02212032 1.62359371 0.11400079
v -0.04476784 1.62232758 0.10869896
v -0.04482263 1.62183054 0.10881133
v -0.01614353 1.37492629 0.06576613
v -0.01688787 1.36008361 0.06945509
v -0.04061553 1.62406886 0.11287577
v -0.04393557 1.62172252 0.10977010
v -0.04248890 1.62169593 0.11126117
v -0.04249810 1.62351246 0.11090084
v -0.04389910 1.62288884 0.10948635
v -0.25784690 1.28548267 0.02841369
v -0.26618891 1.29692055 0.02810367
v -0.28887943 1.31718426 -0.01680094
v -0.28751288 1.32188073 -0.04003437
v -0.04441169 1.08588419 0.07578015
v -0.11062227 1.12571045 -0.05283778
v -0.11731760 1.14636023 -0.05551412
v -0.03967950 1.14215932 -0.07958931
v -0.06042337 1.13838821 -0.08002098
v -0.12396496 1.11087416 0.03345953
v -0.12801835 1.13192457 0.03653956
v -0.07910372 1.10321086 0.06381950
v -0.08411618 1.12602146 0.06766083
v -0.10843458 1.08697665 0.04487851
v -0.07164910 1.09367537 -0.06531789
v -0.08600965 1.09113668 -0.05604875
v -0.08995538 1.11070726 -0.06003183
v -0.07470926 1.11444956 -0.07013466
v -0.01982059 1.14405312 -0.07381092
v -0.01897557 1.12182655 -0.07399593
v -0.14060784 1.15491002 0.02120111
v -0.14498196 1.15541407 -0.00062155
v -0.13683614 1.15984070 -0.04136598
v -0.12463227 1.16472165 -0.05753659
v -0.10910572 1.17247635 -0.06978729
v -0.09044200 1.18001035 -0.07894424
v -0.06998038 1.15003160 0.07636333
v -0.05331414 1.17239847 0.08027606
v -0.13068627 1.15419495 0.03998836
v -0.01611997 1.15115527 0.08323201
v -0.07392315 1.21038038 -0.08746172
v -0.04730984 1.21474795 -0.08958306
v -0.14469166 1.15696927 -0.02202593
v -0.03148707 1.31936362 0.07801786
v -0.04948729 1.32272828 0.07918537
v -0.04713063 1.30819215 0.08297497
v -0.03023470 1.30432245 0.08101093
v -0.06419840 1.31069294 0.08428576
v -0.08129441 1.31255673 0.08564511
v -0.09743527 1.31307794 0.08571585
v -0.13601933 1.30766875 0.07707925
v -0.12515439 1.31078977 0.08159303
v -0.14833693 1.29623180 0.06203535
v -0.14404035 1.30303205 0.07074852
v -0.14630580 1.28685119 0.04973007
v -0.14125243 1.27683951 0.03502057
v -0.14727482 1.27600243 0.01906015
v -0.14289924 1.26566870 0.02300381
v -0.13569901 1.26644597 0.03878351
v -0.13812915 1.27695812 0.05168328
v -0.13923718 1.28560015 0.06357501
v -0.01341716 1.23787735 0.07567535
v -0.01273485 1.26297965 0.07667606
v -0.01487641 1.38815798 0.06029278
v -0.41367906 1.12641331 -0.06041463
v -0.52707092 1.05304540 -0.00277691
v -0.01905815 1.39927215 -0.06785231
v -0.03493225 1.40573767 -0.07169924
v -0.08992428 1.42672839 -0.06626415
v -0.10558731 1.43991532 -0.04985813
v -0.07043507 1.41511038 -0.07720196
v -0.05231917 1.40333268 -0.07944838
v -0.11880273 1.17438206 0.05627968
v -0.03863891 1.36814011 -0.08200184
v -0.05465717 1.39108891 -0.08477926
v -0.07304017 1.40354776 -0.08338800
v -0.09423720 1.41647092 -0.07350258
v -0.11801238 1.43142653 -0.05638289
v -0.13893805 1.43331335 -0.04970829
v -0.16673405 1.41898850 -0.05833815
v -0.17872487 1.41765613 -0.05454186
v -0.19058078 1.41550243 -0.05167284
v -0.19717795 1.42850123 -0.03542375
v -0.18346833 1.43166790 -0.03779172
v -0.25952389 1.34424491 -0.04600581
v -0.26907263 1.33136833 -0.05169582
v -0.27138981 1.31962050 -0.05784008
v -0.26848505 1.30856731 -0.06198454
v -0.26025042 1.29988304 -0.06481137
v -0.24839981 1.29498488 -0.06538852
v -0.23504392 1.29551556 -0.06360819
v -0.20382590 1.30987602 -0.05691401
v -0.19675612 1.31420103 -0.05547193
v -0.18293622 1.27882047 -0.05815962
v -0.17772027 1.26949864 -0.06051671
v -0.16109375 1.24637094 -0.06550721
v -0.15101492 1.23574603 -0.06765768
v -0.13819260 1.22193790 -0.06935225
v -0.08111914 1.00303083 -0.07024103
v -0.09629985 1.00514023 -0.06203228
v -0.08975662 1.01806427 -0.05472630
v -0.07463434 1.01797891 -0.05950025
v -0.03934967 1.04961192 -0.06503335
v -0.02235192 1.04694326 -0.06780454
v -0.12248436 1.01858641 -0.01164819
v -0.12398784 1.01532738 0.00674084
v -0.10392361 1.01964344 -0.04323428
v -0.11545312 1.02014610 -0.02897937
v -0.12157568 1.00895916 0.02207946
v -0.07524017 0.97743165 0.06337597
v -0.05789687 0.97259327 0.06713493
v -0.02763272 0.96554500 0.07430063
v -0.01458227 0.96312902 0.07834578
v -0.11760996 1.00049079 0.03635483
v -0.04171561 0.96936858 0.07070817
v -0.10827077 0.99124540 0.04852033
v -0.09289533 0.98292894 0.05694455
v -0.05523139 1.05059421 -0.06116936
v -0.05698810 1.03070179 -0.05904386
v -0.07215412 1.03335020 -0.05725266
v -0.04320666 1.27514499 -0.09770478
v -0.06457417 1.27818193 -0.10139676
v -0.08562498 1.28309158 -0.10356039
v -0.10076440 1.30709112 -0.10161367
v -0.10606577 1.28928356 -0.10140569
v -0.12415478 1.29728696 -0.09711390
v -0.12010214 1.31557780 -0.09746047
v -0.15335872 1.33529676 -0.08817911
v -0.15567477 1.31821586 -0.08618646
v -0.16647615 1.32708166 -0.08349022
v -0.16459148 1.34420598 -0.08604285
v -0.17517975 1.33589502 -0.08170970
v -0.18084864 1.34081332 -0.07820750
v -0.18619660 1.34342786 -0.07281440
v -0.19403460 1.34165873 -0.07151377
v -0.19688843 1.36374360 -0.07688941
v -0.18755726 1.36471702 -0.08114343
v -0.15097843 1.35417617 -0.08826380
v -0.13517229 1.34404768 -0.09180640
v -0.03980788 1.31023343 -0.09621336
v -0.02075646 1.30600496 -0.09176512
v -0.15195541 1.25670312 0.01216502
v -0.16167233 1.24871814 0.00041210
v -0.16952287 1.24380355 -0.01270371
v -0.17445210 1.24260031 -0.02635952
v -0.17406965 1.24363829 -0.03953861
v -0.17124728 1.24748984 -0.05238667
v -0.17218310 1.26169794 -0.06275117
v -0.16730037 1.25440710 -0.06412059
v -0.16987105 1.27197248 -0.07183783
v -0.16252158 1.26393508 -0.07483304
v -0.15694551 1.27585767 -0.08349438
v -0.14932648 1.29013237 -0.08978721
v -0.14239888 1.30706633 -0.09180440
v -0.13848901 1.32525080 -0.09242271
v -0.11778818 1.33518326 -0.09647933
v -0.09858645 1.32624837 -0.09985316
v -0.07868174 1.33724539 -0.09984643
v -0.07744605 1.35464655 -0.09620779
v -0.07890444 1.31922664 -0.10254302
v -0.07957580 1.30077345 -0.10422383
v -0.07664313 1.45125026 -0.04944607
v -0.05975761 1.44227069 -0.05700719
v -0.23299149 1.31234358 -0.06728303
v -0.22912911 1.30931630 -0.06637098
v -0.23199710 1.30395927 -0.06547614
v -0.24043480 1.30519456 -0.06639967
v -0.24808382 1.31004858 -0.06634405
v -0.24126528 1.32542274 -0.06698512
v -0.23792195 1.31767392 -0.06766798
v -0.25369675 1.31758724 -0.06489224
v -0.25599380 1.32713054 -0.06201834
v -0.24311250 1.33389767 -0.06470507
v -0.25484929 1.33677119 -0.05767028
v -0.24350356 1.34194787 -0.06096742
v -0.24975918 1.34665530 -0.05341415
v -0.24287682 1.34815880 -0.05763585
v -0.21537243 1.37390814 -0.06492680
v -0.22580297 1.36483961 -0.06128274
v -0.23569298 1.35507083 -0.05851140
v -0.20438935 1.33622707 -0.07055482
v -0.21611446 1.33042157 -0.07023138
v -0.22690322 1.32451943 -0.06943530
v -0.22944898 1.33249607 -0.06934470
v -0.21805115 1.33905244 -0.07125175
v -0.20615437 1.34565618 -0.07332632
v -0.04016193 1.29417715 -0.09787852
v -0.05986107 1.29655893 -0.10213790
v -0.17365126 1.34996911 -0.08469106
v -0.18079440 1.35299935 -0.08217508
v -0.18723303 1.35344988 -0.07845646
v -0.19515111 1.35184774 -0.07586128
v -0.18141437 1.36589206 -0.08419563
v -0.17313735 1.36416776 -0.08584159
v -0.16304580 1.36011953 -0.08703615
v -0.05888680 1.31374855 -0.10153734
v -0.02086669 1.29178091 -0.09371195
v -0.19969478 1.39408378 0.04730747
v -0.20528057 1.41810603 0.03457122
v -0.20788648 1.43340522 0.01336118
v -0.20429246 1.43642571 -0.01308685
v -0.33614882 1.17132610 -0.02315228
v -0.01883804 1.09630462 -0.07252092
v -0.02056570 1.07157467 -0.06975021
v -0.03795703 1.07353454 -0.07091789
v -0.02324178 1.21586225 -0.08564608
v -0.02215353 1.27472652 -0.09455133
v -0.09862729 1.28493121 0.08602475
v -0.08703235 1.28533461 0.08847002
v -0.09212843 1.29935740 0.08744902
v -0.10545199 1.29899211 0.08555095
v -0.11835117 1.28278471 0.07849249
v -0.10924540 1.28420542 0.08277615
v -0.11734197 1.29794942 0.08271218
v -0.12742816 1.29570629 0.07847549
v -0.12545149 1.27962756 0.07252949
v -0.13511116 1.29167900 0.07240212
v -0.10171605 1.26926743 0.08256450
v -0.09269739 1.26991113 0.08693237
v -0.08232289 1.27061599 0.08952607
v -0.11634970 1.26666845 0.07233277
v -0.10968132 1.26848756 0.07775452
v -0.00559276 1.49782238 0.11569335
v -0.00572245 1.49968543 0.13420562
v 0.00030999 1.54671402 0.14960391
v 0.00070825 1.55177132 0.14766570
v -0.01219577 1.40846463 0.05018521
v -0.01163157 1.42049620 0.05253915
v -0.01352189 1.28284934 0.07842433
v -0.01495420 1.31485828 0.07605559
v -0.01571213 1.32978854 0.07408024
v -0.01623141 1.34504680 0.07220802
v -0.01399941 1.39881110 0.05389835
v -0.01439079 1.29920571 0.07753937
v -0.15262256 0.83965470 -0.07902513
v -0.13691846 0.82325379 -0.09787065
v -0.14131158 0.84991171 -0.09338503
v -0.12915253 0.83745731 -0.10645771
v -0.14237449 0.92032250 -0.05768955
v -0.14393831 0.89397680 -0.06853356
v -0.14220125 0.94661978 -0.05170033
v -0.11093276 0.83001895 -0.11801312
v -0.08654861 0.82806358 -0.12685780
v -0.08426399 0.84649730 -0.12863634
v -0.13016666 0.94249495 -0.07358001
v -0.13174674 0.91639505 -0.08025773
v -0.13290591 0.85566214 -0.09933970
v -0.14534728 0.86919049 -0.08104028
v -0.13351315 0.87055101 -0.09486586
v -0.10690500 0.84685087 -0.12032176
v -0.12355512 0.85115712 -0.10954848
v -0.05036396 0.99634463 -0.07979486
v -0.03181426 0.97714201 -0.09106154
v -0.05389883 0.97881619 -0.09091249
v -0.11043952 1.00550348 -0.04961968
v -0.10498246 0.98613797 -0.07366214
v -0.12089537 0.86886456 -0.10849678
v -0.10393572 0.86774665 -0.12055738
v -0.08276793 0.86829199 -0.13012606
v -0.08083139 0.93946612 -0.11252075
v -0.08244337 0.91632870 -0.12200558
v -0.10219989 0.91444773 -0.11302549
v -0.10009927 0.93965318 -0.10420674
v -0.11241148 0.96548129 -0.08388895
v -0.11640777 0.94008515 -0.09133569
v -0.07772332 0.96255980 -0.10160732
v -0.09643404 0.96387821 -0.09487057
v -0.08932491 0.98389692 -0.08309936
v -0.11841081 0.91446237 -0.09915059
v -0.05639421 0.89294184 -0.13090929
v -0.08285108 0.89181141 -0.12766259
v -0.02893637 0.89329255 -0.12671277
v -0.07265339 0.98186930 -0.08768496
v -0.06551558 1.00024979 -0.07521191
v -0.06004294 1.01596100 -0.06384985
v -0.05473717 1.07230980 -0.06552801
v -0.10849493 0.59894299 0.05566193
v -0.00408391 0.79580975 0.00300744
v -0.00258001 0.80288651 -0.01767425
v -0.16440639 0.87181168 0.03136957
v -0.16900668 0.85906682 -0.03586998
v -0.15727163 0.86468849 -0.06024687
v -0.03219740 0.79547798 0.04572401
v -0.01655203 0.79106593 0.03197583
v -0.14783173 0.86028569 0.05392063
v -0.09928617 0.81442615 0.07833619
v -0.00846074 0.79161673 0.01867040
v -0.13152174 0.89220910 -0.08685538
v -0.11940096 0.89037852 -0.10414866
v -0.10303182 0.89043761 -0.11819400
v -0.05687680 0.87006051 -0.13277395
v -0.02842037 0.87240439 -0.12738318
v -0.01616425 0.84354145 0.08196875
v -0.01473276 0.85177201 0.08827175
v -0.00849245 0.85067217 0.08880584
v -0.00735128 0.83883222 0.07971140
v -0.07928948 0.95877930 0.06599142
v -0.06004965 0.95315564 0.07080779
v -0.02804300 0.94458042 0.07970283
v -0.01443263 0.94200008 0.08261748
v -0.12720087 0.98562561 0.03933019
v -0.04332138 0.94855138 0.07589339
v -0.11735693 0.97527662 0.05227833
v -0.09964511 0.96610908 0.05994839
v -0.07661613 0.16507777 -0.05484825
v -0.07574557 0.13630107 -0.04845240
v -0.07854746 0.13840623 -0.06264629
v -0.07560377 0.16738988 -0.06866552
v -0.08507805 0.17366941 -0.09256431
v -0.07729955 0.17079510 -0.08678878
v -0.09716834 0.17350440 -0.09368855
v -0.09574144 0.14348272 -0.09256585
v -0.10589702 0.14192534 -0.08451494
v -0.10965380 0.17160245 -0.08947994
v -0.11972668 0.16978370 -0.08123573
v -0.12424223 0.13790971 -0.06738636
v -0.12271448 0.13690185 -0.04918076
v -0.12762285 0.16531893 -0.05210602
v -0.12638684 0.16765950 -0.07039402
v -0.12317326 0.16024236 -0.03177192
v -0.11974351 0.13305333 -0.02771370
v -0.10830957 0.15719178 -0.02147452
v -0.07935869 0.16132855 -0.03843776
v -0.07583087 0.13366834 -0.03035689
v -0.08451767 0.14348990 -0.09260581
v -0.07930101 0.14096731 -0.08300744
v -0.07413634 0.16830577 -0.07839519
v -0.08036617 0.13957311 -0.07293124
v -0.07276702 0.11049228 -0.05595971
v -0.06631298 0.11006551 -0.03991214
v -0.08358453 0.11549774 -0.09166950
v -0.08166590 0.11312871 -0.07698573
v -0.10039201 0.11400247 -0.07878449
v -0.09437559 0.11594455 -0.09280795
v -0.12474332 0.11094175 -0.06364091
v -0.11684899 0.14016437 -0.07756372
v -0.11481377 0.11217779 -0.07328961
v -0.12500853 0.11059997 -0.04582130
v -0.11917314 0.10850769 -0.02105871
v -0.06907549 0.10876764 -0.02054459
v -0.07858733 0.11113469 -0.06634843
v -0.12434809 0.01772519 0.14216266
v -0.11674282 0.01793575 0.14470494
v -0.11869407 0.02255323 0.14329894
v -0.12355374 0.02166255 0.14156253
v -0.08282774 0.02469179 0.15890174
v -0.06851294 0.02191034 0.15737662
v -0.07241019 0.03389356 0.16022588
v -0.08156079 0.03447260 0.16044604
v -0.10190960 0.01980958 0.15553058
v -0.11060461 0.01913164 0.15423683
v -0.10781158 0.01555685 0.15062961
v -0.10258622 0.01636039 0.15165831
v -0.14597717 0.01219673 0.10452705
v -0.15187915 0.01127680 0.10095995
v -0.15026252 0.00780329 0.09971817
v -0.14611313 0.00770550 0.10181289
v -0.13279879 0.01490720 0.12793896
v -0.13893298 0.01313703 0.12363251
v -0.13703716 0.01057951 0.12226706
v -0.13315228 0.01054350 0.12441608
v -0.08415554 0.03451826 0.13448614
v -0.08518057 0.03596750 0.15071084
v -0.07029680 0.03542658 0.14983627
v -0.06922998 0.03714500 0.13351908
v -0.06262353 0.02603065 0.14648480
v -0.07135092 0.02017526 0.14285203
v -0.06995446 0.01862081 0.12694729
v -0.06227590 0.02558157 0.12865060
v -0.08466385 0.01881089 0.14398303
v -0.08418934 0.01730057 0.12884779
v -0.09191104 0.02376913 0.13241417
v -0.09445596 0.02617830 0.14897166
v -0.11170039 0.02136772 0.13088921
v -0.11561250 0.01994582 0.14439925
v -0.11030710 0.02618909 0.14625195
v -0.10704752 0.02855610 0.13188730
v -0.10138908 0.02668776 0.14798340
v -0.09511704 0.02970987 0.13490313
v -0.09144490 0.02140619 0.13431014
v -0.09405726 0.02203995 0.14953379
v -0.09938299 0.01663164 0.14477148
v -0.09648103 0.01576427 0.13017137
v -0.10598095 0.01492094 0.12890553
v -0.10886444 0.01494941 0.14272567
v -0.12489715 0.02571943 0.12210208
v -0.12472204 0.02254471 0.13467940
v -0.11653694 0.02312455 0.13649901
v -0.11378888 0.02610968 0.12584605
v -0.11180949 0.01718390 0.13774207
v -0.11773004 0.01368161 0.13536731
v -0.11542515 0.01335798 0.12380632
v -0.11018513 0.01791868 0.12713138
v -0.12514593 0.01285188 0.12113519
v -0.12470591 0.01232477 0.13329925
v -0.12977936 0.01945366 0.12231385
v -0.12976860 0.01724517 0.13385481
v -0.14508446 0.01577415 0.10485684
v -0.14353151 0.01326924 0.11584511
v -0.14048268 0.01822123 0.11701586
v -0.14167039 0.02212379 0.10544471
v -0.13392876 0.02013668 0.11989985
v -0.13308613 0.02279248 0.11079699
v -0.12922056 0.01686051 0.12173614
v -0.13173695 0.01028715 0.11895955
v -0.13204066 0.01073420 0.10980629
v -0.12958822 0.01834756 0.11420372
v -0.13855602 0.00895195 0.11588769
v -0.14051230 0.00977834 0.10516267
v -0.15524645 0.02058025 0.08651196
v -0.15718531 0.01531423 0.08470880
v -0.15592439 0.01206348 0.09390128
v -0.15365140 0.01701436 0.09484317
v -0.14788751 0.01819760 0.09801417
v -0.14837345 0.02099023 0.09179044
v -0.14386785 0.01407067 0.09917585
v -0.14462704 0.00709579 0.09686480
v -0.14540240 0.00842988 0.09095568
v -0.14547910 0.01584340 0.09410304
v -0.15160036 0.00689951 0.09432463
v -0.15222277 0.00940099 0.08639435
v -0.07037592 0.03828758 0.11694787
v -0.08765944 0.03221376 0.11857302
v -0.07360524 0.02113797 0.15324535
v -0.06289210 0.02525293 0.11196634
v -0.08062854 0.02036684 0.15331607
v -0.08898894 0.01600374 0.11489202
v -0.07157112 0.01679677 0.11039126
v -0.09021609 0.02262062 0.12521419
v -0.10988517 0.02420910 0.15392353
v -0.10916388 0.01909954 0.12082237
v -0.10947752 0.01325026 0.11131386
v -0.10466880 0.02451373 0.15484735
v -0.10700017 0.02925566 0.11400156
v -0.12562225 0.02543563 0.10220440
v -0.11863240 0.01375971 0.14146843
v -0.12213405 0.01302998 0.14007540
v -0.12835540 0.01086130 0.10226473
v -0.13002524 0.01936378 0.11190360
v -0.13867884 0.01676029 0.12331706
v -0.14578104 0.01704377 0.09456902
v -0.14307548 0.00951652 0.08890167
v -0.13498480 0.01817577 0.12518439
v -0.14354661 0.02488240 0.08853941
v -0.15110405 0.01477036 0.09990723
v -0.15910496 0.02022285 0.07463272
v -0.15328946 0.01112033 0.07707408
v -0.14797161 0.01572804 0.10192159
v -0.15594162 0.02588219 0.07695495
v -0.08430602 0.15849722 -0.02459634
v -0.08213463 0.13193194 -0.01699310
v -0.09442059 0.15636184 -0.01869197
v -0.10575112 0.13029058 -0.01584266
v -0.09310116 0.12943338 -0.01198546
v -0.08056695 0.10810147 -0.00659081
v -0.10514490 0.10580013 -0.00844042
v -0.09157315 0.10766655 -0.00126241
v -0.12688782 0.09228142 -0.06527406
v -0.12876690 0.09010700 -0.04544013
v -0.11069506 0.09279019 -0.07181753
v -0.09531712 0.09528298 -0.09678940
v -0.09944196 0.09309777 -0.08188966
v -0.07807081 0.09067058 0.00679963
v -0.06980311 0.08691331 -0.01406311
v -0.09177837 0.09235180 0.01365637
v -0.11002110 0.09042256 0.00550348
v -0.06412126 0.04429748 0.09923465
v -0.06555627 0.04460505 0.07614851
v -0.08001680 0.05569068 0.07960474
v -0.08406990 0.04373338 0.09920797
v -0.09952659 0.05263409 0.07350417
v -0.10260784 0.03695724 0.09241083
v -0.11873266 0.05040876 0.06588129
v -0.12143255 0.03461722 0.08303342
v -0.13553300 0.04659779 0.05651928
v -0.13879106 0.03265939 0.07217910
v -0.15102794 0.04283231 0.04844087
v -0.15484655 0.03419657 0.06460478
v -0.16149679 0.03327414 0.04387251
v -0.16204095 0.02660582 0.06205262
v -0.05870430 0.02608483 0.09346617
v -0.05983688 0.02913297 0.07028868
v -0.07017462 0.01485106 0.09069385
v -0.06954240 0.01476587 0.06835090
v -0.08898160 0.01363912 0.08923405
v -0.08768015 0.01394366 0.06696161
v -0.15344167 0.01858507 0.04590945
v -0.15373664 0.01341786 0.06378780
v -0.10816082 0.01191175 0.08362863
v -0.10622931 0.01395985 0.06217309
v -0.12544392 0.00998908 0.07623195
v -0.12319658 0.01311633 0.05605120
v -0.14033530 0.00979105 0.06899803
v -0.13877734 0.01404427 0.05035945
v -0.07540754 0.06566519 0.05598263
v -0.09551908 0.07023679 0.05433670
v -0.11510137 0.06612833 0.04577362
v -0.13136080 0.05905230 0.03523687
v -0.14521014 0.04896664 0.02525319
v -0.15864895 0.03978691 0.02005581
v -0.13063415 0.07150844 0.00603293
v -0.13883124 0.05108482 -0.00238249
v -0.14982784 0.04107516 -0.00533515
v -0.13443365 0.05303433 -0.03042925
v -0.14260901 0.04186064 -0.03121657
v -0.12603249 0.05444996 -0.07446063
v -0.13538213 0.04210425 -0.07746135
v -0.13787885 0.04320357 -0.05658515
v -0.12975082 0.05451838 -0.05531205
v -0.12922433 0.07122391 -0.02578995
v -0.12491949 0.07241970 -0.05087915
v -0.11892803 0.07335902 -0.06737266
v -0.11978899 0.04154241 -0.10340397
v -0.13055476 0.04160125 -0.09242313
v -0.12253515 0.05523366 -0.08882928
v -0.11568411 0.05765297 -0.10167556
v -0.10024745 0.05752580 -0.10957700
v -0.10332319 0.03995653 -0.10807742
v -0.08454556 0.05477227 -0.09909183
v -0.08582783 0.03745525 -0.10065437
v -0.10757442 0.07537909 -0.09174948
v -0.11204181 0.07293569 -0.07913207
v -0.09897726 0.07733277 -0.10185707
v -0.08374605 0.07506636 -0.09324423
v -0.08243708 0.07295138 -0.07569941
v -0.07839465 0.05226261 -0.07965810
v -0.07662415 0.03570562 -0.08275261
v -0.06448507 0.04857195 0.05013742
v -0.06338182 0.03489699 0.04483444
v -0.11384838 0.08078016 0.02543521
v -0.09212474 0.08386529 0.03397874
v -0.07346997 0.07407479 0.02491220
v -0.06323828 0.05130230 0.02125476
v -0.06826273 0.03665615 0.01669112
v -0.07189265 0.03695133 -0.00961110
v -0.06428983 0.04989129 -0.00694564
v -0.07279154 0.02362877 0.04225795
v -0.07887418 0.02996733 0.01463759
v -0.08148510 0.03057150 -0.01178648
v -0.07240229 0.03624348 -0.03289233
v -0.06759115 0.05022080 -0.03079391
v -0.07398627 0.03642640 -0.05122263
v -0.07304336 0.05150707 -0.04935460
v -0.07580657 0.05204164 -0.06377933
v -0.07402930 0.03646472 -0.06610536
v -0.07335929 0.07043331 -0.04970651
v -0.07759808 0.07213735 -0.06216998
v -0.06766318 0.06866136 -0.03102899
v -0.06535708 0.06933603 -0.00655615
v -0.15256835 0.02503374 0.02198641
v -0.14749164 0.02952415 -0.00406528
v -0.14129406 0.03228879 -0.02992572
v -0.13647678 0.03189747 -0.05516038
v -0.13132427 0.03062979 -0.07508056
v -0.12589260 0.03028436 -0.08767470
v -0.10339614 0.03033721 -0.10018996
v -0.11711697 0.03038625 -0.09711526
v -0.09093247 0.02808846 -0.09524585
v -0.08432636 0.02571287 -0.08141324
v -0.08109340 0.02404521 -0.06727211
v -0.08103511 0.02763096 -0.03511842
v -0.08029826 0.02493353 -0.05296283
v -0.06517832 0.08667005 -0.03463485
v -0.07015092 0.08875945 -0.05225410
v -0.07685214 0.09047859 -0.06336390
v -0.08309572 0.09421624 -0.09034736
v -0.08196511 0.09234243 -0.07463552
v -0.08818488 0.01931879 0.04051371
v -0.10601550 0.01966716 0.03685067
v -0.12280372 0.01928502 0.03162379
v -0.13825961 0.02036102 0.02648077
v -0.13661224 0.02475710 -0.00028447
v -0.12285496 0.02347374 0.00370761
v -0.10691845 0.02326348 0.00797193
v -0.09126792 0.02584664 0.01212564
v -0.13223544 0.02654734 -0.02659533
v -0.12041072 0.02461988 -0.02271299
v -0.10644109 0.02376719 -0.01976494
v -0.09269418 0.02565696 -0.01494550
v -0.09107691 0.02219253 -0.03848127
v -0.10312840 0.02161139 -0.04377709
v -0.11566416 0.02341649 -0.04653160
v -0.12668998 0.02644389 -0.05109649
v -0.12181863 0.02601894 -0.06970062
v -0.11166040 0.02353724 -0.06463395
v -0.10052503 0.02182085 -0.06133530
v -0.09048079 0.02122910 -0.05650946
v -0.11765098 0.02607693 -0.08071472
v -0.10428908 0.02573234 -0.09275219
v -0.11230231 0.02614541 -0.08855300
v -0.09627366 0.02400209 -0.09023616
v -0.09273821 0.02242362 -0.08027457
v -0.09107411 0.02135448 -0.06907299
v -0.09976734 0.02226913 -0.07188493
v -0.09967369 0.02310710 -0.08015447
v -0.10956923 0.02422526 -0.07534111
v -0.10698473 0.02471427 -0.08264230
v -0.10011282 0.02408119 -0.08614162
v -0.10390878 0.02486937 -0.08734481
v -0.11928271 0.08680395 -0.01616498
v -0.09655650 0.43226739 0.01442624
v -0.08368473 0.43643185 0.00768003
v -0.11195944 0.43249322 0.01678445
v -0.12127797 0.85022408 0.07088875
v -0.05889983 1.08368135 0.06865785
v -0.06662362 1.12673680 0.07331951
v -0.06174952 1.10463921 0.06932888
v -0.12644817 0.81910637 0.07559492
v -0.11759206 1.15211498 0.05354643
v -0.11231527 1.31260704 0.08434532
v -0.07900326 1.60245702 0.02932261
v -0.07704072 1.59913821 0.02814501
v -0.07599136 1.59594562 0.02625417
v -0.07526780 1.59356203 0.02331845
v -0.07439886 1.59170491 0.02000140
v -0.07251432 1.59140360 0.01662207
v -0.07770525 1.59721104 0.02349405
v -0.07491104 1.60003738 0.02026670
v -0.07550255 1.60156215 0.02221610
v -0.07800132 1.59950387 0.02519704
f 2 3 1
f 1 3 4
f 3 2 5
f 5 2 6
f 3 7 4
f 4 7 8
f 10 11 9
f 9 11 12
f 14 15 13
f 13 15 16
f 18 19 17
f 17 19 20
f 22 23 21
f 21 23 24
f 26 18 25
f 25 18 17
f 27 28 17
f 17 28 25
f 30 31 29
f 29 31 32
f 34 35 33
f 33 35 36
f 21 24 37
f 37 24 38
f 40 31 39
f 39 31 38
f 34 33 28
f 28 33 25
f 41 42 44
f 44 42 43
f 36 45 33
f 33 45 25
f 46 47 49
f 49 47 48
f 51 52 50
f 50 52 53
f 55 53 54
f 54 53 52
f 57 58 56
f 56 58 59
f 61 62 60
f 60 62 63
f 65 66 64
f 64 66 67
f 69 70 68
f 68 70 71
f 65 73 72
f 72 73 74
f 64 75 65
f 65 75 73
f 77 78 76
f 76 78 79
f 80 81 83
f 83 81 82
f 81 85 84
f 84 85 86
f 88 89 87
f 87 89 69
f 88 87 90
f 90 87 91
f 93 94 92
f 92 94 95
f 96 84 43
f 43 84 44
f 51 98 97
f 97 98 86
f 97 99 51
f 51 99 52
f 54 52 100
f 100 52 99
f 58 101 59
f 59 101 102
f 62 103 63
f 63 103 104
f 105 106 6
f 6 106 5
f 108 109 107
f 107 109 110
f 112 113 111
f 111 113 114
f 116 117 115
f 115 117 118
f 120 121 119
f 119 121 122
f 124 125 123
f 123 125 126
f 128 129 127
f 127 129 130
f 130 131 127
f 127 131 132
f 134 1 133
f 133 1 135
f 1 4 135
f 135 4 136
f 4 8 136
f 136 8 137
f 138 139 15
f 15 139 140
f 140 139 141
f 141 139 142
f 144 57 143
f 143 57 56
f 145 146 141
f 141 146 147
f 146 149 148
f 148 149 150
f 152 153 151
f 151 153 154
f 141 147 140
f 140 147 155
f 157 11 156
f 156 11 158
f 160 161 159
f 159 161 162
f 164 165 163
f 163 165 166
f 165 160 166
f 166 160 159
f 168 169 167
f 167 169 170
f 169 171 170
f 170 171 172
f 149 173 150
f 150 173 174
f 175 176 149
f 149 176 173
f 178 172 177
f 177 172 171
f 180 181 179
f 179 181 182
f 184 180 183
f 183 180 179
f 186 187 185
f 185 187 188
f 190 191 189
f 189 191 192
f 7 193 8
f 8 193 194
f 196 162 195
f 195 162 161
f 197 168 198
f 198 168 167
f 181 199 182
f 182 199 200
f 202 203 201
f 201 203 204
f 187 186 205
f 205 186 206
f 208 209 207
f 207 209 210
f 212 213 211
f 211 213 214
f 215 216 218
f 218 216 217
f 220 209 219
f 219 209 208
f 204 186 221
f 221 186 185
f 201 204 222
f 222 204 221
f 223 211 220
f 220 211 209
f 224 225 214
f 214 225 210
f 203 206 204
f 204 206 186
f 227 187 226
f 226 187 205
f 27 228 21
f 21 228 22
f 230 231 229
f 229 231 232
f 234 235 233
f 233 235 236
f 238 239 237
f 237 239 240
f 119 122 118
f 118 122 115
f 112 242 241
f 241 242 243
f 98 51 244
f 244 51 50
f 245 138 14
f 14 138 15
f 11 10 158
f 158 10 246
f 89 85 69
f 69 85 70
f 11 157 12
f 12 157 247
f 249 164 248
f 248 164 163
f 177 250 178
f 178 250 251
f 253 254 252
f 252 254 255
f 187 227 188
f 188 227 256
f 212 257 213
f 213 257 258
f 260 134 259
f 259 134 133
f 165 164 135
f 135 164 133
f 160 165 136
f 136 165 135
f 136 137 160
f 160 137 161
f 137 261 161
f 161 261 195
f 263 264 262
f 262 264 265
f 13 16 266
f 266 16 267
f 268 267 155
f 155 267 16
f 147 269 155
f 155 269 268
f 162 196 167
f 167 196 198
f 167 170 162
f 162 170 159
f 170 172 159
f 159 172 166
f 172 178 166
f 166 178 163
f 178 251 163
f 163 251 248
f 168 270 169
f 169 270 271
f 272 273 171
f 171 273 177
f 271 272 169
f 169 272 171
f 168 197 270
f 270 197 274
f 250 177 275
f 275 177 273
f 277 45 276
f 276 45 278
f 280 281 279
f 279 281 282
f 284 104 283
f 283 104 103
f 285 215 286
f 286 215 218
f 288 289 287
f 287 289 290
f 291 80 66
f 66 80 83
f 293 294 292
f 292 294 295
f 73 91 74
f 74 91 87
f 91 73 92
f 92 73 75
f 279 77 280
f 280 77 76
f 80 291 70
f 70 291 71
f 277 47 96
f 96 47 82
f 297 175 296
f 296 175 149
f 299 154 298
f 298 154 153
f 225 300 210
f 210 300 207
f 224 301 206
f 206 301 205
f 210 209 214
f 214 209 211
f 226 205 302
f 302 205 301
f 304 305 303
f 303 305 306
f 308 309 307
f 307 309 310
f 72 291 65
f 65 291 66
f 66 83 67
f 67 83 46
f 312 313 311
f 311 313 314
f 316 317 315
f 315 317 36
f 29 318 35
f 35 318 319
f 321 32 320
f 320 32 322
f 311 314 323
f 323 314 324
f 315 325 316
f 316 325 326
f 318 287 319
f 319 287 290
f 328 321 327
f 327 321 320
f 329 330 39
f 39 330 331
f 332 333 40
f 40 333 322
f 309 334 285
f 285 334 335
f 236 2 134
f 134 2 1
f 260 336 233
f 233 336 337
f 237 14 265
f 265 14 13
f 84 86 44
f 44 86 98
f 189 192 7
f 7 192 193
f 44 98 41
f 41 98 244
f 237 240 14
f 14 240 245
f 7 3 189
f 189 3 5
f 338 71 72
f 72 71 291
f 262 265 266
f 266 265 13
f 124 123 339
f 339 123 105
f 123 109 105
f 105 109 106
f 189 5 190
f 190 5 106
f 111 114 12
f 12 114 9
f 264 340 265
f 265 340 237
f 342 343 341
f 341 343 344
f 6 235 105
f 105 235 339
f 234 346 345
f 345 346 347
f 349 350 348
f 348 350 351
f 107 352 108
f 108 352 353
f 355 356 354
f 354 356 357
f 237 340 238
f 238 340 358
f 12 247 111
f 111 247 359
f 264 263 116
f 116 263 360
f 361 362 222
f 222 362 201
f 364 365 363
f 363 365 366
f 368 369 367
f 367 369 370
f 372 373 371
f 371 373 374
f 375 376 372
f 372 376 377
f 378 379 381
f 381 379 380
f 382 383 269
f 269 383 268
f 150 174 365
f 365 174 384
f 380 377 381
f 381 377 376
f 271 270 180
f 180 270 181
f 273 272 252
f 252 272 184
f 272 271 184
f 184 271 180
f 181 270 274
f 252 255 273
f 273 255 275
f 254 385 255
f 255 385 386
f 387 388 179
f 179 388 183
f 389 387 182
f 182 387 179
f 182 200 389
f 389 200 390
f 388 391 183
f 183 391 253
f 391 392 253
f 253 392 254
f 394 379 393
f 393 379 378
f 185 188 395
f 395 188 396
f 221 185 397
f 397 185 395
f 222 221 398
f 398 221 397
f 188 256 396
f 396 256 399
f 400 401 256
f 256 401 399
f 402 403 405
f 405 403 404
f 148 150 364
f 364 150 365
f 393 406 394
f 394 406 407
f 158 246 393
f 393 246 406
f 342 19 238
f 238 19 239
f 23 22 350
f 350 22 354
f 244 50 245
f 245 50 138
f 55 142 53
f 53 142 139
f 145 144 296
f 296 144 143
f 355 228 341
f 341 228 20
f 41 240 42
f 42 240 239
f 283 308 284
f 284 308 307
f 349 409 408
f 408 409 410
f 244 245 41
f 41 245 240
f 268 383 406
f 406 383 407
f 346 411 349
f 349 411 409
f 251 412 248
f 248 412 413
f 275 414 250
f 250 414 415
f 25 45 26
f 26 45 277
f 43 26 96
f 96 26 277
f 416 417 61
f 61 417 62
f 329 24 408
f 408 24 23
f 31 40 32
f 32 40 322
f 39 38 329
f 329 38 24
f 37 38 30
f 30 38 31
f 418 419 421
f 421 419 420
f 78 295 79
f 79 295 294
f 124 339 422
f 422 339 345
f 232 131 357
f 357 131 351
f 2 236 6
f 6 236 235
f 252 184 253
f 253 184 183
f 227 423 256
f 256 423 400
f 423 227 305
f 305 227 226
f 424 258 425
f 425 258 257
f 426 427 212
f 212 427 257
f 259 133 249
f 249 133 164
f 419 418 428
f 428 418 429
f 327 430 328
f 328 430 288
f 49 431 46
f 46 431 67
f 306 302 424
f 424 302 258
f 313 432 314
f 314 432 433
f 32 321 29
f 29 321 318
f 324 314 433
f 287 318 328
f 328 318 321
f 134 260 236
f 236 260 233
f 345 339 234
f 234 339 235
f 357 351 354
f 354 351 350
f 408 23 349
f 349 23 350
f 317 278 36
f 36 278 45
f 432 313 429
f 429 313 428
f 435 428 434
f 434 428 313
f 42 239 18
f 18 239 19
f 43 42 26
f 26 42 18
f 121 120 436
f 436 120 437
f 302 301 258
f 258 301 213
f 110 109 126
f 126 109 123
f 238 358 342
f 342 358 343
f 341 20 342
f 342 20 19
f 322 438 320
f 320 438 439
f 320 439 327
f 327 439 430
f 333 440 322
f 322 440 438
f 289 288 323
f 323 288 430
f 115 340 116
f 116 340 264
f 146 145 149
f 149 145 296
f 15 140 16
f 16 140 155
f 441 442 152
f 152 442 153
f 225 224 203
f 203 224 206
f 175 297 154
f 154 297 151
f 293 443 294
f 294 443 444
f 248 413 249
f 249 413 445
f 446 447 400
f 400 447 401
f 388 387 396
f 396 387 395
f 387 389 395
f 395 389 397
f 391 388 399
f 399 388 396
f 401 392 399
f 399 392 391
f 255 386 275
f 275 386 414
f 449 450 448
f 448 450 451
f 335 452 285
f 285 452 215
f 453 298 442
f 442 298 153
f 211 223 212
f 212 223 426
f 425 257 454
f 454 257 427
f 266 10 262
f 262 10 9
f 360 113 456
f 456 113 455
f 8 194 137
f 137 194 261
f 10 266 246
f 246 266 267
f 203 202 225
f 225 202 300
f 262 9 263
f 263 9 114
f 108 353 190
f 190 353 191
f 389 390 397
f 397 390 398
f 457 422 128
f 128 422 129
f 156 158 378
f 378 158 393
f 347 346 348
f 348 346 349
f 447 458 401
f 401 458 392
f 364 382 148
f 148 382 269
f 55 54 57
f 57 54 58
f 75 64 459
f 459 64 460
f 100 90 101
f 101 90 95
f 101 58 100
f 100 58 54
f 142 55 144
f 144 55 57
f 147 146 269
f 269 146 148
f 459 93 75
f 75 93 92
f 144 145 142
f 142 145 141
f 228 27 20
f 20 27 17
f 154 299 175
f 175 299 176
f 214 213 224
f 224 213 301
f 424 461 306
f 306 461 303
f 285 286 309
f 309 286 310
f 462 334 308
f 308 334 309
f 302 306 226
f 226 306 305
f 37 28 21
f 21 28 27
f 29 35 30
f 30 35 34
f 30 34 37
f 37 34 28
f 344 436 356
f 356 436 229
f 325 290 326
f 326 290 289
f 311 439 312
f 312 439 438
f 35 319 36
f 36 319 315
f 439 311 430
f 430 311 323
f 315 319 325
f 325 319 290
f 440 463 438
f 438 463 312
f 341 344 355
f 355 344 356
f 360 456 116
f 116 456 117
f 354 22 355
f 355 22 228
f 326 289 324
f 324 289 323
f 74 87 68
f 68 87 69
f 50 53 138
f 138 53 139
f 268 406 267
f 267 406 246
f 190 106 108
f 108 106 109
f 241 455 112
f 112 455 113
f 358 122 343
f 343 122 121
f 129 347 130
f 130 347 348
f 348 351 130
f 130 351 131
f 229 232 356
f 356 232 357
f 340 115 358
f 358 115 122
f 111 359 112
f 112 359 242
f 125 124 457
f 457 124 422
f 231 132 232
f 232 132 131
f 343 121 344
f 344 121 436
f 263 114 360
f 360 114 113
f 347 129 345
f 345 129 422
f 230 229 437
f 437 229 436
f 464 446 423
f 423 446 400
f 465 466 468
f 468 466 467
f 470 471 469
f 469 471 472
f 469 472 373
f 373 472 374
f 474 469 473
f 473 469 373
f 471 475 472
f 472 475 476
f 472 477 374
f 374 477 478
f 477 472 476
f 479 480 476
f 476 480 477
f 473 373 377
f 377 373 372
f 481 482 479
f 479 482 480
f 483 484 481
f 481 484 482
f 403 402 485
f 485 402 486
f 487 488 483
f 483 488 484
f 487 489 488
f 488 489 490
f 489 491 490
f 490 491 492
f 491 493 492
f 492 493 494
f 493 495 494
f 494 495 496
f 497 498 481
f 481 498 483
f 484 499 482
f 482 499 367
f 370 480 367
f 367 480 482
f 480 370 477
f 477 370 478
f 500 497 479
f 479 497 481
f 451 473 380
f 380 473 377
f 448 451 379
f 379 451 380
f 501 502 504
f 504 502 503
f 449 505 507
f 507 505 506
f 486 508 505
f 505 508 506
f 508 509 506
f 506 509 510
f 511 507 510
f 510 507 506
f 509 508 512
f 512 508 513
f 515 509 514
f 514 509 512
f 509 515 510
f 510 515 516
f 510 516 511
f 511 516 517
f 486 505 485
f 485 505 518
f 505 449 518
f 518 449 448
f 383 382 403
f 403 382 404
f 363 404 364
f 364 404 382
f 403 485 383
f 383 485 407
f 519 520 361
f 361 520 362
f 522 496 521
f 521 496 495
f 450 474 451
f 451 474 473
f 363 366 523
f 523 366 524
f 525 499 488
f 488 499 484
f 488 490 525
f 525 490 526
f 496 522 520
f 520 522 527
f 494 496 519
f 519 496 520
f 492 494 528
f 528 494 519
f 529 530 495
f 495 530 521
f 490 492 526
f 526 492 528
f 529 495 531
f 531 495 493
f 533 534 532
f 532 534 535
f 523 524 533
f 533 524 534
f 486 402 532
f 532 402 533
f 529 536 530
f 530 536 537
f 536 538 537
f 537 538 539
f 540 541 539
f 539 541 537
f 530 537 535
f 535 537 541
f 542 539 543
f 543 539 538
f 539 542 540
f 540 542 544
f 541 540 513
f 513 540 512
f 540 544 512
f 512 544 514
f 546 547 545
f 545 547 548
f 549 550 531
f 531 550 551
f 550 549 552
f 552 549 553
f 546 550 554
f 554 550 552
f 547 546 555
f 555 546 554
f 498 556 558
f 558 556 557
f 559 557 560
f 560 557 556
f 561 562 560
f 560 562 559
f 557 559 552
f 552 559 554
f 559 562 554
f 554 562 555
f 558 557 553
f 553 557 552
f 475 471 563
f 563 471 564
f 565 563 567
f 567 563 566
f 471 470 564
f 564 470 466
f 564 466 568
f 568 466 465
f 568 465 569
f 569 465 570
f 572 573 571
f 571 573 574
f 569 575 567
f 567 575 576
f 577 565 576
f 576 565 567
f 578 579 581
f 581 579 580
f 575 561 576
f 576 561 560
f 556 577 560
f 560 577 576
f 577 556 497
f 497 556 498
f 565 577 500
f 500 577 497
f 563 565 475
f 475 565 500
f 553 489 558
f 558 489 487
f 531 493 549
f 549 493 491
f 489 553 491
f 491 553 549
f 394 407 518
f 518 407 485
f 518 448 394
f 394 448 379
f 545 548 538
f 538 548 543
f 551 545 536
f 536 545 538
f 536 529 551
f 551 529 531
f 507 582 449
f 449 582 450
f 511 583 507
f 507 583 582
f 511 517 583
f 583 517 584
f 585 586 588
f 588 586 587
f 590 591 589
f 589 591 592
f 591 590 593
f 593 590 594
f 596 597 595
f 595 597 598
f 599 600 602
f 602 600 601
f 604 605 603
f 603 605 606
f 608 609 607
f 607 609 610
f 612 613 611
f 611 613 614
f 615 616 618
f 618 616 617
f 620 621 619
f 619 621 622
f 624 625 623
f 623 625 626
f 628 629 627
f 627 629 630
f 632 633 631
f 631 633 634
f 635 636 638
f 638 636 637
f 639 640 642
f 642 640 641
f 644 645 643
f 643 645 646
f 619 622 647
f 647 622 648
f 650 651 649
f 649 651 652
f 601 653 602
f 602 653 654
f 656 657 655
f 655 657 658
f 660 661 659
f 659 661 662
f 664 665 663
f 663 665 666
f 593 594 667
f 667 594 668
f 669 670 672
f 672 670 671
f 673 674 676
f 676 674 675
f 633 632 677
f 677 632 678
f 663 666 679
f 679 666 680
f 681 682 684
f 684 682 683
f 686 687 685
f 685 687 688
f 690 661 689
f 689 661 691
f 693 686 692
f 692 686 685
f 695 597 694
f 694 597 668
f 594 696 668
f 668 696 694
f 697 698 696
f 696 698 699
f 700 701 697
f 697 701 698
f 702 585 703
f 703 585 588
f 671 690 672
f 672 690 689
f 640 639 704
f 704 639 705
f 679 706 663
f 663 706 658
f 708 709 707
f 707 709 710
f 711 712 610
f 610 712 607
f 713 714 716
f 716 714 715
f 717 718 720
f 720 718 719
f 722 634 721
f 721 634 633
f 724 725 723
f 723 725 726
f 728 729 727
f 727 729 730
f 732 733 731
f 731 733 734
f 707 710 735
f 735 710 736
f 643 737 644
f 644 737 738
f 740 741 739
f 739 741 742
f 608 744 743
f 743 744 745
f 747 748 746
f 746 748 749
f 751 752 750
f 750 752 753
f 754 755 757
f 757 755 756
f 758 759 761
f 761 759 760
f 763 764 762
f 762 764 765
f 767 768 766
f 766 768 769
f 771 772 770
f 770 772 773
f 775 776 774
f 774 776 777
f 779 780 778
f 778 780 781
f 783 712 782
f 782 712 784
f 785 786 788
f 788 786 787
f 790 628 789
f 789 628 627
f 792 793 791
f 791 793 794
f 795 796 726
f 726 796 723
f 798 799 797
f 797 799 800
f 721 633 801
f 801 633 677
f 797 800 802
f 802 800 803
f 805 806 804
f 804 806 807
f 809 810 808
f 808 810 811
f 813 814 812
f 812 814 815
f 809 808 817
f 817 808 816
f 818 819 804
f 804 819 805
f 820 821 818
f 818 821 819
f 821 820 587
f 587 820 822
f 809 823 810
f 810 823 824
f 814 807 815
f 815 807 806
f 826 426 825
f 825 426 223
f 426 826 427
f 427 826 827
f 828 829 454
f 454 829 830
f 831 832 677
f 677 832 801
f 834 835 833
f 833 835 836
f 838 839 837
f 837 839 840
f 841 842 844
f 844 842 843
f 845 846 803
f 803 846 802
f 847 831 678
f 678 831 677
f 848 849 851
f 851 849 850
f 853 854 852
f 852 854 855
f 857 858 856
f 856 858 680
f 860 861 859
f 859 861 862
f 864 865 863
f 863 865 866
f 868 869 867
f 867 869 870
f 839 871 840
f 840 871 872
f 849 848 874
f 874 848 873
f 876 877 875
f 875 877 878
f 880 881 879
f 879 881 882
f 883 884 886
f 886 884 885
f 846 887 802
f 802 887 888
f 890 891 889
f 889 891 888
f 893 894 892
f 892 894 895
f 896 897 728
f 728 897 729
f 899 900 898
f 898 900 901
f 902 852 904
f 904 852 903
f 849 905 850
f 850 905 906
f 875 878 907
f 907 878 908
f 910 911 909
f 909 911 912
f 914 915 913
f 913 915 916
f 917 918 862
f 862 918 859
f 919 920 856
f 856 920 921
f 923 924 922
f 922 924 925
f 926 927 925
f 925 927 922
f 929 930 928
f 928 930 693
f 932 695 931
f 931 695 694
f 823 867 824
f 824 867 933
f 935 936 934
f 934 936 937
f 938 868 823
f 823 868 867
f 940 847 939
f 939 847 678
f 632 655 678
f 678 655 939
f 941 942 619
f 619 942 620
f 687 943 688
f 688 943 944
f 851 850 945
f 945 850 903
f 850 906 903
f 903 906 904
f 946 947 949
f 949 947 948
f 951 952 950
f 950 952 953
f 955 956 954
f 954 956 957
f 907 958 875
f 875 958 874
f 960 961 959
f 959 961 962
f 963 853 902
f 902 853 852
f 909 964 910
f 910 964 965
f 967 968 966
f 966 968 969
f 971 972 970
f 970 972 973
f 974 960 975
f 975 960 959
f 977 978 976
f 976 978 979
f 981 977 980
f 980 977 976
f 980 982 981
f 981 982 983
f 985 983 984
f 984 983 982
f 984 986 985
f 985 986 987
f 989 990 988
f 988 990 991
f 993 994 992
f 992 994 995
f 997 998 996
f 996 998 999
f 1001 1002 1000
f 1000 1002 1003
f 1005 1006 1004
f 1004 1006 1007
f 1004 1008 1005
f 1005 1008 1009
f 1008 1010 1009
f 1009 1010 1011
f 1013 1011 1012
f 1012 1011 1010
f 1014 1015 1017
f 1017 1015 1016
f 1019 1020 1018
f 1018 1020 1021
f 1022 1023 976
f 976 1023 980
f 1024 1025 982
f 982 1025 984
f 992 995 1026
f 1026 995 1027
f 956 955 1028
f 1028 955 1029
f 1030 1031 1033
f 1033 1031 1032
f 1010 1008 1034
f 1034 1008 1035
f 1008 1004 1035
f 1035 1004 1036
f 1037 1038 1002
f 1002 1038 1007
f 1002 1001 1037
f 1037 1001 1039
f 1040 1041 997
f 997 1041 998
f 1015 1014 1043
f 1043 1014 1042
f 1044 1045 1047
f 1047 1045 1046
f 1044 1020 1048
f 1048 1020 1049
f 1050 1051 1003
f 1003 1051 1000
f 1052 1050 1006
f 1006 1050 1003
f 1053 1054 1011
f 1011 1054 1009
f 1013 1045 1055
f 1055 1045 1056
f 1058 1059 1057
f 1057 1059 1060
f 1062 1063 1061
f 1061 1063 1064
f 1065 1066 1050
f 1050 1066 1051
f 1067 1065 1052
f 1052 1065 1050
f 1068 1069 1054
f 1054 1069 1070
f 1071 1068 1053
f 1053 1068 1054
f 1073 1071 1072
f 1072 1071 1074
f 1074 1071 1055
f 1055 1071 1053
f 1076 1077 1075
f 1075 1077 1078
f 1079 1080 1057
f 1057 1080 1058
f 1081 1082 1064
f 1064 1082 1061
f 1084 1085 1083
f 1083 1085 1086
f 1088 1089 1087
f 1087 1089 1090
f 1092 1093 1091
f 1091 1093 1094
f 1096 1097 1095
f 1095 1097 1098
f 1099 1100 1102
f 1102 1100 1101
f 1103 1104 1099
f 1099 1104 1100
f 1106 1107 1105
f 1105 1107 1108
f 1110 1111 1109
f 1109 1111 1112
f 1114 1115 1113
f 1113 1115 1116
f 1118 1119 1117
f 1117 1119 1077
f 1117 1120 1122
f 1122 1120 1121
f 1105 1123 1106
f 1106 1123 1124
f 1125 1126 1128
f 1128 1126 1127
f 1130 1131 1129
f 1129 1131 1132
f 1134 1135 1133
f 1133 1135 1114
f 1113 1136 1114
f 1114 1136 1133
f 1118 1137 1113
f 1113 1137 1136
f 1118 1117 1137
f 1137 1117 1122
f 1139 1140 1138
f 1138 1140 1141
f 1143 953 1142
f 1142 953 952
f 1145 957 1144
f 1144 957 956
f 1028 1146 956
f 956 1146 1144
f 1014 1147 1042
f 1042 1147 1148
f 1014 1017 1147
f 1147 1017 1149
f 1059 1058 1150
f 1150 1058 1151
f 1153 1080 1152
f 1152 1080 1154
f 1156 1088 1155
f 1155 1088 1087
f 1157 1158 1106
f 1106 1158 1107
f 1106 1124 1157
f 1157 1124 1159
f 1161 1162 1160
f 1160 1162 1163
f 1165 1166 1164
f 1164 1166 1167
f 1168 1031 1012
f 1012 1031 1046
f 1024 1023 1035
f 1035 1023 1034
f 1036 1038 1025
f 1025 1038 1169
f 1170 1171 1039
f 1039 1171 1037
f 1028 1029 1042
f 1042 1029 1043
f 1172 1173 1175
f 1175 1173 1174
f 1055 1053 1013
f 1013 1053 1011
f 1005 1009 1070
f 1070 1009 1054
f 996 999 1062
f 1062 999 1063
f 1016 1060 1017
f 1017 1060 1059
f 1017 1059 1149
f 1149 1059 1150
f 1177 1178 1176
f 1176 1178 1103
f 1176 1072 1179
f 1179 1072 1074
f 1073 1102 1086
f 1086 1102 1083
f 1180 1181 1067
f 1067 1181 1065
f 1182 1183 1184
f 1184 1183 1181
f 1186 1187 1185
f 1185 1187 1188
f 1189 1190 798
f 798 1190 799
f 1192 1193 1191
f 1191 1193 1194
f 1195 1196 1194
f 1194 1196 1191
f 1196 1195 1198
f 1198 1195 1197
f 1200 674 1199
f 1199 674 673
f 928 1201 1203
f 1203 1201 1202
f 861 1204 862
f 862 1204 921
f 1205 1206 913
f 913 1206 1207
f 882 1208 879
f 879 1208 1209
f 1210 1211 1167
f 1167 1211 1164
f 1212 769 1213
f 1213 769 768
f 727 1214 728
f 728 1214 1215
f 1217 1218 1216
f 1216 1218 1219
f 1220 813 1221
f 1221 813 812
f 827 828 427
f 427 828 454
f 1223 1224 1222
f 1222 1224 1165
f 1226 1227 1225
f 1225 1227 1228
f 851 1229 848
f 848 1229 1230
f 834 854 835
f 835 854 1231
f 1233 1234 1232
f 1232 1234 1235
f 1237 751 1236
f 1236 751 750
f 743 819 1238
f 1238 819 821
f 1240 1241 1239
f 1239 1241 1242
f 1244 1245 1243
f 1243 1245 1246
f 844 1247 841
f 841 1247 1248
f 1250 1251 1249
f 1249 1251 1252
f 1254 893 1253
f 1253 893 1237
f 1255 1256 1258
f 1258 1256 1257
f 1260 1261 1259
f 1259 1261 1262
f 945 903 855
f 855 903 852
f 855 1263 945
f 945 1263 1264
f 832 845 801
f 801 845 803
f 800 721 803
f 803 721 801
f 721 800 722
f 722 800 799
f 1266 1267 1265
f 1265 1267 1268
f 1270 795 1269
f 1269 795 726
f 725 1271 726
f 726 1271 1269
f 737 765 738
f 738 765 764
f 759 740 760
f 760 740 739
f 717 1272 1274
f 1274 1272 1273
f 1163 1226 1275
f 1275 1226 1225
f 1277 882 1276
f 1276 882 881
f 1041 1040 1027
f 1027 1040 1026
f 900 935 901
f 901 935 934
f 1164 1278 1165
f 1165 1278 1222
f 1211 1279 1164
f 1164 1279 1278
f 442 1280 453
f 453 1280 1281
f 788 1282 785
f 785 1282 1283
f 1285 1286 1284
f 1284 1286 1287
f 1284 1288 1285
f 1285 1288 1289
f 757 1289 754
f 754 1289 1288
f 605 604 675
f 675 604 676
f 1290 1291 1293
f 1293 1291 1292
f 1295 1296 1294
f 1294 1296 1297
f 696 699 694
f 694 699 931
f 1298 1299 592
f 592 1299 589
f 1299 1300 589
f 589 1300 700
f 1300 1301 700
f 700 1301 701
f 743 745 819
f 819 745 805
f 1303 1304 1302
f 1302 1304 1305
f 1306 1307 1305
f 1305 1307 1302
f 609 1298 610
f 610 1298 592
f 587 822 588
f 588 822 1308
f 703 588 1309
f 1309 588 1308
f 1310 703 571
f 571 703 1309
f 1311 1312 789
f 789 1312 790
f 825 223 1313
f 1313 223 220
f 219 1314 220
f 220 1314 1313
f 1315 1316 1311
f 1311 1316 1312
f 1317 1318 1319
f 1319 1318 1241
f 441 1320 442
f 442 1320 1280
f 1321 217 572
f 572 217 216
f 1323 1230 1322
f 1322 1230 1229
f 1324 1325 631
f 631 1325 656
f 1034 1168 1010
f 1010 1168 1012
f 1327 1328 1326
f 1326 1328 1329
f 1331 1202 1330
f 1330 1202 1201
f 571 1309 572
f 572 1309 1321
f 573 572 1332
f 1332 572 216
f 1334 1335 1333
f 1333 1335 1336
f 1337 1338 918
f 918 1338 859
f 1339 863 1340
f 1340 863 866
f 1341 1342 1344
f 1344 1342 1343
f 1345 1346 919
f 919 1346 920
f 1347 1348 673
f 673 1348 1199
f 693 1349 928
f 928 1349 1201
f 1351 1257 1350
f 1350 1257 1256
f 1350 1352 1351
f 1351 1352 1353
f 653 930 654
f 654 930 662
f 1279 1354 1278
f 1278 1354 1355
f 1357 1358 1356
f 1356 1358 1359
f 937 1360 1140
f 1140 1360 1361
f 1225 1228 909
f 909 1228 964
f 901 934 1362
f 1362 934 1139
f 1364 1365 1363
f 1363 1365 1362
f 1367 912 1366
f 1366 912 911
f 1143 1142 1368
f 1368 1142 1369
f 1144 1186 1145
f 1145 1186 1185
f 1146 1175 1144
f 1144 1175 1186
f 1175 1146 1172
f 1172 1146 1148
f 1147 1018 1148
f 1148 1018 1172
f 1018 1147 1019
f 1019 1147 1149
f 1149 1150 1019
f 1019 1150 1370
f 1150 1151 1370
f 1370 1151 1371
f 1151 1153 1371
f 1371 1153 1177
f 1152 1156 1178
f 1178 1156 1372
f 1155 1158 1373
f 1373 1158 1374
f 1157 1159 1376
f 1376 1159 1375
f 1378 1379 1377
f 1377 1379 1380
f 1382 1383 1381
f 1381 1383 1384
f 1382 1386 1385
f 1385 1386 1387
f 1386 1233 1387
f 1387 1233 1232
f 1389 1390 1388
f 1388 1390 1391
f 1393 1394 1392
f 1392 1394 1395
f 1397 1398 1396
f 1396 1398 1399
f 629 1397 630
f 630 1397 1396
f 1342 1400 1343
f 1343 1400 1401
f 1403 1404 1402
f 1402 1404 1405
f 1407 1408 1406
f 1406 1408 1409
f 1411 1412 1410
f 1410 1412 1413
f 793 1414 794
f 794 1414 1415
f 1417 1341 1416
f 1416 1341 1344
f 704 705 1347
f 1347 705 1418
f 741 1419 742
f 742 1419 1420
f 1422 669 1421
f 1421 669 672
f 645 1423 646
f 646 1423 1424
f 1196 1198 614
f 614 1198 611
f 613 1425 614
f 614 1425 1426
f 1427 616 659
f 659 616 660
f 614 1426 1196
f 1196 1426 1191
f 696 594 697
f 697 594 590
f 697 590 700
f 700 590 589
f 703 1310 702
f 702 1310 1428
f 1421 672 1192
f 1192 672 689
f 1271 648 1269
f 1269 648 622
f 621 1270 622
f 622 1270 1269
f 1429 1430 1417
f 1417 1430 1341
f 1431 1432 1434
f 1434 1432 1433
f 1436 1437 1435
f 1435 1437 1438
f 1440 1441 1439
f 1439 1441 1442
f 1443 1444 1446
f 1446 1444 1445
f 823 809 938
f 938 809 817
f 810 1447 811
f 811 1447 1448
f 1449 1450 679
f 679 1450 706
f 913 916 1205
f 1205 916 1451
f 1275 1225 912
f 912 1225 909
f 1452 1453 880
f 880 1453 881
f 1444 1401 1445
f 1445 1401 1400
f 936 1454 937
f 937 1454 1360
f 824 1455 810
f 810 1455 1447
f 631 656 632
f 632 656 655
f 966 1456 967
f 967 1456 1457
f 1459 1460 1458
f 1458 1460 1461
f 1460 1462 1461
f 1461 1462 1463
f 972 974 973
f 973 974 975
f 990 995 991
f 991 995 994
f 1464 1187 1033
f 1033 1187 1174
f 1018 1021 1172
f 1172 1021 1173
f 1000 999 1001
f 1001 999 998
f 976 979 1022
f 1022 979 1032
f 1023 1024 980
f 980 1024 982
f 989 986 1171
f 1171 986 1169
f 1171 1170 989
f 989 1170 990
f 1170 1027 990
f 990 1027 995
f 1041 1039 998
f 998 1039 1001
f 1051 1063 1000
f 1000 1063 999
f 1066 1064 1051
f 1051 1064 1063
f 1183 1081 1066
f 1066 1081 1064
f 1178 1372 1103
f 1103 1372 1104
f 1092 1091 1465
f 1465 1091 1182
f 1467 1465 1466
f 1466 1465 1468
f 1469 1470 1184
f 1184 1470 1468
f 1095 1098 1471
f 1471 1098 1101
f 1076 1374 1120
f 1120 1374 1376
f 1110 1472 1127
f 1127 1472 1132
f 1472 1473 1132
f 1132 1473 1129
f 1474 1475 1466
f 1466 1475 1473
f 1119 1118 1116
f 1116 1118 1113
f 1375 1121 1376
f 1376 1121 1120
f 1127 1132 1128
f 1128 1132 1131
f 1227 1476 1228
f 1228 1476 1361
f 1365 1477 1362
f 1362 1477 872
f 1478 1479 1323
f 1323 1479 1230
f 1480 1481 914
f 914 1481 915
f 913 1277 914
f 914 1277 1276
f 1168 1034 1022
f 1022 1034 1023
f 1035 1036 1024
f 1024 1036 1025
f 1039 1041 1170
f 1170 1041 1027
f 1042 1148 1028
f 1028 1148 1146
f 968 1459 969
f 969 1459 1458
f 1482 1483 664
f 664 1483 665
f 1485 1486 1484
f 1484 1486 1487
f 1489 1490 1488
f 1488 1490 1491
f 1492 1493 722
f 722 1493 634
f 1495 1496 1494
f 1494 1496 1497
f 1498 1207 1339
f 1339 1207 863
f 1224 1499 1165
f 1165 1499 1166
f 1160 1163 1500
f 1500 1163 1275
f 1500 877 1160
f 1160 877 1501
f 876 873 1502
f 1502 873 1479
f 945 1264 851
f 851 1264 1229
f 835 1231 839
f 839 1231 871
f 1503 1283 778
f 778 1283 1282
f 716 715 1505
f 1505 715 1504
f 1446 1445 1507
f 1507 1445 1506
f 779 792 1381
f 1381 792 791
f 1430 1409 1341
f 1341 1409 1342
f 1411 1429 1508
f 1508 1429 1417
f 635 1510 1509
f 1509 1510 1511
f 1377 1380 1315
f 1315 1380 1316
f 1445 1400 1506
f 1506 1400 1408
f 918 917 1336
f 1336 917 1333
f 1513 1514 1512
f 1512 1514 870
f 1515 1516 1363
f 1363 1516 1364
f 1453 1517 881
f 881 1517 1276
f 992 1518 993
f 993 1518 1519
f 1520 1029 1518
f 1518 1029 955
f 1520 1026 1521
f 1521 1026 1040
f 1522 1015 1521
f 1521 1015 1043
f 996 1523 997
f 997 1523 1522
f 1060 1016 1524
f 1524 1016 1523
f 1061 1525 1062
f 1062 1525 1524
f 1079 1527 1526
f 1526 1527 1528
f 1093 1529 1094
f 1094 1529 1528
f 1111 1530 1112
f 1112 1530 1531
f 1532 1533 1105
f 1105 1533 1123
f 934 937 1139
f 1139 937 1140
f 1138 1363 1139
f 1139 1363 1362
f 1534 1222 1355
f 1355 1222 1278
f 1535 1223 1534
f 1534 1223 1222
f 821 587 1238
f 1238 587 586
f 1319 711 1317
f 1317 711 1536
f 1538 1200 1537
f 1537 1200 1199
f 1508 1417 1539
f 1539 1417 1416
f 1540 1541 840
f 840 1541 837
f 1231 898 871
f 871 898 901
f 1500 1275 1367
f 1367 1275 912
f 1543 1379 1542
f 1542 1379 1395
f 1539 772 1508
f 1508 772 1544
f 1546 1403 1545
f 1545 1403 1402
f 1548 1549 1547
f 1547 1549 1550
f 1552 1548 1551
f 1551 1548 1547
f 1554 1555 1553
f 1553 1555 1556
f 1558 1559 1557
f 1557 1559 1560
f 1562 1563 1561
f 1561 1563 1564
f 1566 1567 1565
f 1565 1567 1568
f 1570 1571 1569
f 1569 1571 1572
f 1574 1575 1573
f 1573 1575 1576
f 1577 1578 1572
f 1572 1578 1569
f 1580 1581 1579
f 1579 1581 1582
f 1584 1585 1583
f 1583 1585 1586
f 1588 1555 1587
f 1587 1555 1589
f 1591 1592 1590
f 1590 1592 1593
f 1595 1596 1594
f 1594 1596 1597
f 1596 1581 1597
f 1597 1581 1576
f 1599 1570 1598
f 1598 1570 1569
f 1601 1602 1600
f 1600 1602 1603
f 1605 1606 1604
f 1604 1606 1607
f 1608 1609 1568
f 1568 1609 1565
f 1611 1612 1610
f 1610 1612 1613
f 1615 1616 1614
f 1614 1616 1617
f 1619 1617 1618
f 1618 1617 1616
f 1621 1622 1620
f 1620 1622 1623
f 1625 1626 1624
f 1624 1626 1627
f 1629 1630 1628
f 1628 1630 1631
f 1633 1634 1632
f 1632 1634 1635
f 1636 1637 1639
f 1639 1637 1638
f 1641 1642 1640
f 1640 1642 1643
f 1624 1627 1644
f 1644 1627 1645
f 1647 1648 1646
f 1646 1648 1649
f 1651 1652 1650
f 1650 1652 1653
f 1655 1656 1654
f 1654 1656 1657
f 1659 1660 1658
f 1658 1660 1661
f 1662 1663 1631
f 1631 1663 1628
f 1651 1665 1664
f 1664 1665 1666
f 1667 1656 1619
f 1619 1656 1617
f 1669 1670 1668
f 1668 1670 1671
f 1632 1635 1672
f 1672 1635 1673
f 1674 1675 1638
f 1638 1675 1639
f 1677 1678 1676
f 1676 1678 1679
f 1680 1640 1681
f 1681 1640 1643
f 1682 1683 1643
f 1643 1683 1681
f 1670 1669 1235
f 1235 1669 1232
f 1396 1399 1674
f 1674 1399 1675
f 627 630 1679
f 1679 630 1676
f 1681 1315 1680
f 1680 1315 1311
f 1683 1377 1681
f 1681 1377 1315
f 1672 1673 1387
f 1387 1673 1385
f 1636 1684 1646
f 1646 1684 1685
f 1687 1688 1686
f 1686 1688 1689
f 1585 1690 1586
f 1586 1690 1691
f 1599 1692 1551
f 1551 1692 1693
f 1552 1558 1694
f 1694 1558 1557
f 1696 1615 1695
f 1695 1615 1614
f 1698 1699 1697
f 1697 1699 1623
f 1700 1701 1703
f 1703 1701 1702
f 1705 1706 1704
f 1704 1706 1707
f 1708 1709 1640
f 1640 1709 1641
f 1710 1711 1713
f 1713 1711 1712
f 1652 1655 1653
f 1653 1655 1654
f 1714 1699 1712
f 1712 1699 1713
f 1715 1710 1716
f 1716 1710 1713
f 1717 1708 1680
f 1680 1708 1640
f 1393 1392 1715
f 1715 1392 1710
f 1719 1720 1718
f 1718 1720 1721
f 1680 1311 1717
f 1717 1311 789
f 1378 1711 1392
f 1392 1711 1710
f 1388 1391 1719
f 1719 1391 1720
f 1723 1606 1722
f 1722 1606 1689
f 1725 1568 1724
f 1724 1568 1567
f 1726 1647 1685
f 1685 1647 1646
f 1728 1554 1727
f 1727 1554 1553
f 1591 1687 1600
f 1600 1687 1686
f 1730 1595 1729
f 1729 1595 1594
f 1601 1605 1731
f 1731 1605 1604
f 1733 1663 1732
f 1732 1663 1734
f 1736 1639 1735
f 1735 1639 1675
f 1658 1644 1737
f 1737 1644 1645
f 1726 1662 1724
f 1724 1662 1631
f 1399 1738 1675
f 1675 1738 1735
f 1621 1667 1739
f 1739 1667 1619
f 1714 1740 1620
f 1620 1740 1741
f 1592 1549 1593
f 1593 1549 1742
f 1602 1571 1603
f 1603 1571 1550
f 1688 1690 1689
f 1689 1690 1722
f 1588 1559 1582
f 1582 1559 1579
f 1673 1735 1385
f 1385 1735 1738
f 1387 1232 1672
f 1672 1232 1669
f 1580 1692 1573
f 1573 1692 1743
f 1377 1683 1378
f 1378 1683 1711
f 1664 1666 1744
f 1744 1666 1745
f 1744 1696 1664
f 1664 1696 1695
f 1746 1747 1732
f 1732 1747 1748
f 1749 1750 1677
f 1677 1750 1678
f 1709 1708 1750
f 1750 1708 1678
f 1668 1632 1669
f 1669 1632 1672
f 1633 1746 1734
f 1734 1746 1732
f 1679 1678 1717
f 1717 1678 1708
f 789 627 1717
f 1717 627 1679
f 1563 1723 1564
f 1564 1723 1722
f 1728 1584 1751
f 1751 1584 1583
f 1674 1676 1396
f 1396 1676 630
f 1666 1566 1745
f 1745 1566 1565
f 1627 1629 1645
f 1645 1629 1628
f 1637 1749 1638
f 1638 1749 1677
f 1648 1665 1649
f 1649 1665 1752
f 1740 1642 1741
f 1741 1642 1657
f 1676 1674 1677
f 1677 1674 1638
f 1683 1682 1711
f 1711 1682 1712
f 1618 1753 1619
f 1619 1753 1739
f 1701 1739 1702
f 1702 1739 1753
f 1754 1214 1756
f 1756 1214 1755
f 647 1757 619
f 619 1757 941
f 1759 1193 1758
f 1758 1193 691
f 1419 1760 1420
f 1420 1760 1761
f 682 1762 683
f 683 1762 1763
f 1412 780 1413
f 1413 780 1384
f 1383 1398 1384
f 1384 1398 1413
f 1197 1424 1764
f 1764 1424 1423
f 1537 1287 1538
f 1538 1287 1286
f 1634 1684 1635
f 1635 1684 1736
f 1724 1631 1725
f 1725 1631 1630
f 1562 1730 1610
f 1610 1730 1729
f 1735 1673 1736
f 1736 1673 1635
f 1757 1195 941
f 941 1195 1194
f 1766 200 1765
f 1765 200 199
f 475 500 476
f 476 500 479
f 498 558 483
f 483 558 487
f 545 551 546
f 546 551 550
f 453 1281 219
f 219 1281 1314
f 298 453 208
f 208 453 219
f 368 1765 1767
f 1767 1765 199
f 523 405 363
f 363 405 404
f 523 533 405
f 405 533 402
f 298 208 299
f 299 208 207
f 299 207 176
f 176 207 300
f 176 300 173
f 173 300 202
f 173 202 174
f 174 202 201
f 1337 918 1768
f 1768 918 1336
f 1769 1770 1338
f 1338 1770 859
f 581 570 578
f 578 570 1771
f 555 562 580
f 580 562 561
f 504 1772 501
f 501 1772 548
f 517 542 584
f 584 542 543
f 515 514 516
f 516 514 544
f 542 517 544
f 544 517 516
f 561 575 580
f 580 575 581
f 575 569 581
f 581 569 570
f 501 548 1773
f 1773 548 547
f 1774 1775 570
f 570 1775 1771
f 369 368 1776
f 1776 368 1767
f 372 369 375
f 375 369 1776
f 822 1280 1308
f 1308 1280 1320
f 820 1281 822
f 822 1281 1280
f 818 1314 820
f 820 1314 1281
f 1314 818 1313
f 1313 818 804
f 807 814 825
f 825 814 826
f 814 813 826
f 826 813 827
f 813 1220 827
f 827 1220 828
f 580 579 555
f 555 579 547
f 1477 1540 872
f 872 1540 840
f 367 499 368
f 368 499 1765
f 1766 1765 525
f 525 1765 499
f 1777 1766 526
f 526 1766 525
f 520 527 362
f 362 527 384
f 361 1778 519
f 519 1778 528
f 371 1779 372
f 372 1779 369
f 369 1779 370
f 370 1779 478
f 1779 371 478
f 478 371 374
f 1778 1777 528
f 528 1777 526
f 1781 1782 1780
f 1780 1782 1783
f 431 460 67
f 67 460 64
f 68 338 74
f 74 338 72
f 1785 1782 1784
f 1784 1782 1786
f 1787 1788 1790
f 1790 1788 1789
f 1792 1789 1791
f 1791 1789 1793
f 1791 1794 1792
f 1792 1794 1795
f 1794 1796 1795
f 1795 1796 1797
f 1797 1798 938
f 938 1798 868
f 1798 1799 868
f 868 1799 869
f 1801 1802 1800
f 1800 1802 1451
f 1803 1804 1205
f 1205 1804 1206
f 1805 1806 864
f 864 1806 865
f 1806 1807 865
f 865 1807 1808
f 68 71 338
f 287 328 288
f 1320 1321 1308
f 1308 1321 1309
f 1320 441 1321
f 1321 441 217
f 441 152 217
f 217 152 218
f 151 286 152
f 152 286 218
f 297 310 151
f 151 310 286
f 296 307 297
f 297 307 310
f 296 143 307
f 307 143 284
f 143 56 284
f 284 56 104
f 56 59 104
f 104 59 63
f 59 102 63
f 63 102 60
f 102 94 60
f 60 94 282
f 93 459 279
f 279 459 77
f 459 460 77
f 77 460 78
f 460 431 78
f 78 431 295
f 431 49 295
f 295 49 292
f 48 421 49
f 49 421 292
f 276 278 418
f 418 278 429
f 317 432 278
f 278 432 429
f 432 317 433
f 433 317 316
f 326 324 316
f 316 324 433
f 1536 592 1809
f 1809 592 591
f 1810 744 1812
f 1812 744 1811
f 1814 1815 1813
f 1813 1815 1816
f 1817 748 1818
f 1818 748 747
f 1812 1819 1810
f 1810 1819 1817
f 1820 1821 748
f 748 1821 749
f 1823 1824 1822
f 1822 1824 1825
f 1827 1828 1826
f 1826 1828 1829
f 1831 1832 1830
f 1830 1832 1833
f 1834 1827 1243
f 1243 1827 1826
f 1313 804 825
f 825 804 807
f 1835 1253 1236
f 1236 1253 1237
f 1836 1837 1438
f 1438 1837 1435
f 1838 1505 1840
f 1840 1505 1839
f 1841 1842 716
f 716 1842 713
f 1843 1844 1510
f 1510 1844 1845
f 1847 1848 1846
f 1846 1848 1849
f 1850 1240 1822
f 1822 1240 1239
f 636 1831 637
f 637 1831 1830
f 1852 1853 1851
f 1851 1853 1854
f 1855 1856 1858
f 1858 1856 1857
f 1846 1849 1859
f 1859 1849 1860
f 1343 1401 1509
f 1509 1401 1861
f 1509 1861 635
f 635 1861 636
f 1863 1864 1862
f 1862 1864 1865
f 1283 1503 1867
f 1867 1503 1866
f 1868 1867 681
f 681 1867 682
f 1286 1285 683
f 683 1285 684
f 757 756 1274
f 1274 756 1869
f 1274 1869 717
f 717 1869 718
f 1434 1433 719
f 719 1433 720
f 1200 1538 1545
f 1545 1538 1763
f 1285 1289 684
f 684 1289 1273
f 684 1273 681
f 681 1273 1272
f 785 1283 1868
f 1868 1283 1867
f 786 785 1870
f 1870 785 1868
f 1289 757 1273
f 1273 757 1274
f 1539 1416 1871
f 1871 1416 1872
f 773 1871 1403
f 1403 1871 1404
f 675 674 1405
f 1405 674 1402
f 1864 1873 1865
f 1865 1873 1874
f 638 1843 635
f 635 1843 1510
f 1344 1343 1511
f 1511 1343 1509
f 772 1539 773
f 773 1539 1871
f 674 1200 1402
f 1402 1200 1545
f 1538 1286 1763
f 1763 1286 683
f 1444 1443 1875
f 1875 1443 1876
f 1875 1876 1831
f 1831 1876 1832
f 1416 1344 1872
f 1872 1344 1511
f 1877 1878 774
f 774 1878 1879
f 1878 1847 1879
f 1879 1847 1846
f 1880 714 1881
f 1881 714 1848
f 1401 1444 1861
f 1861 1444 1875
f 1861 1875 636
f 636 1875 1831
f 1823 1863 1882
f 1882 1863 1862
f 1441 1440 1884
f 1884 1440 1883
f 1883 1852 1884
f 1884 1852 1851
f 1886 1887 1885
f 1885 1887 1888
f 1358 1889 1359
f 1359 1889 1890
f 1891 1886 1892
f 1892 1886 1885
f 774 1879 775
f 775 1879 1893
f 1859 1893 1846
f 1846 1893 1879
f 713 1842 1849
f 1849 1842 1860
f 1318 1895 1894
f 1894 1895 1896
f 1873 1897 1874
f 1874 1897 1898
f 1898 605 1899
f 1899 605 675
f 1405 1844 675
f 675 1844 1899
f 1404 1845 1405
f 1405 1845 1844
f 593 1296 591
f 591 1296 1809
f 1295 1292 1900
f 1900 1292 1895
f 606 1897 1291
f 1291 1897 1896
f 1510 1845 1511
f 1511 1845 1872
f 1871 1872 1404
f 1404 1872 1845
f 1866 770 1762
f 1762 770 1546
f 1762 682 1866
f 1866 682 1867
f 1870 1868 1272
f 1272 1868 681
f 1272 717 1870
f 1870 717 720
f 1870 720 786
f 786 720 1433
f 786 1433 787
f 787 1433 1432
f 1261 1414 1432
f 1432 1414 787
f 1389 1234 1260
f 1260 1234 1415
f 1719 1670 1388
f 1388 1670 1235
f 1718 1671 1719
f 1719 1671 1670
f 1705 1747 1718
f 1718 1747 1671
f 1659 1901 1704
f 1704 1901 1748
f 1877 1903 1902
f 1902 1903 1904
f 1259 1905 1390
f 1390 1905 1394
f 1715 1720 1393
f 1393 1720 1391
f 1716 1721 1715
f 1715 1721 1720
f 1698 1706 1716
f 1716 1706 1721
f 277 276 47
f 47 276 48
f 84 96 81
f 81 96 82
f 80 70 81
f 81 70 85
f 99 97 88
f 88 97 89
f 90 100 88
f 88 100 99
f 101 95 102
f 102 95 94
f 1906 1907 280
f 280 1907 281
f 97 86 89
f 89 86 85
f 60 282 61
f 61 282 281
f 83 82 46
f 46 82 47
f 293 292 420
f 420 292 421
f 419 1908 420
f 420 1908 1909
f 92 95 91
f 91 95 90
f 279 282 93
f 93 282 94
f 276 418 48
f 48 418 421
f 1910 1660 1697
f 1697 1660 1707
f 1703 1624 1700
f 1700 1624 1644
f 1622 1910 1623
f 1623 1910 1697
f 1701 1700 1911
f 1911 1700 1661
f 1700 1644 1661
f 1661 1644 1658
f 1901 1737 1733
f 1733 1737 1645
f 1625 1912 1604
f 1604 1912 1731
f 1912 1913 1731
f 1731 1913 1914
f 1913 1577 1914
f 1914 1577 1572
f 1915 1578 1616
f 1616 1578 1618
f 1915 1916 1598
f 1598 1916 1743
f 1916 1574 1743
f 1743 1574 1573
f 1575 1917 1576
f 1576 1917 1597
f 1917 1609 1597
f 1597 1609 1594
f 1608 1611 1729
f 1729 1611 1610
f 1918 1612 1629
f 1629 1612 1630
f 1626 1918 1627
f 1627 1918 1629
f 1920 1921 1919
f 1919 1921 1922
f 1920 1924 1923
f 1923 1924 1925
f 1926 1927 1924
f 1924 1927 1925
f 1929 1930 1928
f 1928 1930 1931
f 1932 1933 1935
f 1935 1933 1934
f 1937 1938 1936
f 1936 1938 1939
f 1941 1942 1940
f 1940 1942 1943
f 1941 1945 1944
f 1944 1945 1946
f 1947 1948 1694
f 1694 1948 1949
f 1950 1951 1953
f 1953 1951 1952
f 1955 1956 1954
f 1954 1956 1589
f 1958 1956 1957
f 1957 1956 1932
f 1960 1934 1959
f 1959 1934 1933
f 1962 1963 1961
f 1961 1963 1964
f 1965 1955 1751
f 1751 1955 1954
f 1935 1930 1932
f 1932 1930 1957
f 1951 1950 1926
f 1926 1950 1929
f 1966 1967 1593
f 1593 1967 1590
f 1969 1967 1968
f 1968 1967 1964
f 1962 1921 1970
f 1970 1921 1971
f 1963 1945 1964
f 1964 1945 1968
f 1972 1948 1922
f 1922 1948 1919
f 1966 1972 1961
f 1961 1972 1922
f 1958 1953 1587
f 1587 1953 1560
f 1974 1975 1973
f 1973 1975 1976
f 1978 1979 1977
f 1977 1979 1691
f 1979 1975 1691
f 1691 1975 1586
f 1938 1942 1939
f 1939 1942 1980
f 1952 1947 1557
f 1557 1947 1694
f 1969 1978 1981
f 1981 1978 1977
f 1983 1984 1982
f 1982 1984 1985
f 1986 1987 1989
f 1989 1987 1988
f 1990 1991 1983
f 1983 1991 1984
f 1990 1993 1992
f 1992 1993 1994
f 1995 1996 1994
f 1994 1996 1997
f 1999 2000 1998
f 1998 2000 2001
f 2003 2004 2002
f 2002 2004 2005
f 2007 2008 2006
f 2006 2008 2009
f 2011 2012 2010
f 2010 2012 2013
f 2014 2015 2017
f 2017 2015 2016
f 2018 2019 2021
f 2021 2019 2020
f 2022 1989 2024
f 2024 1989 2023
f 1989 1988 2023
f 2023 1988 2025
f 2026 2027 2017
f 2017 2027 2014
f 2029 2030 2028
f 2028 2030 2031
f 2033 2034 2032
f 2032 2034 2035
f 2032 2035 2036
f 2036 2035 2037
f 2039 2040 2038
f 2038 2040 2041
f 1982 2042 1983
f 1983 2042 2043
f 2045 2046 2044
f 2044 2046 2047
f 2049 2050 2048
f 2048 2050 2051
f 2053 2054 2052
f 2052 2054 2055
f 2057 2058 2056
f 2056 2058 2059
f 2060 2061 2033
f 2033 2061 2034
f 2063 2064 2062
f 2062 2064 2065
f 2066 2035 2067
f 2067 2035 2034
f 2069 2039 2068
f 2068 2039 2038
f 2025 2070 2023
f 2023 2070 2071
f 2072 2024 2071
f 2071 2024 2023
f 2074 2020 2073
f 2073 2020 2019
f 2050 2049 2047
f 2047 2049 2075
f 1983 2043 1990
f 1990 2043 1993
f 2006 2050 2007
f 2007 2050 2076
f 2050 2006 2051
f 2051 2006 2077
f 2079 2080 2078
f 2078 2080 2081
f 2082 2083 2085
f 2085 2083 2084
f 2010 2013 2086
f 2086 2013 2087
f 2089 2033 2088
f 2088 2033 2032
f 2090 2060 2089
f 2089 2060 2033
f 2092 2093 2091
f 2091 2093 2094
f 2096 1986 2095
f 2095 1986 2097
f 2097 1986 2022
f 2022 1986 1989
f 2015 2094 2016
f 2016 2094 2098
f 2016 2098 2100
f 2100 2098 2099
f 2017 2016 2101
f 2101 2016 2100
f 2017 2101 2026
f 2026 2101 2102
f 2100 2099 2104
f 2104 2099 2103
f 2104 2105 2100
f 2100 2105 2101
f 2105 2106 2101
f 2101 2106 2102
f 2108 2061 2107
f 2107 2061 2109
f 2111 2112 2110
f 2110 2112 2020
f 2020 2074 2110
f 2110 2074 2113
f 2115 2116 2114
f 2114 2116 2117
f 2118 2119 1995
f 1995 2119 2120
f 2121 2122 2027
f 2027 2122 2014
f 2047 2075 2044
f 2044 2075 2123
f 2124 2125 2127
f 2127 2125 2126
f 2129 2130 2128
f 2128 2130 2131
f 2132 2133 2057
f 2057 2133 2058
f 2134 1999 2136
f 2136 1999 2135
f 2055 2138 2137
f 2137 2138 2139
f 2141 2142 2140
f 2140 2142 2143
f 2083 2082 2064
f 2064 2082 2065
f 2082 2144 2065
f 2065 2144 2145
f 2040 2146 2041
f 2041 2146 2147
f 2060 2090 2148
f 2148 2090 2149
f 2048 2051 2137
f 2137 2051 2150
f 2151 1997 2135
f 2135 1997 1996
f 2152 2150 2077
f 2077 2150 2051
f 2046 2045 2118
f 2118 2045 2119
f 2154 2155 2153
f 2153 2155 2156
f 2158 2159 2157
f 2157 2159 2160
f 2162 2163 2161
f 2161 2163 2164
f 2164 2163 2165
f 2165 2163 2166
f 2168 2169 2167
f 2167 2169 2170
f 2003 2172 2171
f 2171 2172 2173
f 2174 2175 2002
f 2002 2175 2176
f 2145 2177 2065
f 2065 2177 2062
f 2178 2179 2180
f 2180 2179 2134
f 2181 2052 2152
f 2152 2052 2150
f 2040 2127 2146
f 2146 2127 2182
f 2130 2162 2131
f 2131 2162 2161
f 2052 2055 2150
f 2150 2055 2137
f 2184 2185 2183
f 2183 2185 2186
f 2159 2030 2160
f 2160 2030 2187
f 2146 2182 2029
f 2029 2182 2188
f 2189 2190 2192
f 2192 2190 2191
f 2172 2003 2176
f 2176 2003 2002
f 1998 2151 1999
f 1999 2151 2135
f 2177 2172 2062
f 2062 2172 2176
f 2172 2177 2173
f 2173 2177 2193
f 2063 2194 2064
f 2064 2194 2195
f 2066 2197 2196
f 2196 2197 2198
f 2002 2005 2174
f 2174 2005 2199
f 2004 2003 2200
f 2200 2003 2171
f 2198 2201 2171
f 2171 2201 2200
f 2197 2202 2198
f 2198 2202 2201
f 2202 2197 2203
f 2203 2197 2204
f 2196 2198 2173
f 2173 2198 2171
f 2205 2069 2170
f 2170 2069 2206
f 2197 2066 2204
f 2204 2066 2067
f 2107 2207 2108
f 2108 2207 2208
f 2210 2208 2209
f 2209 2208 2207
f 2185 2211 2212
f 2213 2214 2211
f 2211 2214 2212
f 1998 2001 2213
f 2213 2001 2214
f 2134 2215 1999
f 1999 2215 2000
f 2216 2217 2219
f 2219 2217 2218
f 2206 2220 2170
f 2170 2220 2167
f 2069 2068 2206
f 2206 2068 2221
f 2151 1998 2222
f 2222 1998 2213
f 2124 2039 2205
f 2205 2039 2069
f 2142 2223 2143
f 2143 2223 2128
f 2203 2186 2202
f 2202 2186 2185
f 2185 2184 2211
f 2211 2184 2224
f 2224 2225 2222
f 2222 2225 2226
f 2071 2227 2072
f 2072 2227 2228
f 2229 2074 2230
f 2230 2074 2073
f 2074 2229 2113
f 2113 2229 2231
f 2232 2225 2227
f 2227 2225 2224
f 2233 2234 2031
f 2031 2234 2028
f 2236 2231 2235
f 2235 2231 2229
f 2230 2183 2229
f 2229 2183 2235
f 2237 1987 2096
f 2096 1987 1986
f 2152 2238 2181
f 2181 2238 2239
f 2080 2240 2081
f 2081 2240 2241
f 2236 2242 1971
f 1971 2242 1970
f 1925 2113 1923
f 1923 2113 2231
f 2110 1927 2111
f 2111 1927 1928
f 2103 2111 1931
f 1931 2111 1928
f 1931 2243 2103
f 2103 2243 2104
f 2105 2104 2244
f 2244 2104 2243
f 1939 1980 2148
f 2148 1980 2109
f 1980 1944 2109
f 2109 1944 2107
f 1946 2245 2207
f 2207 2245 2209
f 2245 1970 2209
f 2209 1970 2242
f 2231 2236 1923
f 1923 2236 1971
f 2113 1925 2110
f 2110 1925 1927
f 2234 2246 2028
f 2028 2246 2147
f 2247 2248 2058
f 2058 2248 2059
f 2114 2117 2249
f 2249 2117 2250
f 2252 2253 2251
f 2251 2253 2254
f 2094 2015 2091
f 2091 2015 2255
f 2256 2255 2014
f 2014 2255 2015
f 2257 2145 2258
f 2258 2145 2144
f 2131 2161 2123
f 2123 2161 2044
f 2045 2044 2164
f 2164 2044 2161
f 2045 2164 2119
f 2119 2164 2165
f 2259 2120 2165
f 2165 2120 2119
f 2260 2261 2259
f 2259 2261 2120
f 2205 2262 2124
f 2124 2262 2125
f 2180 2263 2178
f 2178 2263 2264
f 2265 2266 2092
f 2092 2266 2093
f 1992 2267 2268
f 2184 2228 2224
f 2224 2228 2227
f 2048 2269 2049
f 2049 2269 2141
f 2129 2168 2157
f 2157 2168 2167
f 2049 2141 2075
f 2075 2141 2140
f 2199 2215 2270
f 2270 2215 2271
f 2142 2141 2272
f 2272 2141 2269
f 2089 2026 2090
f 2090 2026 2102
f 2146 2029 2147
f 2147 2029 2028
f 2111 2103 2112
f 2112 2103 2099
f 2061 2060 2109
f 2109 2060 2148
f 2273 2274 2041
f 2041 2274 2038
f 2260 2275 2261
f 2261 2275 2136
f 2057 2138 2132
f 2132 2138 2276
f 2272 2269 2056
f 2056 2269 2139
f 2277 2278 2270
f 2270 2278 2199
f 2029 2188 2030
f 2030 2188 2187
f 2040 2039 2127
f 2127 2039 2124
f 2064 2195 2083
f 2083 2195 2279
f 2056 2139 2057
f 2057 2139 2138
f 2278 2277 2247
f 2247 2277 2248
f 2062 2176 2063
f 2063 2176 2175
f 2280 2210 2242
f 2242 2210 2209
f 2282 2233 2281
f 2281 2233 2031
f 2216 2219 2283
f 2283 2219 2221
f 2158 2220 2218
f 2218 2220 2219
f 2217 2282 2218
f 2218 2282 2281
f 2220 2158 2167
f 2167 2158 2157
f 2223 2264 2128
f 2128 2264 2263
f 2261 1996 2120
f 2120 1996 1995
f 2213 2211 2222
f 2222 2211 2224
f 2283 2221 2284
f 2284 2221 2068
f 2135 1996 2136
f 2136 1996 2261
f 2144 2081 2258
f 2258 2081 2241
f 2235 2280 2236
f 2236 2280 2242
f 2246 2273 2147
f 2147 2273 2041
f 2036 2285 2032
f 2032 2285 2088
f 2077 2286 2152
f 2152 2286 2238
f 1937 1960 1973
f 1973 1960 1959
f 2070 2232 2071
f 2071 2232 2227
f 2244 2287 2105
f 2105 2287 2106
f 1936 1939 2149
f 2149 1939 2148
f 1944 1946 2107
f 2107 1946 2207
f 2285 2121 2088
f 2088 2121 2027
f 2253 2249 2254
f 2254 2249 2250
f 2006 2009 2077
f 2077 2009 2286
f 2289 2086 2288
f 2288 2086 2087
f 2223 2142 2290
f 2290 2142 2272
f 2128 2131 2143
f 2143 2131 2123
f 2156 2291 2153
f 2153 2291 2175
f 2292 2293 2278
f 2278 2293 2294
f 2075 2140 2123
f 2123 2140 2143
f 2262 2169 2275
f 2275 2169 2180
f 2275 2180 2136
f 2136 2180 2134
f 2274 2284 2038
f 2038 2284 2068
f 2127 2126 2182
f 2182 2126 2166
f 2094 2093 2098
f 2098 2093 2021
f 2098 2021 2099
f 2099 2021 2112
f 2018 2021 2266
f 2266 2021 2093
f 2251 2289 2252
f 2252 2289 2288
f 1997 2151 2226
f 2226 2151 2222
f 2206 2221 2220
f 2220 2221 2219
f 2269 2048 2139
f 2139 2048 2137
f 2159 2158 2281
f 2281 2158 2218
f 2156 2155 2190
f 2190 2155 2191
f 1974 1965 1583
f 1583 1965 1751
f 2088 2027 2089
f 2089 2027 2026
f 2030 2159 2031
f 2031 2159 2281
f 2106 2149 2102
f 2102 2149 2090
f 2287 1936 2106
f 2106 1936 2149
f 2293 2154 2294
f 2294 2154 2153
f 2021 2020 2112
f 2247 2295 2278
f 2278 2295 2292
f 2284 2296 2283
f 2283 2296 2297
f 2298 2296 2274
f 2274 2296 2284
f 2273 2299 2274
f 2274 2299 2298
f 2246 2300 2273
f 2273 2300 2299
f 2283 2297 2216
f 2216 2297 2301
f 2216 2301 2217
f 2217 2301 2302
f 2302 2303 2217
f 2217 2303 2282
f 2304 2301 2305
f 2305 2301 2297
f 2307 2308 2306
f 2306 2308 2309
f 2306 2310 2307
f 2307 2310 2311
f 2307 2312 2308
f 2308 2312 2313
f 2314 2315 2312
f 2312 2315 2316
f 2316 2317 2312
f 2312 2317 2313
f 2317 2305 2313
f 2313 2305 2318
f 2314 2312 2311
f 2311 2312 2307
f 2319 2320 2322
f 2322 2320 2321
f 2322 2311 2319
f 2319 2311 2310
f 2313 2318 2308
f 2308 2318 2309
f 2296 2298 2318
f 2318 2298 2309
f 2309 2298 2323
f 2323 2298 2299
f 2306 2309 2324
f 2324 2309 2323
f 2310 2306 2325
f 2325 2306 2324
f 2296 2318 2297
f 2297 2318 2305
f 2319 2310 2326
f 2326 2310 2325
f 2328 2325 2327
f 2327 2325 2324
f 2325 2328 2326
f 2326 2328 2329
f 2331 2328 2330
f 2330 2328 2327
f 2332 2333 2327
f 2327 2333 2330
f 2328 2331 2329
f 2329 2331 2334
f 2324 2323 2327
f 2327 2323 2332
f 2300 2332 2299
f 2299 2332 2323
f 2326 2335 2319
f 2319 2335 2320
f 2305 2317 2336
f 2336 2317 2316
f 2336 2316 2337
f 2337 2316 2315
f 2338 2304 2336
f 2336 2304 2305
f 2337 2339 2336
f 2336 2339 2338
f 2337 2315 2341
f 2341 2315 2340
f 2342 2300 2234
f 2234 2300 2246
f 2303 2343 2282
f 2282 2343 2233
f 2234 2233 2342
f 2342 2233 2343
f 2342 2343 2333
f 2333 2343 2344
f 2333 2344 2330
f 2330 2344 2345
f 2346 2344 2303
f 2303 2344 2343
f 2332 2300 2333
f 2333 2300 2342
f 2347 2346 2302
f 2302 2346 2303
f 2301 2304 2302
f 2302 2304 2347
f 2304 2338 2347
f 2347 2338 2348
f 2348 2349 2347
f 2347 2349 2346
f 2350 2351 2348
f 2348 2351 2349
f 2349 2345 2346
f 2346 2345 2344
f 2345 2349 2352
f 2352 2349 2351
f 2338 2339 2348
f 2348 2339 2350
f 2350 2339 2353
f 2353 2339 2354
f 2356 2357 2355
f 2355 2357 2353
f 2351 2350 2357
f 2357 2350 2353
f 2353 2354 2355
f 2355 2354 2335
f 2320 2335 2341
f 2341 2335 2354
f 2339 2337 2354
f 2354 2337 2341
f 2352 2331 2345
f 2345 2331 2330
f 2356 2334 2352
f 2352 2334 2331
f 2356 2352 2357
f 2357 2352 2351
f 2355 2329 2356
f 2356 2329 2334
f 2335 2326 2355
f 2355 2326 2329
f 2321 2314 2322
f 2322 2314 2311
f 2321 2320 2340
f 2340 2320 2341
f 2315 2314 2340
f 2340 2314 2321
f 2125 2260 2126
f 2126 2260 2259
f 2157 2160 2129
f 2129 2160 2130
f 2188 2163 2187
f 2187 2163 2162
f 2182 2166 2188
f 2188 2166 2163
f 2180 2169 2263
f 2263 2169 2168
f 2160 2187 2130
f 2130 2187 2162
f 2275 2260 2262
f 2262 2260 2125
f 2128 2263 2129
f 2129 2263 2168
f 2262 2205 2169
f 2169 2205 2170
f 2165 2166 2259
f 2259 2166 2126
f 2359 2360 2358
f 2358 2360 2361
f 2363 2364 2362
f 2362 2364 2365
f 2367 2363 2366
f 2366 2363 2362
f 2368 2369 2371
f 2371 2369 2370
f 2372 2373 2248
f 2248 2373 2059
f 2364 2374 2365
f 2365 2374 2375
f 2377 2378 2376
f 2376 2378 2379
f 2290 2380 2223
f 2223 2380 2381
f 2223 2381 2264
f 2264 2381 2382
f 2384 2385 2383
f 2383 2385 2386
f 2364 2371 2374
f 2374 2371 2387
f 2059 2373 2290
f 2290 2373 2380
f 2378 2360 2379
f 2379 2360 2388
f 2374 2387 2359
f 2359 2387 2389
f 2390 2367 2386
f 2386 2367 2391
f 2393 2394 2392
f 2392 2394 2395
f 2386 2391 2383
f 2383 2391 2396
f 2367 2366 2391
f 2391 2366 2397
f 2363 2367 2368
f 2368 2367 2390
f 2398 2399 2361
f 2361 2399 2358
f 2399 2400 2358
f 2358 2400 2375
f 2390 2401 2368
f 2368 2401 2369
f 2372 2384 2376
f 2376 2384 2383
f 2374 2359 2375
f 2375 2359 2358
f 2402 2403 2365
f 2365 2403 2362
f 2359 2389 2360
f 2360 2389 2388
f 2364 2363 2371
f 2371 2363 2368
f 2405 2398 2404
f 2404 2398 2361
f 2392 2395 2406
f 2406 2395 2397
f 2377 2396 2394
f 2394 2396 2395
f 2394 2393 2404
f 2404 2393 2405
f 2396 2377 2383
f 2383 2377 2376
f 2406 2397 2407
f 2407 2397 2366
f 2400 2402 2375
f 2375 2402 2365
f 2385 2270 2401
f 2401 2270 2271
f 2403 2407 2362
f 2362 2407 2366
f 2371 2370 2387
f 2387 2370 2382
f 2391 2397 2396
f 2396 2397 2395
f 2378 2377 2404
f 2404 2377 2394
f 2360 2378 2361
f 2361 2378 2404
f 2407 2408 2406
f 2406 2408 2409
f 2410 2408 2403
f 2403 2408 2407
f 2411 2410 2402
f 2402 2410 2403
f 2412 2411 2400
f 2400 2411 2402
f 2406 2409 2392
f 2392 2409 2413
f 2392 2413 2393
f 2393 2413 2414
f 2415 2405 2414
f 2414 2405 2393
f 2416 2413 2417
f 2417 2413 2409
f 2419 2420 2418
f 2418 2420 2421
f 2420 2422 2421
f 2421 2422 2423
f 2420 2424 2422
f 2422 2424 2425
f 2426 2427 2424
f 2424 2427 2428
f 2428 2429 2424
f 2424 2429 2425
f 2426 2424 2419
f 2419 2424 2420
f 2419 2418 2431
f 2431 2418 2430
f 2425 2432 2422
f 2422 2432 2423
f 2408 2410 2432
f 2432 2410 2423
f 2423 2410 2433
f 2433 2410 2411
f 2421 2423 2434
f 2434 2423 2433
f 2435 2418 2434
f 2434 2418 2421
f 2429 2417 2425
f 2425 2417 2432
f 2408 2432 2409
f 2409 2432 2417
f 2418 2435 2430
f 2430 2435 2436
f 2438 2435 2437
f 2437 2435 2434
f 2435 2438 2436
f 2436 2438 2439
f 2441 2438 2440
f 2440 2438 2437
f 2442 2443 2437
f 2437 2443 2440
f 2439 2438 2444
f 2444 2438 2441
f 2433 2442 2434
f 2434 2442 2437
f 2412 2442 2411
f 2411 2442 2433
f 2436 2445 2430
f 2430 2445 2446
f 2430 2446 2431
f 2431 2446 2447
f 2417 2429 2448
f 2448 2429 2428
f 2427 2449 2428
f 2428 2449 2448
f 2450 2416 2448
f 2448 2416 2417
f 2451 2450 2449
f 2449 2450 2448
f 2427 2452 2449
f 2449 2452 2453
f 2447 2446 2452
f 2452 2446 2453
f 2454 2412 2399
f 2399 2412 2400
f 2415 2455 2405
f 2405 2455 2398
f 2399 2398 2454
f 2454 2398 2455
f 2454 2455 2443
f 2443 2455 2456
f 2443 2456 2440
f 2440 2456 2457
f 2458 2456 2415
f 2415 2456 2455
f 2443 2442 2454
f 2454 2442 2412
f 2459 2458 2414
f 2414 2458 2415
f 2413 2416 2414
f 2414 2416 2459
f 2459 2416 2460
f 2460 2416 2450
f 2460 2461 2459
f 2459 2461 2458
f 2462 2463 2460
f 2460 2463 2461
f 2461 2457 2458
f 2458 2457 2456
f 2457 2461 2464
f 2464 2461 2463
f 2451 2462 2450
f 2450 2462 2460
f 2462 2451 2465
f 2465 2451 2466
f 2468 2469 2467
f 2467 2469 2465
f 2463 2462 2469
f 2469 2462 2465
f 2465 2466 2467
f 2467 2466 2445
f 2446 2445 2453
f 2453 2445 2466
f 2451 2449 2466
f 2466 2449 2453
f 2464 2441 2457
f 2457 2441 2440
f 2468 2444 2464
f 2464 2444 2441
f 2468 2464 2469
f 2469 2464 2463
f 2467 2439 2468
f 2468 2439 2444
f 2445 2436 2467
f 2467 2436 2439
f 2447 2426 2431
f 2431 2426 2419
f 2427 2426 2452
f 2452 2426 2447
f 2369 2179 2370
f 2370 2179 2178
f 2376 2379 2372
f 2372 2379 2373
f 2389 2381 2388
f 2388 2381 2380
f 2387 2382 2389
f 2389 2382 2381
f 2270 2385 2277
f 2277 2385 2384
f 2379 2388 2373
f 2373 2388 2380
f 2401 2271 2369
f 2369 2271 2179
f 2248 2277 2372
f 2372 2277 2384
f 2401 2390 2385
f 2385 2390 2386
f 2264 2382 2178
f 2178 2382 2370
f 2215 2134 2271
f 2271 2134 2179
f 2005 2000 2199
f 2199 2000 2215
f 2004 2001 2005
f 2005 2001 2000
f 2200 2214 2004
f 2004 2214 2001
f 2470 2471 2473
f 2473 2471 2472
f 2475 2476 2474
f 2474 2476 2477
f 2479 2475 2478
f 2478 2475 2474
f 2481 2482 2480
f 2480 2482 2483
f 2476 2484 2477
f 2477 2484 2485
f 2487 2488 2486
f 2486 2488 2489
f 2133 2490 2058
f 2058 2490 2491
f 2058 2491 2247
f 2247 2491 2492
f 2494 2495 2493
f 2493 2495 2496
f 2476 2483 2484
f 2484 2483 2497
f 2472 2498 2488
f 2488 2498 2489
f 2484 2497 2471
f 2471 2497 2499
f 2500 2479 2496
f 2496 2479 2501
f 2502 2503 2505
f 2505 2503 2504
f 2496 2501 2493
f 2493 2501 2506
f 2479 2478 2501
f 2501 2478 2507
f 2475 2479 2480
f 2480 2479 2500
f 2508 2509 2473
f 2473 2509 2470
f 2509 2510 2470
f 2470 2510 2485
f 2511 2481 2500
f 2500 2481 2480
f 2512 2494 2486
f 2486 2494 2493
f 2485 2484 2470
f 2470 2484 2471
f 2513 2514 2477
f 2477 2514 2474
f 2471 2499 2472
f 2472 2499 2498
f 2476 2475 2483
f 2483 2475 2480
f 2516 2508 2515
f 2515 2508 2473
f 2502 2505 2517
f 2517 2505 2507
f 2504 2487 2505
f 2505 2487 2506
f 2503 2516 2504
f 2504 2516 2515
f 2506 2487 2493
f 2493 2487 2486
f 2517 2507 2518
f 2518 2507 2478
f 2510 2513 2485
f 2485 2513 2477
f 2511 2495 2293
f 2293 2495 2154
f 2514 2518 2474
f 2474 2518 2478
f 2483 2482 2497
f 2497 2482 2492
f 2501 2507 2506
f 2506 2507 2505
f 2488 2487 2515
f 2515 2487 2504
f 2472 2488 2473
f 2473 2488 2515
f 2518 2519 2517
f 2517 2519 2520
f 2521 2519 2514
f 2514 2519 2518
f 2522 2521 2513
f 2513 2521 2514
f 2523 2522 2510
f 2510 2522 2513
f 2517 2520 2502
f 2502 2520 2524
f 2502 2524 2503
f 2503 2524 2525
f 2525 2526 2503
f 2503 2526 2516
f 2527 2524 2528
f 2528 2524 2520
f 2530 2531 2529
f 2529 2531 2532
f 2531 2533 2532
f 2532 2533 2534
f 2531 2535 2533
f 2533 2535 2536
f 2537 2538 2535
f 2535 2538 2539
f 2539 2540 2535
f 2535 2540 2536
f 2537 2535 2530
f 2530 2535 2531
f 2529 2541 2530
f 2530 2541 2542
f 2543 2534 2536
f 2536 2534 2533
f 2519 2521 2543
f 2543 2521 2534
f 2534 2521 2544
f 2544 2521 2522
f 2532 2534 2545
f 2545 2534 2544
f 2529 2532 2546
f 2546 2532 2545
f 2536 2540 2543
f 2543 2540 2528
f 2519 2543 2520
f 2520 2543 2528
f 2541 2529 2547
f 2547 2529 2546
f 2548 2549 2545
f 2545 2549 2546
f 2549 2550 2546
f 2546 2550 2547
f 2551 2552 2548
f 2548 2552 2549
f 2548 2553 2551
f 2551 2553 2554
f 2550 2549 2555
f 2555 2549 2552
f 2545 2544 2548
f 2548 2544 2553
f 2523 2553 2522
f 2522 2553 2544
f 2547 2556 2541
f 2541 2556 2557
f 2541 2557 2542
f 2542 2557 2558
f 2528 2540 2559
f 2559 2540 2539
f 2538 2560 2539
f 2539 2560 2559
f 2561 2527 2559
f 2559 2527 2528
f 2560 2562 2559
f 2559 2562 2561
f 2560 2538 2564
f 2564 2538 2563
f 2558 2557 2563
f 2563 2557 2564
f 2565 2523 2509
f 2509 2523 2510
f 2526 2566 2516
f 2516 2566 2508
f 2509 2508 2565
f 2565 2508 2566
f 2565 2566 2554
f 2554 2566 2567
f 2554 2567 2551
f 2551 2567 2568
f 2569 2567 2526
f 2526 2567 2566
f 2553 2523 2554
f 2554 2523 2565
f 2570 2569 2525
f 2525 2569 2526
f 2524 2527 2525
f 2525 2527 2570
f 2527 2561 2570
f 2570 2561 2571
f 2571 2572 2570
f 2570 2572 2569
f 2573 2574 2571
f 2571 2574 2572
f 2572 2568 2569
f 2569 2568 2567
f 2568 2572 2575
f 2575 2572 2574
f 2562 2573 2561
f 2561 2573 2571
f 2573 2562 2576
f 2576 2562 2577
f 2579 2580 2578
f 2578 2580 2576
f 2574 2573 2580
f 2580 2573 2576
f 2576 2577 2578
f 2578 2577 2556
f 2557 2556 2564
f 2564 2556 2577
f 2562 2560 2577
f 2577 2560 2564
f 2575 2552 2568
f 2568 2552 2551
f 2579 2555 2575
f 2575 2555 2552
f 2579 2575 2580
f 2580 2575 2574
f 2550 2555 2578
f 2578 2555 2579
f 2556 2547 2578
f 2578 2547 2550
f 2558 2537 2542
f 2542 2537 2530
f 2538 2537 2563
f 2563 2537 2558
f 2292 2295 2481
f 2481 2295 2482
f 2486 2489 2512
f 2512 2489 2581
f 2499 2491 2498
f 2498 2491 2490
f 2497 2492 2499
f 2499 2492 2491
f 2155 2154 2494
f 2494 2154 2495
f 2581 2489 2490
f 2490 2489 2498
f 2293 2292 2511
f 2511 2292 2481
f 2191 2155 2512
f 2512 2155 2494
f 2500 2496 2511
f 2511 2496 2495
f 2247 2492 2295
f 2295 2492 2482
f 2583 2584 2582
f 2582 2584 2585
f 2587 2588 2586
f 2586 2588 2589
f 2591 2587 2590
f 2590 2587 2586
f 2593 2594 2592
f 2592 2594 2595
f 2596 2597 2599
f 2599 2597 2598
f 2588 2600 2589
f 2589 2600 2601
f 2602 2603 2605
f 2605 2603 2604
f 2606 2607 2609
f 2609 2607 2608
f 2609 2608 2190
f 2190 2608 2610
f 2611 2612 2614
f 2614 2612 2613
f 2600 2588 2615
f 2615 2588 2595
f 2599 2598 2606
f 2606 2598 2607
f 2584 2616 2604
f 2604 2616 2605
f 2600 2615 2583
f 2583 2615 2617
f 2591 2619 2618
f 2618 2619 2614
f 2621 2622 2620
f 2620 2622 2623
f 2619 2624 2614
f 2614 2624 2611
f 2591 2590 2619
f 2619 2590 2625
f 2587 2591 2592
f 2592 2591 2618
f 2626 2627 2585
f 2585 2627 2582
f 2627 2628 2582
f 2582 2628 2601
f 2629 2593 2618
f 2618 2593 2592
f 2602 2597 2611
f 2611 2597 2612
f 2600 2583 2601
f 2601 2583 2582
f 2630 2631 2589
f 2589 2631 2586
f 2583 2617 2584
f 2584 2617 2616
f 2588 2587 2595
f 2595 2587 2592
f 2633 2626 2632
f 2632 2626 2585
f 2620 2623 2634
f 2634 2623 2625
f 2622 2603 2623
f 2623 2603 2624
f 2621 2633 2622
f 2622 2633 2632
f 2611 2624 2602
f 2602 2624 2603
f 2634 2625 2635
f 2635 2625 2590
f 2628 2630 2601
f 2601 2630 2589
f 2613 2195 2629
f 2629 2195 2194
f 2631 2635 2586
f 2586 2635 2590
f 2595 2594 2615
f 2615 2594 2610
f 2619 2625 2624
f 2624 2625 2623
f 2632 2604 2622
f 2622 2604 2603
f 2585 2584 2632
f 2632 2584 2604
f 2635 2636 2634
f 2634 2636 2637
f 2638 2636 2631
f 2631 2636 2635
f 2639 2638 2630
f 2630 2638 2631
f 2640 2639 2628
f 2628 2639 2630
f 2634 2637 2620
f 2620 2637 2641
f 2620 2641 2621
f 2621 2641 2642
f 2642 2643 2621
f 2621 2643 2633
f 2641 2637 2644
f 2644 2637 2645
f 2646 2647 2649
f 2649 2647 2648
f 2648 2650 2649
f 2649 2650 2651
f 2648 2652 2650
f 2650 2652 2653
f 2652 2654 2656
f 2656 2654 2655
f 2656 2657 2652
f 2652 2657 2653
f 2654 2652 2647
f 2647 2652 2648
f 2647 2646 2659
f 2659 2646 2658
f 2660 2651 2653
f 2653 2651 2650
f 2636 2638 2660
f 2660 2638 2651
f 2651 2638 2661
f 2661 2638 2639
f 2651 2661 2649
f 2649 2661 2662
f 2663 2646 2662
f 2662 2646 2649
f 2653 2657 2660
f 2660 2657 2645
f 2636 2660 2637
f 2637 2660 2645
f 2646 2663 2658
f 2658 2663 2664
f 2665 2666 2662
f 2662 2666 2663
f 2666 2667 2663
f 2663 2667 2664
f 2668 2669 2665
f 2665 2669 2666
f 2665 2670 2668
f 2668 2670 2671
f 2667 2666 2672
f 2672 2666 2669
f 2662 2661 2665
f 2665 2661 2670
f 2640 2670 2639
f 2639 2670 2661
f 2673 2674 2664
f 2664 2674 2658
f 2658 2674 2659
f 2659 2674 2675
f 2645 2657 2676
f 2676 2657 2656
f 2677 2676 2655
f 2655 2676 2656
f 2676 2678 2645
f 2645 2678 2644
f 2677 2679 2676
f 2676 2679 2678
f 2655 2680 2677
f 2677 2680 2681
f 2675 2674 2680
f 2680 2674 2681
f 2682 2640 2627
f 2627 2640 2628
f 2643 2683 2633
f 2633 2683 2626
f 2682 2627 2683
f 2683 2627 2626
f 2683 2684 2682
f 2682 2684 2671
f 2684 2685 2671
f 2671 2685 2668
f 2686 2684 2643
f 2643 2684 2683
f 2670 2640 2671
f 2671 2640 2682
f 2687 2686 2642
f 2642 2686 2643
f 2642 2641 2687
f 2687 2641 2644
f 2687 2644 2688
f 2688 2644 2678
f 2688 2689 2687
f 2687 2689 2686
f 2690 2691 2688
f 2688 2691 2689
f 2689 2685 2686
f 2686 2685 2684
f 2685 2689 2692
f 2692 2689 2691
f 2679 2690 2678
f 2678 2690 2688
f 2690 2679 2693
f 2693 2679 2694
f 2696 2697 2695
f 2695 2697 2693
f 2691 2690 2697
f 2697 2690 2693
f 2693 2694 2695
f 2695 2694 2673
f 2674 2673 2681
f 2681 2673 2694
f 2679 2677 2694
f 2694 2677 2681
f 2685 2692 2668
f 2668 2692 2669
f 2696 2672 2692
f 2692 2672 2669
f 2696 2692 2697
f 2697 2692 2691
f 2695 2667 2696
f 2696 2667 2672
f 2673 2664 2695
f 2695 2664 2667
f 2675 2654 2659
f 2659 2654 2647
f 2655 2654 2680
f 2680 2654 2675
f 2291 2156 2593
f 2593 2156 2594
f 2597 2602 2598
f 2598 2602 2605
f 2616 2617 2607
f 2607 2617 2608
f 2615 2610 2617
f 2617 2610 2608
f 2597 2596 2612
f 2612 2596 2698
f 2598 2605 2607
f 2607 2605 2616
f 2194 2291 2629
f 2629 2291 2593
f 2629 2618 2613
f 2613 2618 2614
f 2190 2610 2156
f 2156 2610 2594
f 2700 2010 2699
f 2699 2010 2086
f 2267 2701 2116
f 2116 2701 2702
f 2116 2702 2117
f 2117 2702 2703
f 2704 2705 2250
f 2250 2705 2254
f 2011 2706 2267
f 2267 2706 2701
f 2699 2086 2707
f 2707 2086 2289
f 2010 2700 2011
f 2011 2700 2706
f 2708 2707 2251
f 2251 2707 2289
f 2703 2704 2117
f 2117 2704 2250
f 2705 2708 2254
f 2254 2708 2251
f 2709 2710 2708
f 2708 2710 2707
f 2711 2709 2705
f 2705 2709 2708
f 2712 2711 2704
f 2704 2711 2705
f 2713 2712 2703
f 2703 2712 2704
f 2707 2710 2699
f 2699 2710 2714
f 2699 2714 2700
f 2700 2714 2715
f 2716 2706 2715
f 2715 2706 2700
f 2714 2710 2717
f 2717 2710 2718
f 2720 2721 2719
f 2719 2721 2722
f 2721 2723 2722
f 2722 2723 2724
f 2721 2725 2723
f 2723 2725 2726
f 2727 2728 2725
f 2725 2728 2726
f 2729 2725 2720
f 2720 2725 2721
f 2731 2729 2730
f 2730 2729 2720
f 2719 2732 2720
f 2720 2732 2730
f 2726 2733 2723
f 2723 2733 2724
f 2709 2711 2733
f 2733 2711 2724
f 2724 2711 2734
f 2734 2711 2712
f 2722 2724 2735
f 2735 2724 2734
f 2719 2722 2736
f 2736 2722 2735
f 2726 2728 2733
f 2733 2728 2718
f 2709 2733 2710
f 2710 2733 2718
f 2732 2719 2737
f 2737 2719 2736
f 2738 2739 2735
f 2735 2739 2736
f 2739 2740 2736
f 2736 2740 2737
f 2741 2742 2738
f 2738 2742 2739
f 2738 2743 2741
f 2741 2743 2744
f 2740 2739 2745
f 2745 2739 2742
f 2735 2734 2738
f 2738 2734 2743
f 2713 2743 2712
f 2712 2743 2734
f 2737 2746 2732
f 2732 2746 2747
f 2732 2747 2730
f 2730 2747 2731
f 2718 2728 2748
f 2748 2728 2727
f 2749 2750 2727
f 2727 2750 2748
f 2748 2751 2718
f 2718 2751 2717
f 2750 2752 2748
f 2748 2752 2751
f 2750 2749 2754
f 2754 2749 2753
f 2731 2747 2753
f 2753 2747 2754
f 2727 2725 2749
f 2749 2725 2729
f 2749 2729 2753
f 2753 2729 2731
f 2702 2755 2703
f 2703 2755 2713
f 2706 2716 2701
f 2701 2716 2756
f 2755 2702 2756
f 2756 2702 2701
f 2756 2757 2755
f 2755 2757 2744
f 2757 2758 2744
f 2744 2758 2741
f 2759 2757 2716
f 2716 2757 2756
f 2743 2713 2744
f 2744 2713 2755
f 2760 2759 2715
f 2715 2759 2716
f 2715 2714 2760
f 2760 2714 2717
f 2760 2717 2761
f 2761 2717 2751
f 2761 2762 2760
f 2760 2762 2759
f 2763 2764 2761
f 2761 2764 2762
f 2762 2758 2759
f 2759 2758 2757
f 2758 2762 2765
f 2765 2762 2764
f 2752 2763 2751
f 2751 2763 2761
f 2763 2752 2766
f 2766 2752 2767
f 2768 2769 2766
f 2766 2769 2770
f 2764 2763 2770
f 2770 2763 2766
f 2766 2767 2768
f 2768 2767 2746
f 2747 2746 2754
f 2754 2746 2767
f 2752 2750 2767
f 2767 2750 2754
f 2758 2765 2741
f 2741 2765 2742
f 2769 2745 2765
f 2765 2745 2742
f 2769 2765 2770
f 2770 2765 2764
f 2768 2740 2769
f 2769 2740 2745
f 2746 2737 2768
f 2768 2737 2740
f 2201 2212 2200
f 2200 2212 2214
f 2201 2202 2212
f 2212 2202 2185
f 2512 2581 2191
f 2191 2581 2192
f 2059 2290 2056
f 2056 2290 2272
f 2174 2199 2294
f 2294 2199 2278
f 2063 2175 2194
f 2194 2175 2291
f 2192 2581 2133
f 2133 2581 2490
f 2133 2132 2192
f 2192 2132 2189
f 2054 2276 2055
f 2055 2276 2138
f 2083 2279 2084
f 2084 2279 2771
f 2771 2279 2599
f 2599 2279 2596
f 2606 2772 2599
f 2599 2772 2771
f 2772 2773 2771
f 2771 2773 2084
f 2773 2774 2084
f 2084 2774 2085
f 2085 2775 2082
f 2082 2775 2144
f 2774 2078 2085
f 2085 2078 2775
f 2078 2774 2079
f 2079 2774 2776
f 2774 2773 2776
f 2776 2773 2777
f 2773 2772 2777
f 2777 2772 2778
f 2190 2189 2609
f 2609 2189 2778
f 2053 2052 2779
f 2779 2052 2181
f 2144 2775 2081
f 2081 2775 2078
f 2294 2153 2174
f 2174 2153 2175
f 2132 2276 2189
f 2189 2276 2778
f 2606 2609 2772
f 2772 2609 2778
f 2195 2613 2698
f 2698 2613 2612
f 2596 2279 2698
f 2698 2279 2195
f 2054 2777 2276
f 2276 2777 2778
f 2777 2054 2776
f 2776 2054 2053
f 2053 2779 2776
f 2776 2779 2079
f 2779 2181 2079
f 2079 2181 2080
f 2181 2239 2080
f 2080 2239 2240
f 2122 2256 2014
f 2042 1982 2076
f 2076 1982 2007
f 1982 1985 2007
f 2007 1985 2008
f 2095 2097 2265
f 2265 2097 2266
f 2076 2050 2042
f 2042 2050 2047
f 2046 2043 2047
f 2047 2043 2042
f 2118 1993 2046
f 2046 1993 2043
f 1995 1994 2118
f 2118 1994 1993
f 2267 1992 2011
f 2011 1992 2012
f 1997 2012 1994
f 1994 2012 1992
f 2226 2013 1997
f 1997 2013 2012
f 2225 2087 2226
f 2226 2087 2013
f 2225 2232 2087
f 2087 2232 2288
f 2232 2070 2288
f 2288 2070 2252
f 2070 2025 2252
f 2252 2025 2253
f 1988 2249 2025
f 2025 2249 2253
f 2116 2115 2267
f 2267 2115 2268
f 2096 1984 2237
f 2237 1984 1991
f 2095 1985 2096
f 2096 1985 1984
f 2265 2008 2095
f 2095 2008 1985
f 2092 2009 2265
f 2265 2009 2008
f 2091 2286 2092
f 2092 2286 2009
f 2255 2238 2091
f 2091 2238 2286
f 2256 2239 2255
f 2255 2239 2238
f 2122 2240 2256
f 2256 2240 2239
f 2121 2241 2122
f 2122 2241 2240
f 2022 2018 2097
f 2097 2018 2266
f 2022 2024 2018
f 2018 2024 2019
f 2024 2072 2019
f 2019 2072 2073
f 2072 2228 2073
f 2073 2228 2230
f 2228 2184 2230
f 2230 2184 2183
f 2121 2285 2241
f 2241 2285 2258
f 2285 2036 2258
f 2258 2036 2257
f 2177 2145 2193
f 2193 2145 2257
f 2173 2193 2196
f 2196 2193 2037
f 2036 2037 2257
f 2257 2037 2193
f 2196 2037 2066
f 2066 2037 2035
f 2061 2108 2034
f 2034 2108 2067
f 2108 2208 2067
f 2067 2208 2204
f 2208 2210 2204
f 2204 2210 2203
f 2210 2280 2203
f 2203 2280 2186
f 2183 2186 2235
f 2235 2186 2280
f 1987 2114 1988
f 1988 2114 2249
f 2237 2115 1987
f 1987 2115 2114
f 1991 2268 2237
f 2237 2268 2115
f 1991 1990 2268
f 2268 1990 1992
f 107 110 2781
f 2781 110 2780
f 117 2782 118
f 118 2782 2783
f 119 2784 120
f 120 2784 2785
f 125 2786 126
f 126 2786 2787
f 127 2788 128
f 128 2788 2789
f 127 132 2788
f 2788 132 2790
f 231 230 2792
f 2792 230 2791
f 118 2783 119
f 119 2783 2784
f 241 243 2794
f 2794 243 2793
f 2781 2795 107
f 107 2795 352
f 120 2785 437
f 437 2785 2796
f 126 2787 110
f 110 2787 2780
f 455 2797 456
f 456 2797 2798
f 128 2789 457
f 457 2789 2799
f 456 2798 117
f 117 2798 2782
f 2794 2797 241
f 241 2797 455
f 457 2799 125
f 125 2799 2786
f 132 231 2790
f 2790 231 2792
f 230 437 2791
f 2791 437 2796
f 2792 2789 2790
f 2790 2789 2788
f 2785 2784 2801
f 2801 2784 2800
f 2786 2802 2787
f 2787 2802 2803
f 2792 2791 2805
f 2805 2791 2804
f 2784 2783 2800
f 2800 2783 2806
f 2785 2801 2796
f 2796 2801 2807
f 2787 2803 2780
f 2780 2803 2808
f 2789 2809 2799
f 2799 2809 2810
f 2799 2810 2786
f 2786 2810 2802
f 2791 2796 2804
f 2804 2796 2807
f 2789 2792 2809
f 2809 2792 2805
f 2812 2797 2811
f 2811 2797 2794
f 2809 2805 2810
f 2810 2805 2804
f 2810 2804 2802
f 2802 2804 2807
f 2802 2807 2803
f 2803 2807 2801
f 2808 2803 2800
f 2800 2803 2801
f 2814 699 2813
f 2813 699 698
f 2808 2815 2780
f 2780 2815 2781
f 2817 2782 2816
f 2816 2782 2798
f 2815 2818 2781
f 2781 2818 2795
f 2797 2812 2798
f 2798 2812 2816
f 2783 2782 2806
f 2806 2782 2817
f 2800 2806 2808
f 2808 2806 2815
f 2794 2793 2811
f 2811 2793 2819
f 174 201 384
f 384 201 362
f 200 1766 390
f 390 1766 1777
f 1777 1778 390
f 390 1778 398
f 1778 361 398
f 398 361 222
f 2820 2821 628
f 628 2821 629
f 1406 2820 790
f 790 2820 628
f 794 1415 1233
f 1233 1415 1234
f 1406 790 1407
f 1407 790 1312
f 1407 1312 2822
f 2822 1312 1316
f 2823 1380 1543
f 1543 1380 1379
f 1385 1738 1382
f 1382 1738 1383
f 1381 791 1382
f 1382 791 1386
f 791 794 1386
f 1386 794 1233
f 1259 1390 1260
f 1260 1390 1389
f 1905 1542 1394
f 1394 1542 1395
f 1410 1413 1397
f 1397 1413 1398
f 2821 1410 629
f 629 1410 1397
f 2823 2822 1380
f 1380 2822 1316
f 1392 1395 1378
f 1378 1395 1379
f 1738 1399 1383
f 1383 1399 1398
f 1388 1235 1389
f 1389 1235 1234
f 1393 1391 1394
f 1394 1391 1390
f 1381 1384 779
f 779 1384 780
f 1282 788 792
f 792 788 793
f 1431 1262 1432
f 1432 1262 1261
f 1400 1342 1408
f 1408 1342 1409
f 1508 1544 1411
f 1411 1544 1412
f 788 787 793
f 793 787 1414
f 2821 2820 1429
f 1429 2820 1430
f 2822 2823 1506
f 1506 2823 1507
f 778 1282 779
f 779 1282 792
f 2820 1406 1430
f 1430 1406 1409
f 1410 2821 1411
f 1411 2821 1429
f 1407 2822 1408
f 1408 2822 1506
f 1544 781 1412
f 1412 781 780
f 1260 1415 1261
f 1261 1415 1414
f 1334 2824 923
f 923 2824 924
f 2826 1268 2825
f 2825 1268 1267
f 769 1212 2827
f 2827 1212 2828
f 1492 1190 1266
f 1266 1190 1267
f 1488 2829 1489
f 1489 2829 2830
f 922 1329 923
f 923 1329 1328
f 1484 2831 1485
f 1485 2831 2832
f 1482 2833 1485
f 1485 2833 1486
f 1324 1493 1489
f 1489 1493 1490
f 1265 1491 1266
f 1266 1491 1490
f 2835 2836 2834
f 2834 2836 2837
f 1250 2838 2827
f 2827 2838 2839
f 1488 1491 2840
f 2840 1491 2841
f 1268 2826 2842
f 2842 2826 2843
f 2844 2845 1495
f 1495 2845 1496
f 1427 2847 2846
f 2846 2847 926
f 2829 1488 2848
f 2848 1488 2840
f 1329 922 2849
f 2849 922 927
f 2850 2851 768
f 768 2851 1213
f 1265 1268 2852
f 2852 1268 2842
f 1491 1265 2841
f 2841 1265 2852
f 2854 2855 2853
f 2853 2855 2856
f 2855 2857 2856
f 2856 2857 598
f 2857 2858 598
f 598 2858 595
f 2858 2859 595
f 595 2859 626
f 649 652 2860
f 2860 652 2861
f 639 642 2862
f 2862 642 2863
f 2864 705 2862
f 2862 705 639
f 2865 1418 2864
f 2864 1418 705
f 2866 2867 2865
f 2865 2867 1418
f 1760 1348 1761
f 1761 1348 2867
f 1764 2868 1197
f 1197 2868 1198
f 2869 611 2868
f 2868 611 1198
f 2870 612 2869
f 2869 612 611
f 1352 1350 944
f 944 1350 688
f 1350 1256 688
f 688 1256 685
f 1256 1255 685
f 685 1255 692
f 1255 2871 692
f 692 2871 2872
f 701 2873 698
f 698 2873 2813
f 2872 1349 692
f 692 1349 693
f 1696 1744 1574
f 1574 1744 1575
f 1753 1618 1577
f 1577 1618 1578
f 1729 1594 1608
f 1608 1594 1609
f 1725 1630 1611
f 1611 1630 1612
f 1604 1607 1625
f 1625 1607 1626
f 1624 1703 1625
f 1625 1703 1912
f 1703 1702 1912
f 1912 1702 1913
f 1702 1753 1913
f 1913 1753 1577
f 1598 1569 1915
f 1915 1569 1578
f 1616 1615 1915
f 1915 1615 1916
f 1615 1696 1916
f 1916 1696 1574
f 1744 1745 1575
f 1575 1745 1917
f 1745 1565 1917
f 1917 1565 1609
f 1568 1725 1608
f 1608 1725 1611
f 2874 1613 1918
f 1918 1613 1612
f 1607 2874 1626
f 1626 2874 1918
f 1610 1613 1562
f 1562 1613 1563
f 1547 1550 1570
f 1570 1550 1571
f 1573 1576 1580
f 1580 1576 1581
f 1553 1556 1595
f 1595 1556 1596
f 1556 1582 1596
f 1596 1582 1581
f 1551 1547 1599
f 1599 1547 1570
f 1731 1914 1601
f 1601 1914 1602
f 1686 1689 1605
f 1605 1689 1606
f 1598 1743 1599
f 1599 1743 1692
f 2874 1607 1723
f 1723 1607 1606
f 1727 1553 1730
f 1730 1553 1595
f 1600 1686 1601
f 1601 1686 1605
f 1914 1572 1602
f 1602 1572 1571
f 1579 1693 1580
f 1580 1693 1692
f 1613 2874 1563
f 1563 2874 1723
f 1561 1727 1562
f 1562 1727 1730
f 1949 1742 1548
f 1548 1742 1549
f 1694 1949 1552
f 1552 1949 1548
f 1954 1589 1554
f 1554 1589 1555
f 1693 1579 1558
f 1558 1579 1559
f 1561 1564 1584
f 1584 1564 1585
f 1582 1556 1588
f 1588 1556 1555
f 1600 1603 1591
f 1591 1603 1592
f 1981 1977 1687
f 1687 1977 1688
f 1564 1722 1585
f 1585 1722 1690
f 1551 1693 1552
f 1552 1693 1558
f 1751 1954 1728
f 1728 1954 1554
f 1590 1981 1591
f 1591 1981 1687
f 1603 1550 1592
f 1592 1550 1549
f 1977 1691 1688
f 1688 1691 1690
f 1587 1560 1588
f 1588 1560 1559
f 1727 1561 1728
f 1728 1561 1584
f 2875 1919 1947
f 1947 1919 1948
f 1557 1560 1952
f 1952 1560 1953
f 1933 1932 1955
f 1955 1932 1956
f 1587 1589 1958
f 1958 1589 1956
f 1959 1933 1965
f 1965 1933 1955
f 1961 1964 1966
f 1966 1964 1967
f 1981 1590 1969
f 1969 1590 1967
f 1742 1949 1972
f 1972 1949 1948
f 1593 1742 1966
f 1966 1742 1972
f 1957 1950 1958
f 1958 1950 1953
f 1583 1586 1974
f 1974 1586 1975
f 1940 1943 1978
f 1978 1943 1979
f 1943 1976 1979
f 1979 1976 1975
f 1951 2875 1952
f 1952 2875 1947
f 1968 1940 1969
f 1969 1940 1978
f 1973 1959 1974
f 1974 1959 1965
f 1923 1971 1920
f 1920 1971 1921
f 1919 2875 1920
f 1920 2875 1924
f 2875 1951 1924
f 1924 1951 1926
f 1950 1957 1929
f 1929 1957 1930
f 2244 2243 1934
f 1934 2243 1935
f 1973 1976 1937
f 1937 1976 1938
f 1944 1980 1941
f 1941 1980 1942
f 1940 1968 1941
f 1941 1968 1945
f 2287 2244 1960
f 1960 2244 1934
f 1970 2245 1962
f 1962 2245 1963
f 2243 1931 1935
f 1935 1931 1930
f 1927 1926 1928
f 1928 1926 1929
f 1961 1922 1962
f 1962 1922 1921
f 2245 1946 1963
f 1963 1946 1945
f 1976 1943 1938
f 1938 1943 1942
f 1936 2287 1937
f 1937 2287 1960
f 743 1238 608
f 608 1238 609
f 607 1811 608
f 608 1811 744
f 1304 2876 1305
f 1305 2876 2877
f 586 585 1298
f 1298 585 1299
f 585 702 1299
f 1299 702 1300
f 702 1428 1300
f 1300 1428 1301
f 1238 586 609
f 609 586 1298
f 2878 2879 1218
f 1218 2879 2877
f 2880 2881 1812
f 1812 2881 1819
f 2883 1821 2882
f 2882 1821 1820
f 2840 2841 620
f 620 2841 621
f 2842 2843 795
f 795 2843 796
f 892 895 2844
f 2844 895 2845
f 2848 2840 942
f 942 2840 620
f 2849 927 1202
f 1202 927 1203
f 2852 2842 1270
f 1270 2842 795
f 2841 2852 621
f 621 2852 1270
f 941 1759 942
f 942 1759 2884
f 659 929 1427
f 1427 929 2847
f 1237 2851 751
f 751 2851 2850
f 1216 2885 1217
f 1217 2885 1754
f 2887 734 2886
f 2886 734 733
f 2889 1816 2888
f 2888 1816 1815
f 2890 1245 2889
f 2889 1245 1816
f 1824 2891 1825
f 1825 2891 1246
f 2892 2893 2895
f 2895 2893 2894
f 1854 1833 1851
f 1851 1833 1832
f 1851 1832 1884
f 1884 1832 1876
f 1884 1876 1441
f 1441 1876 1443
f 1441 1443 1442
f 1442 1443 1446
f 1442 1446 2896
f 2896 1446 1507
f 2897 2823 2898
f 2898 2823 1543
f 1542 2899 1543
f 1543 2899 2898
f 1542 1905 2899
f 2899 1905 2900
f 1905 1259 2900
f 2900 1259 2901
f 1262 1431 2902
f 2902 1431 1904
f 1431 1434 1904
f 1904 1434 1902
f 1902 1434 2903
f 2903 1434 719
f 2903 719 2904
f 2904 719 718
f 1869 1881 718
f 718 1881 2904
f 1881 1869 1880
f 1880 1869 756
f 1880 756 2905
f 2905 756 755
f 2905 755 2906
f 2906 755 758
f 762 2907 763
f 763 2907 2908
f 724 723 2909
f 2909 723 894
f 796 895 723
f 723 895 894
f 2843 2845 796
f 796 2845 895
f 2826 1496 2843
f 2843 1496 2845
f 2825 1497 2826
f 2826 1497 1496
f 1189 2836 2825
f 2825 2836 1497
f 797 891 798
f 798 891 2837
f 802 888 797
f 797 888 891
f 2910 2911 2913
f 2913 2911 2912
f 1780 1783 2915
f 2915 1783 2914
f 2916 2917 831
f 831 2917 832
f 2918 2919 845
f 845 2919 846
f 2920 2916 847
f 847 2916 831
f 2921 2922 857
f 857 2922 858
f 2923 2924 860
f 860 2924 861
f 2919 2912 846
f 846 2912 887
f 2925 2920 940
f 940 2920 847
f 2924 2926 861
f 861 2926 1204
f 2917 2918 832
f 832 2918 845
f 2927 2928 1449
f 1449 2928 1450
f 2929 2930 889
f 889 2930 2931
f 2896 1507 2897
f 2897 1507 2823
f 2902 2901 1262
f 1262 2901 1259
f 2932 2933 750
f 750 2933 1236
f 2933 2934 1236
f 1236 2934 1835
f 2936 2937 2935
f 2935 2937 2938
f 2940 2941 2939
f 2939 2941 2942
f 2943 2944 1841
f 1841 2944 1842
f 2945 1860 2944
f 2944 1860 1842
f 2945 2946 1860
f 1860 2946 1859
f 1889 2947 1890
f 1890 2947 1856
f 1856 2947 1857
f 1857 2947 2948
f 2950 709 2949
f 2949 709 1829
f 2952 730 2951
f 2951 730 729
f 2866 2953 2867
f 2867 2953 1761
f 2953 2954 1761
f 1761 2954 1420
f 2954 2955 1420
f 1420 2955 742
f 2955 2956 742
f 742 2956 739
f 2956 2957 739
f 739 2957 760
f 2957 2958 760
f 760 2958 761
f 2958 2959 761
f 761 2959 2960
f 2959 2961 2960
f 2960 2961 2962
f 2963 2964 1839
f 1839 2964 1840
f 2964 2965 1840
f 1840 2965 2942
f 2966 2950 2939
f 2939 2950 2949
f 2935 2967 2936
f 2936 2967 2968
f 2969 2970 736
f 736 2970 735
f 734 2887 1815
f 1815 2887 2888
f 2887 2882 2888
f 2888 2882 2881
f 1819 1820 1817
f 1817 1820 748
f 1195 1757 1197
f 1197 1757 1424
f 1757 647 1424
f 1424 647 646
f 647 648 646
f 646 648 643
f 648 1271 643
f 643 1271 737
f 1271 725 737
f 737 725 765
f 725 724 765
f 765 724 762
f 762 724 2907
f 2907 724 2909
f 1254 1437 2909
f 2909 1437 2907
f 1438 1253 1836
f 1836 1253 1835
f 1836 1835 2938
f 2938 1835 2934
f 2971 2972 2935
f 2935 2972 2967
f 897 896 2969
f 2969 896 2970
f 1815 1814 734
f 734 1814 731
f 728 1215 896
f 896 1215 732
f 2885 1216 733
f 733 1216 2886
f 1216 1219 2886
f 2886 1219 2883
f 2876 1304 1821
f 1821 1304 749
f 1304 1303 749
f 749 1303 746
f 1818 2973 1817
f 1817 2973 1810
f 747 2974 1818
f 1818 2974 2973
f 747 746 2974
f 2974 746 1303
f 2976 2977 2975
f 2975 2977 2978
f 2976 2979 2901
f 2901 2979 2900
f 2980 2981 2982
f 2982 2981 2979
f 2981 2980 2983
f 2983 2980 2984
f 2985 2897 2983
f 2983 2897 2898
f 2987 2988 2986
f 2986 2988 2985
f 2896 2988 1442
f 1442 2988 1439
f 1903 2977 1904
f 1904 2977 2902
f 1856 1855 1890
f 1890 1855 2989
f 2989 2990 1890
f 1890 2990 1359
f 2990 2991 1359
f 1359 2991 1356
f 2946 2992 1859
f 1859 2992 1893
f 2992 2993 1893
f 1893 2993 775
f 2993 2994 775
f 775 2994 776
f 2986 1356 2987
f 2987 1356 2991
f 2975 2978 776
f 776 2978 777
f 2982 2994 2980
f 2980 2994 2995
f 1357 2984 2995
f 2995 2984 2980
f 2995 2996 1357
f 1357 2996 1358
f 2996 2997 1358
f 1358 2997 1889
f 2998 2999 2932
f 2932 2999 2933
f 2999 2971 2933
f 2933 2971 2934
f 1837 1836 2937
f 2937 1836 2938
f 2943 1841 2941
f 2941 1841 1838
f 3001 2944 3000
f 3000 2944 2943
f 3001 3002 2944
f 2944 3002 2945
f 3002 3003 2945
f 2945 3003 2946
f 2997 3003 1889
f 1889 3003 2947
f 2947 3003 2948
f 2948 3003 3002
f 3001 3004 3002
f 3002 3004 2948
f 3000 3005 3001
f 3001 3005 3004
f 2940 3006 3000
f 3000 3006 3005
f 2999 3007 2971
f 2971 3007 2972
f 2998 2951 2999
f 2999 2951 3007
f 3008 2952 2998
f 2998 2952 2951
f 2966 2965 2936
f 2936 2965 2937
f 2935 2938 2971
f 2971 2938 2934
f 3003 2997 2946
f 2946 2997 2992
f 2997 2996 2992
f 2992 2996 2993
f 2996 2995 2993
f 2993 2995 2994
f 1356 2986 1357
f 1357 2986 2984
f 2982 2975 2994
f 2994 2975 776
f 1844 1843 1899
f 1899 1843 3009
f 1843 638 3009
f 3009 638 3010
f 638 637 3010
f 3010 637 3011
f 637 1830 3011
f 3011 1830 3012
f 1830 1833 3012
f 3012 1833 2894
f 1833 1854 2894
f 2894 1854 2895
f 1854 1853 2895
f 2895 1853 1888
f 1858 1857 1885
f 1885 1857 1892
f 1899 3009 1898
f 1898 3009 1874
f 3009 3010 1874
f 1874 3010 1865
f 3010 3011 1865
f 1865 3011 1862
f 3011 3012 1862
f 1862 3012 1882
f 3012 2894 1882
f 1882 2894 2893
f 1850 2890 782
f 782 2890 2889
f 783 2880 1811
f 1811 2880 1812
f 744 1810 745
f 745 1810 2973
f 745 2973 805
f 805 2973 806
f 2973 2974 806
f 806 2974 815
f 1303 812 2974
f 2974 812 815
f 1303 1302 812
f 812 1302 1221
f 1307 3013 1302
f 1302 3013 1221
f 1734 3014 1633
f 1633 3014 1634
f 1646 1649 1636
f 1636 1649 1637
f 1654 1657 1641
f 1641 1657 1642
f 1639 1736 1636
f 1636 1736 1684
f 1716 1713 1698
f 1698 1713 1699
f 1718 1721 1705
f 1705 1721 1706
f 1653 1654 1709
f 1709 1654 1641
f 1620 1623 1714
f 1714 1623 1699
f 1712 1682 1714
f 1714 1682 1740
f 1668 1671 1746
f 1746 1671 1747
f 1752 1650 1749
f 1749 1650 1750
f 1750 1650 1709
f 1709 1650 1653
f 1632 1668 1633
f 1633 1668 1746
f 1649 1752 1637
f 1637 1752 1749
f 1682 1643 1740
f 1740 1643 1642
f 3014 1685 1634
f 1634 1685 1684
f 1704 1748 1705
f 1705 1748 1747
f 1697 1707 1698
f 1698 1707 1706
f 1739 1701 1621
f 1621 1701 1622
f 1567 1566 1647
f 1647 1566 1648
f 1664 1695 1651
f 1651 1695 1652
f 1614 1617 1655
f 1655 1617 1656
f 1704 1707 1659
f 1659 1707 1660
f 3014 1734 1662
f 1662 1734 1663
f 1650 1752 1651
f 1651 1752 1665
f 1741 1657 1667
f 1667 1657 1656
f 1695 1614 1652
f 1652 1614 1655
f 1724 1567 1726
f 1726 1567 1647
f 1645 1628 1733
f 1733 1628 1663
f 1685 3014 1726
f 1726 3014 1662
f 1620 1741 1621
f 1621 1741 1667
f 1566 1666 1648
f 1648 1666 1665
f 1658 1737 1659
f 1659 1737 1901
f 1911 1661 1910
f 1910 1661 1660
f 1701 1911 1622
f 1622 1911 1910
f 1732 1748 1733
f 1733 1748 1901
f 1857 2948 1892
f 1892 2948 3004
f 1892 3004 1891
f 1891 3004 3005
f 1828 3006 1829
f 1829 3006 2949
f 2967 736 2968
f 2968 736 710
f 2972 2969 2967
f 2967 2969 736
f 2969 2972 897
f 897 2972 3007
f 897 3007 729
f 729 3007 2951
f 3016 753 3015
f 3015 753 752
f 3018 767 3017
f 3017 767 766
f 3019 3020 1249
f 1249 3020 3021
f 2915 2914 3019
f 3019 2914 3020
f 3023 2914 3022
f 3022 2914 1783
f 2827 2839 769
f 769 2839 766
f 3025 2838 3024
f 3024 2838 3021
f 768 767 2850
f 2850 767 3026
f 2850 3026 751
f 751 3026 752
f 750 753 2932
f 2932 753 3027
f 3008 2998 3027
f 3027 2998 2932
f 3028 3029 3008
f 3008 3029 2952
f 3029 3030 2952
f 2952 3030 730
f 3032 3033 3031
f 3031 3033 3034
f 3036 3037 3035
f 3035 3037 3038
f 2870 3039 612
f 612 3039 3040
f 3041 3042 3031
f 3031 3042 3038
f 3034 1352 3043
f 3043 1352 944
f 612 3040 613
f 613 3040 3044
f 613 3044 1425
f 1425 3044 1422
f 3045 3042 669
f 669 3042 670
f 3041 3043 599
f 599 3043 600
f 772 771 1544
f 1544 771 781
f 1503 771 1866
f 1866 771 770
f 771 1503 781
f 781 1503 778
f 61 281 416
f 416 281 1907
f 283 103 3046
f 3046 103 3047
f 76 79 3048
f 3048 79 3049
f 280 76 1906
f 1906 76 3048
f 3051 335 3050
f 3050 335 334
f 3053 417 3052
f 3052 417 416
f 3055 435 3054
f 3054 435 434
f 428 435 419
f 419 435 1908
f 420 1909 293
f 293 1909 443
f 79 294 3049
f 3049 294 444
f 3057 444 3056
f 3056 444 443
f 3051 3058 335
f 335 3058 452
f 216 215 1332
f 1332 215 452
f 308 283 462
f 462 283 3046
f 3050 334 3059
f 3059 334 462
f 103 62 3047
f 3047 62 417
f 313 312 434
f 434 312 463
f 3061 574 3060
f 3060 574 573
f 1310 3062 1428
f 1428 3062 3063
f 1258 3064 1255
f 1255 3064 2871
f 932 3065 2853
f 2853 3065 3066
f 699 2814 931
f 931 2814 3067
f 3068 1301 3063
f 3063 1301 1428
f 571 574 1310
f 1310 574 3062
f 3060 573 3069
f 3069 573 1332
f 3070 3071 1906
f 1906 3071 1907
f 3072 3073 1908
f 1908 3073 1909
f 3075 2814 3074
f 3074 2814 2813
f 2854 3076 1258
f 1258 3076 3064
f 2871 3077 2872
f 2872 3077 3078
f 3074 2813 3079
f 3079 2813 2873
f 2872 3078 1349
f 1349 3078 3080
f 2873 701 3068
f 3068 701 1301
f 1330 1201 3080
f 3080 1201 1349
f 1264 1263 3081
f 3081 1263 3082
f 3083 3084 3082
f 3082 3084 3081
f 811 1448 3086
f 3086 1448 3085
f 808 811 3087
f 3087 811 3086
f 3088 3083 833
f 833 3083 3082
f 884 3089 885
f 885 3089 3090
f 3087 1790 808
f 808 1790 816
f 1790 3087 1787
f 1787 3087 3091
f 3092 3091 3086
f 3086 3091 3087
f 3093 3094 3084
f 3084 3094 3095
f 3089 3096 3090
f 3090 3096 3088
f 3097 3093 3083
f 3083 3093 3084
f 3099 3100 3098
f 3098 3100 1786
f 3101 1788 2913
f 2913 1788 3102
f 838 837 885
f 885 837 886
f 886 837 3103
f 3103 837 1541
f 3094 3093 3104
f 3104 3093 3097
f 3105 3106 3089
f 3089 3106 3096
f 3108 3109 3107
f 3107 3109 3110
f 3111 3112 3091
f 3091 3112 1787
f 3114 3108 3113
f 3113 3108 3107
f 3114 3115 3112
f 3112 3115 3102
f 3091 3092 3111
f 3111 3092 3116
f 839 838 835
f 835 838 836
f 885 3090 838
f 838 3090 836
f 3110 3117 1247
f 1247 3117 3118
f 1247 3118 1248
f 1248 3118 3119
f 3120 3121 3119
f 3119 3121 1248
f 1247 844 3110
f 3110 844 3107
f 844 843 3107
f 3107 843 3113
f 843 3099 3113
f 3113 3099 3122
f 1781 3123 3098
f 3098 3123 3124
f 2915 2931 1780
f 1780 2931 2930
f 3019 3125 2915
f 2915 3125 2931
f 890 3125 2834
f 2834 3125 1252
f 3125 3019 1252
f 1252 3019 1249
f 907 908 946
f 946 908 947
f 1185 1188 1369
f 1369 1188 948
f 954 957 951
f 951 957 952
f 910 965 953
f 953 965 950
f 905 958 960
f 960 958 961
f 3126 978 949
f 949 978 962
f 936 935 967
f 967 935 968
f 994 993 969
f 969 993 966
f 902 904 971
f 971 904 972
f 983 985 973
f 973 985 970
f 906 905 974
f 974 905 960
f 977 981 959
f 959 981 975
f 911 910 1143
f 1143 910 953
f 952 957 1142
f 1142 957 1145
f 911 1143 1366
f 1366 1143 1368
f 1185 1369 1145
f 1145 1369 1142
f 993 1519 966
f 966 1519 1456
f 965 1454 950
f 950 1454 1457
f 900 899 1459
f 1459 899 1460
f 988 991 1461
f 1461 991 1458
f 899 963 1460
f 1460 963 1462
f 985 987 970
f 970 987 1463
f 904 906 972
f 972 906 974
f 981 983 975
f 975 983 973
f 935 900 968
f 968 900 1459
f 991 994 1458
f 1458 994 969
f 1154 1526 1088
f 1088 1526 1089
f 1109 1112 1092
f 1092 1112 1093
f 1083 1098 1084
f 1084 1098 1097
f 1078 1471 1100
f 1100 1471 1101
f 1075 1078 1104
f 1104 1078 1100
f 1152 1154 1156
f 1156 1154 1088
f 1156 1155 1372
f 1372 1155 1373
f 1372 1373 1104
f 1104 1373 1075
f 1467 1109 1465
f 1465 1109 1092
f 1465 1182 1468
f 1468 1182 1184
f 1474 1470 1096
f 1096 1470 1097
f 1102 1101 1083
f 1083 1101 1098
f 1112 1531 1093
f 1093 1531 1529
f 1102 1073 1099
f 1099 1073 1072
f 1526 1154 1079
f 1079 1154 1080
f 1081 1091 1082
f 1082 1091 1094
f 1069 1068 1085
f 1085 1068 1086
f 1153 1151 1080
f 1080 1151 1058
f 1371 1177 1179
f 1179 1177 1176
f 1099 1072 1103
f 1103 1072 1176
f 1068 1071 1086
f 1086 1071 1073
f 1085 1084 1180
f 1180 1084 1469
f 1066 1065 1183
f 1183 1065 1181
f 1153 1152 1177
f 1177 1152 1178
f 1091 1081 1182
f 1182 1081 1183
f 1057 1525 1079
f 1079 1525 1527
f 1120 1117 1076
f 1076 1117 1077
f 1087 1090 1107
f 1107 1090 1108
f 1127 1126 1110
f 1110 1126 1111
f 1095 1116 1096
f 1096 1116 1115
f 1471 1078 1119
f 1119 1078 1077
f 1087 1107 1155
f 1155 1107 1158
f 1376 1374 1157
f 1157 1374 1158
f 1076 1075 1374
f 1374 1075 1373
f 1109 1467 1110
f 1110 1467 1472
f 1467 1466 1472
f 1472 1466 1473
f 1135 1475 1114
f 1114 1475 1115
f 1471 1119 1095
f 1095 1119 1116
f 1126 1532 1111
f 1111 1532 1530
f 914 1276 1480
f 1480 1276 1517
f 3127 3128 1223
f 1223 3128 1224
f 824 933 1455
f 1455 933 3129
f 3131 1448 3130
f 3130 1448 1447
f 3132 3133 1452
f 1452 3133 1453
f 3130 1447 1322
f 1322 1447 1455
f 933 1514 3129
f 3129 1514 3134
f 1161 3135 1480
f 1480 3135 1481
f 3128 3136 1224
f 1224 3136 1499
f 3133 1162 1453
f 1453 1162 1517
f 1515 3127 1535
f 1535 3127 1223
f 3095 3085 3131
f 3131 3085 1448
f 3137 3092 3085
f 3085 3092 3086
f 3138 3116 3137
f 3137 3116 3092
f 3110 3109 3117
f 3117 3109 3139
f 3105 3140 3117
f 3117 3140 3118
f 3140 3141 3118
f 3118 3141 3119
f 3142 3120 3141
f 3141 3120 3119
f 1498 3143 1277
f 1277 3143 882
f 3144 3145 1340
f 1340 3145 1339
f 1340 3146 3144
f 3144 3146 3147
f 3145 3144 3143
f 3143 3144 3148
f 871 901 872
f 872 901 1362
f 3149 3148 3147
f 3147 3148 3144
f 1208 3150 1209
f 3098 1786 1781
f 1781 1786 1782
f 2930 2929 3123
f 3123 2929 2911
f 1794 1791 2916
f 2916 1791 2917
f 1793 3101 2918
f 2918 3101 2919
f 1796 1794 2920
f 2920 1794 2916
f 3151 3152 2921
f 2921 3152 2922
f 3153 3154 2923
f 2923 3154 2924
f 2919 3101 2912
f 2912 3101 2913
f 3155 1796 2925
f 2925 1796 2920
f 3154 3156 2924
f 2924 3156 2926
f 1791 1793 2917
f 2917 1793 2918
f 3157 3158 2927
f 2927 3158 2928
f 1780 2930 1781
f 1781 2930 3123
f 2825 1267 1189
f 1189 1267 1190
f 2827 2828 1250
f 1250 2828 1251
f 1489 2830 1324
f 1324 2830 1325
f 923 1328 1334
f 1334 1328 1335
f 1485 2832 1482
f 1482 2832 1483
f 1266 1490 1492
f 1492 1490 1493
f 1333 1346 1334
f 1334 1346 2824
f 722 799 1492
f 1492 799 1190
f 664 657 1482
f 1482 657 2833
f 631 634 1324
f 1324 634 1493
f 2828 1494 1251
f 1251 1494 2835
f 1249 3021 1250
f 1250 3021 2838
f 798 2837 1189
f 1189 2837 2836
f 3100 842 3160
f 3160 842 3159
f 1788 3101 1789
f 1789 3101 1793
f 1792 816 1789
f 1789 816 1790
f 817 816 1795
f 1795 816 1792
f 938 817 1797
f 1797 817 1795
f 1796 3155 1797
f 1797 3155 1798
f 3155 3158 1798
f 1798 3158 1799
f 3157 3152 1801
f 1801 3152 1802
f 3151 3156 1803
f 1803 3156 1804
f 3154 3153 1805
f 1805 3153 1806
f 3153 3161 1806
f 1806 3161 1807
f 3099 843 3100
f 3100 843 842
f 1788 1787 3102
f 3102 1787 3112
f 2910 3115 3124
f 3124 3115 3122
f 3099 3098 3122
f 3122 3098 3124
f 416 1907 3052
f 3052 1907 3071
f 3046 3047 3163
f 3163 3047 3162
f 249 445 259
f 259 445 3164
f 425 3165 424
f 424 3165 461
f 408 410 329
f 329 410 330
f 39 331 40
f 40 331 332
f 305 304 423
f 423 304 464
f 385 254 458
f 458 254 392
f 250 415 251
f 251 415 412
f 233 337 234
f 234 337 3166
f 435 3055 1908
f 1908 3055 3072
f 443 1909 3056
f 3056 1909 3073
f 3167 3049 3057
f 3057 3049 444
f 452 3058 1332
f 1332 3058 3069
f 234 3166 346
f 346 3166 411
f 3046 3163 462
f 462 3163 3059
f 259 3164 260
f 260 3164 336
f 3047 417 3162
f 3162 417 3053
f 463 3168 434
f 434 3168 3054
f 454 830 425
f 425 830 3165
f 3062 3169 3063
f 3063 3169 3170
f 1355 1354 1534
f 1534 1354 3171
f 3063 3170 3068
f 3068 3170 3172
f 574 3061 3062
f 3062 3061 3169
f 1534 3171 1535
f 1535 3171 3173
f 3079 2873 3172
f 3172 2873 3068
f 2838 3025 2839
f 2839 3025 3174
f 3176 3177 3175
f 3175 3177 3178
f 3180 1125 3179
f 3179 1125 1128
f 3182 3183 3181
f 3181 3183 3184
f 1134 3185 1130
f 1130 3185 3182
f 3186 3187 3189
f 3189 3187 3188
f 3191 3189 3190
f 3190 3189 3188
f 1137 1122 3190
f 3190 1122 3192
f 3175 3178 3193
f 3193 3178 3194
f 3181 3184 3179
f 3179 3184 3195
f 3197 3198 3196
f 3196 3198 3180
f 3200 3178 3199
f 3199 3178 3177
f 3202 3196 3201
f 3201 3196 3195
f 3204 3184 3203
f 3203 3184 3183
f 3206 3207 3205
f 3205 3207 3186
f 3205 3186 3208
f 3208 3186 3189
f 3209 3208 3191
f 3191 3208 3189
f 3210 3194 3200
f 3200 3194 3178
f 3201 3195 3204
f 3204 3195 3184
f 3197 3211 3177
f 3177 3211 3199
f 3213 3214 3212
f 3212 3214 3215
f 3217 3218 3216
f 3216 3218 3219
f 3221 3222 3220
f 3220 3222 3223
f 3225 3226 3224
f 3224 3226 3227
f 3229 3230 3228
f 3228 3230 3231
f 3233 3234 3232
f 3232 3234 3235
f 3237 3238 3236
f 3236 3238 3239
f 3238 3240 3239
f 3239 3240 3241
f 3232 3235 3242
f 3242 3235 3243
f 3245 3246 3244
f 3244 3246 3247
f 3248 3249 3245
f 3245 3249 3246
f 3251 3252 3250
f 3250 3252 3253
f 3255 3252 3254
f 3254 3252 3251
f 3256 3257 3259
f 3259 3257 3258
f 3261 3262 3260
f 3260 3262 3263
f 3265 3263 3264
f 3264 3263 3262
f 3256 3259 3266
f 3266 3259 3267
f 3269 3270 3268
f 3268 3270 3271
f 3269 3272 3270
f 3270 3272 3273
f 3274 3275 3277
f 3277 3275 3276
f 3278 3279 3276
f 3276 3279 3277
f 3281 3282 3280
f 3280 3282 3283
f 3280 3284 3281
f 3281 3284 3285
f 3287 3288 3286
f 3286 3288 3289
f 3290 3291 3288
f 3288 3291 3289
f 3234 3218 3235
f 3235 3218 3217
f 3232 3292 3233
f 3233 3292 3293
f 3239 3294 3236
f 3236 3294 3219
f 3233 3293 3237
f 3237 3293 3295
f 3296 3294 3241
f 3241 3294 3239
f 3240 3238 3297
f 3297 3238 3298
f 3217 3216 3235
f 3235 3216 3243
f 3297 3299 3240
f 3240 3299 3242
f 3246 3300 3247
f 3247 3300 3223
f 3301 3302 3254
f 3254 3302 3244
f 3249 3303 3246
f 3246 3303 3300
f 3245 3304 3248
f 3248 3304 3292
f 3252 3221 3253
f 3253 3221 3220
f 3250 3248 3299
f 3299 3248 3292
f 3222 3221 3255
f 3255 3221 3252
f 3297 3301 3251
f 3251 3301 3254
f 3258 3214 3259
f 3259 3214 3213
f 3257 3256 3304
f 3304 3256 3305
f 3263 3306 3260
f 3260 3306 3215
f 3261 3257 3302
f 3302 3257 3304
f 3307 3306 3265
f 3265 3306 3263
f 3262 3301 3264
f 3264 3301 3308
f 3259 3213 3267
f 3267 3213 3212
f 3308 3309 3264
f 3264 3309 3266
f 3270 3310 3271
f 3271 3310 3231
f 3311 3312 3278
f 3278 3312 3268
f 3270 3273 3310
f 3310 3273 3313
f 3272 3269 3305
f 3305 3269 3314
f 3277 3229 3274
f 3274 3229 3228
f 3275 3272 3309
f 3309 3272 3305
f 3279 3230 3277
f 3277 3230 3229
f 3276 3308 3278
f 3278 3308 3311
f 3281 3315 3282
f 3282 3315 3227
f 3290 3316 3283
f 3283 3316 3317
f 3281 3285 3315
f 3315 3285 3318
f 3284 3280 3314
f 3314 3280 3319
f 3289 3225 3286
f 3286 3225 3224
f 3287 3284 3312
f 3284 3314 3312
f 3291 3226 3289
f 3289 3226 3225
f 3288 3311 3290
f 3290 3311 3316
f 3212 3215 3307
f 3307 3215 3306
f 3294 3296 3219
f 3219 3296 3216
f 3303 3220 3300
f 3300 3220 3223
f 3224 3227 3318
f 3318 3227 3315
f 3228 3231 3313
f 3313 3231 3310
f 3234 3233 3236
f 3236 3233 3237
f 3243 3241 3242
f 3242 3241 3240
f 3247 3255 3244
f 3244 3255 3254
f 3253 3249 3250
f 3250 3249 3248
f 3260 3258 3261
f 3261 3258 3257
f 3266 3267 3264
f 3264 3267 3265
f 3268 3271 3278
f 3278 3271 3279
f 3274 3273 3275
f 3275 3273 3272
f 3283 3282 3290
f 3290 3282 3291
f 3286 3285 3287
f 3287 3285 3284
f 3218 3234 3219
f 3219 3234 3236
f 3295 3298 3237
f 3237 3298 3238
f 3216 3296 3243
f 3243 3296 3241
f 3242 3299 3232
f 3232 3299 3292
f 3223 3222 3247
f 3247 3222 3255
f 3244 3302 3245
f 3245 3302 3304
f 3303 3249 3220
f 3220 3249 3253
f 3297 3251 3299
f 3299 3251 3250
f 3215 3214 3260
f 3260 3214 3258
f 3301 3262 3302
f 3302 3262 3261
f 3212 3307 3267
f 3267 3307 3265
f 3266 3309 3256
f 3256 3309 3305
f 3271 3231 3279
f 3279 3231 3230
f 3268 3312 3269
f 3269 3312 3314
f 3228 3313 3274
f 3274 3313 3273
f 3308 3276 3309
f 3309 3276 3275
f 3282 3227 3291
f 3291 3227 3226
f 3317 3319 3283
f 3283 3319 3280
f 3224 3318 3286
f 3286 3318 3285
f 3312 3311 3287
f 3311 3288 3287
f 3320 3321 3194
f 3194 3321 3193
f 1375 3321 1121
f 1121 3321 3322
f 3323 3324 3322
f 3322 3324 3192
f 3175 1124 3176
f 3176 1124 1123
f 3179 3195 3180
f 3180 3195 3196
f 3181 1131 3182
f 3182 1131 1130
f 3207 3185 3186
f 3186 3185 3187
f 1136 3188 1133
f 1133 3188 3187
f 3190 3188 1137
f 1137 3188 1136
f 3193 1159 3175
f 3175 1159 1124
f 3179 1128 3181
f 3181 1128 1131
f 1533 3198 1123
f 1123 3198 3176
f 3321 1375 3193
f 3193 1375 1159
f 3321 3320 3322
f 3322 3320 3323
f 1122 1121 3192
f 3192 1121 3322
f 3194 3210 3320
f 3320 3210 3325
f 3324 3323 3327
f 3327 3323 3326
f 3320 3325 3323
f 3323 3325 3326
f 3208 3328 3205
f 3205 3328 3329
f 3330 3206 3329
f 3329 3206 3205
f 3203 3331 3204
f 3204 3331 3332
f 3210 3333 3325
f 3325 3333 3334
f 3325 3334 3326
f 3326 3334 3335
f 3327 3326 3336
f 3336 3326 3335
f 3327 3209 3324
f 3324 3209 3191
f 3190 3192 3191
f 3191 3192 3324
f 3338 3339 3337
f 3337 3339 3340
f 3338 3341 3339
f 3339 3341 3342
f 3341 3343 3342
f 3342 3343 3344
f 3343 3345 3344
f 3344 3345 3346
f 3345 3347 3346
f 3346 3347 3348
f 3347 3349 3348
f 3348 3349 3350
f 3337 3340 3351
f 3351 3340 3352
f 3351 3352 3353
f 3353 3352 3354
f 3353 3354 3355
f 3355 3354 3356
f 3350 3349 3357
f 3357 3349 3358
f 3355 3356 3359
f 3359 3356 3360
f 3359 3360 3361
f 3361 3360 3362
f 3361 3362 3363
f 3363 3362 3364
f 3363 3364 3358
f 3358 3364 3357
f 3339 3342 3365
f 3365 3342 3366
f 3342 3344 3366
f 3366 3344 3367
f 3344 3346 3367
f 3367 3346 3368
f 3346 3348 3368
f 3368 3348 3369
f 3348 3350 3369
f 3369 3350 3370
f 3368 3369 3371
f 3371 3369 3372
f 3369 3370 3372
f 3372 3370 3373
f 3373 3374 3372
f 3372 3374 3375
f 3377 3378 3376
f 3376 3378 3379
f 3377 3375 3378
f 3378 3375 3374
f 3375 3380 3372
f 3372 3380 3371
f 3377 3381 3375
f 3375 3381 3380
f 3376 3382 3377
f 3377 3382 3381
f 3384 3385 3383
f 3383 3385 3386
f 3384 3383 3388
f 3388 3383 3387
f 3388 3387 3389
f 3389 3387 3390
f 3392 3385 3391
f 3391 3385 3384
f 3388 3393 3384
f 3384 3393 3391
f 3389 3394 3388
f 3388 3394 3393
f 3389 3395 3394
f 3394 3395 3396
f 3395 3389 3397
f 3397 3389 3390
f 3339 3365 3340
f 3340 3365 3398
f 3340 3398 3352
f 3352 3398 3399
f 3371 3400 3368
f 3368 3400 3367
f 3400 3401 3367
f 3367 3401 3366
f 3366 3401 3365
f 3365 3401 3402
f 3398 3365 3403
f 3403 3365 3402
f 3398 3403 3399
f 3399 3403 3404
f 3403 3405 3404
f 3404 3405 3406
f 3352 3399 3354
f 3354 3399 3407
f 3399 3404 3407
f 3407 3404 3408
f 3404 3406 3408
f 3408 3406 3409
f 3405 3410 3406
f 3406 3410 3411
f 3410 3412 3411
f 3411 3412 3413
f 3397 3414 3395
f 3395 3414 3415
f 3417 3415 3416
f 3416 3415 3412
f 3410 3418 3412
f 3412 3418 3416
f 3410 3405 3418
f 3418 3405 3419
f 3405 3403 3419
f 3419 3403 3402
f 3370 3350 3420
f 3420 3350 3357
f 3373 3370 3421
f 3421 3370 3420
f 3374 3373 3422
f 3422 3373 3421
f 3378 3374 3423
f 3423 3374 3422
f 3378 3423 3379
f 3379 3423 3424
f 3424 3425 3379
f 3379 3425 3386
f 3383 3426 3387
f 3387 3426 3427
f 3387 3427 3390
f 3390 3427 3428
f 3390 3428 3397
f 3397 3428 3429
f 3429 3430 3397
f 3397 3430 3414
f 3411 3413 3431
f 3431 3413 3432
f 3406 3411 3409
f 3409 3411 3431
f 3401 3400 3335
f 3335 3400 3336
f 3401 3335 3402
f 3402 3335 3334
f 3402 3334 3419
f 3419 3334 3333
f 3419 3333 3418
f 3418 3333 3433
f 3418 3433 3416
f 3416 3433 3434
f 3435 3417 3434
f 3434 3417 3416
f 3394 3396 3436
f 3436 3396 3437
f 3393 3394 3332
f 3332 3394 3436
f 3393 3332 3391
f 3391 3332 3331
f 3330 3392 3331
f 3331 3392 3391
f 3382 3329 3381
f 3381 3329 3328
f 3354 3407 3356
f 3356 3407 3438
f 3356 3438 3360
f 3360 3438 3439
f 3360 3439 3362
f 3362 3439 3440
f 3362 3440 3364
f 3364 3440 3441
f 3364 3441 3357
f 3357 3441 3420
f 3421 3420 3442
f 3442 3420 3441
f 3442 3441 3443
f 3443 3441 3440
f 3443 3440 3444
f 3444 3440 3439
f 3444 3439 3445
f 3445 3439 3438
f 3445 3438 3408
f 3408 3438 3407
f 3422 3421 3446
f 3446 3421 3442
f 3446 3442 3447
f 3447 3442 3443
f 3447 3443 3448
f 3448 3443 3444
f 3448 3444 3449
f 3449 3444 3445
f 3449 3445 3409
f 3409 3445 3408
f 3409 3431 3449
f 3449 3431 3450
f 3449 3450 3448
f 3448 3450 3451
f 3451 3452 3448
f 3448 3452 3447
f 3447 3452 3446
f 3446 3452 3453
f 3446 3453 3422
f 3422 3453 3423
f 3424 3423 3454
f 3454 3423 3453
f 3452 3455 3453
f 3453 3455 3454
f 3452 3451 3455
f 3455 3451 3456
f 3450 3457 3451
f 3451 3457 3456
f 3431 3432 3450
f 3450 3432 3457
f 3454 3458 3424
f 3424 3458 3425
f 3427 3426 3459
f 3459 3426 3460
f 3428 3427 3461
f 3461 3427 3459
f 3428 3461 3429
f 3429 3461 3462
f 3462 3463 3429
f 3429 3463 3430
f 3464 3465 3462
f 3462 3465 3463
f 3455 3466 3454
f 3454 3466 3458
f 3465 3464 3466
f 3466 3464 3467
f 3461 3459 3468
f 3468 3459 3469
f 3468 3469 3464
f 3464 3469 3467
f 3464 3462 3468
f 3468 3462 3461
f 3459 3460 3469
f 3469 3460 3467
f 3295 3351 3298
f 3298 3351 3353
f 3353 3355 3298
f 3298 3355 3297
f 3297 3355 3301
f 3301 3355 3359
f 3301 3359 3308
f 3308 3359 3361
f 3308 3361 3311
f 3311 3361 3363
f 3311 3363 3316
f 3316 3363 3358
f 3316 3358 3317
f 3317 3358 3349
f 3349 3347 3317
f 3317 3347 3319
f 3347 3345 3319
f 3319 3345 3314
f 3345 3343 3314
f 3314 3343 3305
f 3343 3341 3305
f 3305 3341 3304
f 3304 3341 3292
f 3292 3341 3338
f 3292 3338 3293
f 3293 3338 3337
f 3293 3337 3295
f 3295 3337 3351
f 3437 3202 3436
f 3436 3202 3201
f 3436 3201 3332
f 3332 3201 3204
f 3433 3200 3434
f 3434 3200 3199
f 3211 3435 3199
f 3199 3435 3434
f 3333 3210 3433
f 3433 3210 3200
f 3380 3470 3371
f 3400 3371 3336
f 3336 3371 3470
f 3381 3328 3380
f 3380 3328 3470
f 3470 3328 3209
f 3209 3328 3208
f 3336 3470 3327
f 3327 3470 3209
f 1545 1763 1546
f 1546 1763 1762
f 1403 1546 773
f 773 1546 770
f 1221 3013 1220
f 1220 3013 3471
f 1305 2877 1306
f 1306 2877 2879
f 1220 3471 828
f 828 3471 829
f 1217 1754 3472
f 3472 1754 1756
f 1049 3473 1048
f 1048 3473 3474
f 1371 1179 3473
f 3473 1179 3474
f 1074 3475 1179
f 1179 3475 3474
f 3474 3475 1048
f 1048 3475 1056
f 919 666 1345
f 1345 666 665
f 856 680 919
f 919 680 666
f 679 680 1449
f 1449 680 858
f 1367 878 1500
f 1500 878 877
f 1366 908 1367
f 1367 908 878
f 1512 916 1513
f 1513 916 915
f 947 1368 948
f 948 1368 1369
f 1047 1021 1044
f 1044 1021 1020
f 1370 1049 1019
f 1019 1049 1020
f 1173 1030 1174
f 1174 1030 1033
f 3126 1188 1464
f 1464 1188 1187
f 1800 1451 1512
f 1512 1451 916
f 1175 1174 1186
f 1186 1174 1187
f 1030 1173 1047
f 1047 1173 1021
f 1513 915 3476
f 3476 915 1481
f 1345 665 3477
f 3477 665 1483
f 1502 1501 876
f 876 1501 877
f 1205 1451 1803
f 1803 1451 1802
f 3479 2832 3478
f 3478 2832 2831
f 1449 858 2927
f 2927 858 2922
f 908 1366 947
f 947 1366 1368
f 949 948 3126
f 3126 948 1188
f 3480 3135 1502
f 1502 3135 1501
f 2927 2922 3157
f 3157 2922 3152
f 3477 1483 3479
f 3479 1483 2832
f 1803 1802 3151
f 3151 1802 3152
f 663 658 664
f 664 658 657
f 655 658 939
f 939 658 706
f 1512 870 1800
f 1800 870 869
f 875 874 876
f 876 874 873
f 849 874 905
f 905 874 958
f 949 962 946
f 946 962 961
f 978 3126 979
f 979 3126 1464
f 1031 1168 1032
f 1032 1168 1022
f 1045 1013 1046
f 1046 1013 1012
f 1045 1044 1056
f 1056 1044 1048
f 1047 1046 1030
f 1030 1046 1031
f 939 706 940
f 940 706 1450
f 979 1464 1032
f 1032 1464 1033
f 3480 1478 3476
f 3476 1478 3134
f 2829 1487 2830
f 2830 1487 1486
f 848 1230 873
f 873 1230 1479
f 867 870 933
f 933 870 1514
f 1800 869 1801
f 1801 869 1799
f 2830 1486 1325
f 1325 1486 2833
f 940 1450 2925
f 2925 1450 2928
f 946 961 907
f 907 961 958
f 959 962 977
f 977 962 978
f 3476 3134 1513
f 1513 3134 1514
f 2925 2928 3155
f 3155 2928 3158
f 1325 2833 656
f 656 2833 657
f 1801 1799 3157
f 3157 1799 3158
f 1074 1055 3475
f 3475 1055 1056
f 1371 3473 1370
f 1370 3473 1049
f 2884 615 3481
f 3481 615 618
f 3478 2831 2846
f 2846 2831 617
f 2831 1484 617
f 617 1484 618
f 1484 1487 618
f 618 1487 3481
f 2848 3481 2829
f 2829 3481 1487
f 1480 1517 1161
f 1161 1517 1162
f 3129 1323 1455
f 1455 1323 1322
f 3129 3134 1323
f 1323 3134 1478
f 1535 3173 1515
f 1515 3173 1516
f 3085 3095 3137
f 3137 3095 3094
f 3137 3094 3138
f 3138 3094 3104
f 3117 3139 3105
f 3105 3139 3106
f 1138 1141 3127
f 3127 1141 3128
f 3081 3131 1264
f 1264 3131 3130
f 1227 1226 3132
f 3132 1226 3133
f 1264 3130 1229
f 1229 3130 1322
f 1160 1501 1161
f 1161 1501 3135
f 1141 1476 3128
f 3128 1476 3136
f 1226 1163 3133
f 3133 1163 1162
f 1363 1138 1515
f 1515 1138 3127
f 3084 3095 3081
f 3081 3095 3131
f 3089 884 3105
f 3105 884 3140
f 884 883 3140
f 3140 883 3141
f 883 3482 3141
f 3141 3482 3142
f 3476 1481 3480
f 3480 1481 3135
f 1502 1479 3480
f 3480 1479 1478
f 3168 463 440
f 714 1880 715
f 715 1880 2905
f 896 732 2970
f 2970 732 731
f 1263 834 3082
f 3082 834 833
f 898 1231 853
f 853 1231 854
f 3125 890 2931
f 2931 890 889
f 1237 893 2851
f 2851 893 892
f 898 853 899
f 899 853 963
f 988 987 989
f 989 987 986
f 1002 1007 1003
f 1003 1007 1006
f 1038 1036 1007
f 1007 1036 1004
f 1070 1052 1005
f 1005 1052 1006
f 1069 1067 1070
f 1070 1067 1052
f 1130 1129 1134
f 1134 1129 1135
f 879 1167 880
f 880 1167 1166
f 1171 1169 1037
f 1037 1169 1038
f 1085 1180 1069
f 1069 1180 1067
f 1209 1210 879
f 879 1210 1167
f 2885 1215 1754
f 1754 1215 1214
f 1263 855 834
f 834 855 854
f 708 1244 1826
f 1826 1244 1243
f 2909 894 1254
f 1254 894 893
f 1228 1361 964
f 964 1361 1360
f 2908 2907 1436
f 1436 2907 1437
f 2990 1440 2991
f 2991 1440 1439
f 964 1360 965
f 965 1360 1454
f 950 1457 951
f 951 1457 1456
f 970 1463 971
f 971 1463 1462
f 1025 1169 984
f 984 1169 986
f 1084 1097 1469
f 1469 1097 1470
f 1096 1115 1474
f 1474 1115 1475
f 1140 1361 1141
f 1141 1361 1476
f 1212 1495 2828
f 2828 1495 1494
f 880 1166 1452
f 1452 1166 1499
f 715 2905 1504
f 1504 2905 2906
f 954 1519 955
f 955 1519 1518
f 1026 1520 992
f 992 1520 1518
f 1029 1520 1043
f 1043 1520 1521
f 997 1522 1040
f 1040 1522 1521
f 1015 1522 1016
f 1016 1522 1523
f 1523 996 1524
f 1524 996 1062
f 1057 1060 1525
f 1525 1060 1524
f 1094 1528 1082
f 1082 1528 1527
f 1526 1528 1089
f 1089 1528 1529
f 1090 1531 1108
f 1108 1531 1530
f 1125 1533 1126
f 1126 1533 1532
f 3483 1755 727
f 727 1755 1214
f 735 1814 707
f 707 1814 1813
f 2891 1834 1246
f 1246 1834 1243
f 2904 1881 1847
f 1847 1881 1848
f 1852 1855 1853
f 1853 1855 1858
f 1902 2903 1877
f 1877 2903 1878
f 2903 2904 1878
f 1878 2904 1847
f 714 713 1848
f 1848 713 1849
f 1440 2990 1883
f 1883 2990 2989
f 1883 2989 1852
f 1852 2989 1855
f 2895 1888 2892
f 2892 1888 1887
f 774 777 1877
f 1877 777 1903
f 1251 2835 1252
f 1252 2835 2834
f 1213 2844 1212
f 1212 2844 1495
f 2851 892 1213
f 1213 892 2844
f 3123 2911 3124
f 3124 2911 2910
f 887 2929 888
f 888 2929 889
f 1435 2963 1436
f 1436 2963 2961
f 1253 1438 1254
f 1254 1438 1437
f 2970 731 735
f 735 731 1814
f 733 732 2885
f 2885 732 1215
f 2901 2902 2976
f 2976 2902 2977
f 2975 2982 2976
f 2976 2982 2979
f 2899 2900 2981
f 2981 2900 2979
f 2899 2981 2898
f 2898 2981 2983
f 2986 2985 2984
f 2984 2985 2983
f 2897 2985 2896
f 2896 2985 2988
f 2991 1439 2987
f 2987 1439 2988
f 777 2978 1903
f 1903 2978 2977
f 1885 1888 1858
f 1858 1888 1853
f 3090 3088 836
f 836 3088 833
f 3083 3088 3097
f 3097 3088 3096
f 3097 3096 3104
f 3104 3096 3106
f 3111 3116 3108
f 3108 3116 3109
f 3112 3111 3114
f 3114 3111 3108
f 3113 3122 3114
f 3114 3122 3115
f 891 890 2837
f 2837 890 2834
f 951 1456 954
f 954 1456 1519
f 967 1457 936
f 936 1457 1454
f 971 1462 902
f 902 1462 963
f 1461 1463 988
f 988 1463 987
f 1466 1468 1474
f 1474 1468 1470
f 1089 1529 1090
f 1090 1529 1531
f 1184 1181 1469
f 1469 1181 1180
f 1082 1527 1061
f 1061 1527 1525
f 1129 1473 1135
f 1135 1473 1475
f 1108 1530 1105
f 1105 1530 1532
f 1452 1499 3132
f 3132 1499 3136
f 3109 3116 3139
f 3139 3116 3138
f 2912 2911 887
f 887 2911 2929
f 2836 2835 1497
f 1497 2835 1494
f 2913 3102 2910
f 2910 3102 3115
f 1133 3187 1134
f 1134 3187 3185
f 3177 3176 3197
f 3197 3176 3198
f 3203 3183 3206
f 3206 3183 3207
f 3196 3202 3197
f 3197 3202 3211
f 3183 3182 3207
f 3207 3182 3185
f 1125 3180 1533
f 1533 3180 3198
f 3331 3203 3330
f 3330 3203 3206
f 3376 3379 3385
f 3385 3379 3386
f 3382 3376 3392
f 3392 3376 3385
f 3412 3415 3413
f 3413 3415 3414
f 3417 3396 3415
f 3415 3396 3395
f 3383 3386 3426
f 3426 3386 3425
f 3413 3414 3432
f 3432 3414 3430
f 3437 3396 3435
f 3435 3396 3417
f 3329 3382 3330
f 3330 3382 3392
f 3426 3425 3460
f 3460 3425 3458
f 3432 3430 3457
f 3457 3430 3463
f 3457 3463 3456
f 3456 3463 3465
f 3460 3458 3467
f 3467 3458 3466
f 3466 3455 3465
f 3465 3455 3456
f 3202 3437 3211
f 3211 3437 3435
f 3104 3106 3138
f 3138 3106 3139
f 3132 3136 1227
f 1227 3136 1476
f 943 687 600
f 600 687 601
f 596 625 667
f 667 625 1297
f 687 686 601
f 601 686 653
f 1319 784 711
f 711 784 712
f 1811 607 783
f 783 607 712
f 862 921 917
f 917 921 920
f 3478 925 3479
f 3479 925 924
f 2846 926 3478
f 3478 926 925
f 659 662 929
f 929 662 930
f 856 921 857
f 857 921 1204
f 1206 864 1207
f 1207 864 863
f 2876 1219 2877
f 2877 1219 1218
f 667 1297 593
f 593 1297 1296
f 917 920 1333
f 1333 920 1346
f 686 693 653
f 653 693 930
f 1277 913 1498
f 1498 913 1207
f 592 1536 610
f 610 1536 711
f 864 1206 1805
f 1805 1206 1804
f 1317 1536 1900
f 1900 1536 1809
f 1900 1809 1295
f 1295 1809 1296
f 3479 924 3477
f 3477 924 2824
f 927 926 1203
f 1203 926 2847
f 3484 2859 3032
f 3032 2859 3033
f 3472 2878 1217
f 1217 2878 1218
f 2889 2888 2880
f 2880 2888 2881
f 2886 2883 2887
f 2887 2883 2882
f 929 928 2847
f 2847 928 1203
f 857 1204 2921
f 2921 1204 2926
f 1820 1819 2882
f 2882 1819 2881
f 1821 2883 2876
f 2876 2883 1219
f 782 2889 783
f 783 2889 2880
f 1352 3034 1353
f 1353 3034 3033
f 3031 3034 3041
f 3041 3034 3043
f 944 943 3043
f 3043 943 600
f 1339 3145 1498
f 1498 3145 3143
f 1208 882 3148
f 3148 882 3143
f 2921 2926 3151
f 3151 2926 3156
f 3477 2824 1345
f 1345 2824 1346
f 1805 1804 3154
f 3154 1804 3156
f 886 3103 883
f 883 3103 3482
f 841 1248 3485
f 3485 1248 3121
f 2811 2819 2812
f 2812 2819 2816
f 2818 2815 2817
f 2817 2815 2806
f 2817 2816 2818
f 2818 2816 2819
f 2793 2795 2819
f 2819 2795 2818
f 243 352 2793
f 2793 352 2795
f 242 353 243
f 243 353 352
f 359 191 242
f 242 191 353
f 247 192 359
f 359 192 191
f 157 193 247
f 247 193 192
f 156 194 157
f 157 194 193
f 378 261 156
f 156 261 194
f 378 381 261
f 261 381 195
f 195 381 196
f 196 381 376
f 196 376 198
f 198 376 375
f 375 1776 198
f 198 1776 197
f 1776 1767 197
f 197 1767 274
f 181 274 199
f 199 274 1767
f 568 566 564
f 564 566 563
f 568 569 566
f 566 569 567
f 501 1773 1771
f 1771 1773 578
f 547 579 1773
f 1773 579 578
f 3486 470 474
f 474 470 469
f 450 582 3487
f 3487 582 3488
f 582 583 3488
f 3488 583 3489
f 583 584 3489
f 3489 584 3490
f 3490 584 3491
f 3491 584 543
f 470 3486 466
f 466 3486 467
f 3489 3490 503
f 503 3490 504
f 503 3492 3489
f 3489 3492 3488
f 3492 503 3493
f 3493 503 502
f 3495 3492 3494
f 3494 3492 3493
f 3487 3488 3495
f 3495 3488 3492
f 468 1774 465
f 465 1774 570
f 3494 3493 1775
f 1775 3493 1771
f 3490 3491 504
f 504 3491 1772
f 3491 543 1772
f 1772 543 548
f 450 3487 474
f 474 3487 3486
f 3495 467 3487
f 3487 467 3486
f 3494 468 3495
f 3495 468 467
f 468 3494 1774
f 1774 3494 1775
f 501 1771 502
f 502 1771 3493
f 527 366 384
f 384 366 365
f 522 524 527
f 527 524 366
f 521 534 522
f 522 534 524
f 530 535 521
f 521 535 534
f 508 486 513
f 513 486 532
f 513 532 541
f 541 532 535
f 667 668 596
f 596 668 597
f 1294 1297 624
f 624 1297 625
f 603 641 604
f 604 641 640
f 1290 1293 650
f 650 1293 651
f 1758 691 660
f 660 691 661
f 602 671 599
f 599 671 670
f 654 662 690
f 690 662 661
f 2856 598 695
f 695 598 597
f 602 654 671
f 671 654 690
f 604 640 676
f 676 640 704
f 1826 1829 708
f 708 1829 709
f 1288 1284 740
f 740 1284 741
f 755 754 758
f 758 754 759
f 2853 2856 932
f 932 2856 695
f 689 691 1192
f 1192 691 1193
f 784 1319 1240
f 1240 1319 1241
f 1813 1816 1244
f 1244 1816 1245
f 754 1288 759
f 759 1288 740
f 1894 1242 1318
f 1318 1242 1241
f 2867 1348 1418
f 1418 1348 1347
f 676 704 673
f 673 704 1347
f 1284 1287 741
f 741 1287 1419
f 1421 1426 1422
f 1422 1426 1425
f 1758 660 615
f 615 660 616
f 1192 1191 1421
f 1421 1191 1426
f 2962 1839 1504
f 1504 1839 1505
f 941 1194 1759
f 1759 1194 1193
f 1287 1537 1419
f 1419 1537 1760
f 1882 2893 1823
f 1823 2893 1824
f 1886 1891 1827
f 1827 1891 1828
f 1887 1886 1834
f 1834 1886 1827
f 1841 716 1838
f 1838 716 1505
f 782 784 1850
f 1850 784 1240
f 1239 1242 1863
f 1863 1242 1864
f 1242 1894 1864
f 1864 1894 1873
f 1822 1239 1823
f 1823 1239 1863
f 1318 1317 1895
f 1895 1317 1900
f 1894 1896 1873
f 1873 1896 1897
f 1291 1896 1292
f 1292 1896 1895
f 605 1898 606
f 606 1898 1897
f 1258 1257 2854
f 2854 1257 2855
f 1257 1351 2855
f 2855 1351 2857
f 1351 1353 2857
f 2857 1353 2858
f 1353 3033 2858
f 2858 3033 2859
f 2860 2861 3036
f 3036 2861 3037
f 2862 2863 2870
f 2870 2863 3039
f 2870 2869 2862
f 2862 2869 2864
f 2868 2865 2869
f 2869 2865 2864
f 1764 2866 2868
f 2868 2866 2865
f 1537 1199 1760
f 1760 1199 1348
f 615 2884 1758
f 1758 2884 1759
f 1825 1246 2890
f 2890 1246 1245
f 2893 2892 1824
f 1824 2892 2891
f 761 2960 758
f 758 2960 2906
f 3000 2943 2940
f 2940 2943 2941
f 2968 710 2950
f 2950 710 709
f 1764 1423 2866
f 2866 1423 2953
f 1423 645 2953
f 2953 645 2954
f 645 644 2954
f 2954 644 2955
f 644 738 2955
f 2955 738 2956
f 738 764 2956
f 2956 764 2957
f 764 763 2957
f 2957 763 2958
f 763 2908 2958
f 2958 2908 2959
f 2908 1436 2959
f 2959 1436 2961
f 1837 2964 1435
f 1435 2964 2963
f 1837 2937 2964
f 2964 2937 2965
f 2936 2968 2966
f 2966 2968 2950
f 1840 2942 1838
f 1838 2942 2941
f 2939 2949 2940
f 2940 2949 3006
f 2939 2942 2966
f 2966 2942 2965
f 1822 1825 1850
f 1850 1825 2890
f 1891 3005 1828
f 1828 3005 3006
f 3035 3038 3045
f 3045 3038 3042
f 3045 3044 3035
f 3035 3044 3040
f 669 1422 3045
f 3045 1422 3044
f 599 670 3041
f 3041 670 3042
f 931 3067 932
f 932 3067 3065
f 2853 3066 2854
f 2854 3066 3076
f 3067 3496 3065
f 3065 3496 3497
f 3066 3498 3076
f 3076 3498 3499
f 707 1813 708
f 708 1813 1244
f 2960 2962 2906
f 2906 2962 1504
f 2892 1887 2891
f 2891 1887 1834
f 1839 2962 2963
f 2963 2962 2961
f 595 626 596
f 596 626 625
f 623 626 3484
f 3484 626 2859
f 1291 1290 606
f 606 1290 603
f 1290 650 603
f 603 650 641
f 641 650 642
f 642 650 649
f 2860 2863 649
f 649 2863 642
f 3036 3039 2860
f 2860 3039 2863
f 3035 3040 3036
f 3036 3040 3039
f 1294 1293 1295
f 1295 1293 1292
f 624 651 1294
f 1294 651 1293
f 623 652 624
f 624 652 651
f 3484 2861 623
f 623 2861 652
f 3032 3037 3484
f 3484 3037 2861
f 3031 3038 3032
f 3032 3038 3037
f 3481 2848 2884
f 2884 2848 942
f 2846 617 1427
f 1427 617 616
f 3049 3167 3048
f 3048 3167 3500
f 1906 3048 3070
f 3070 3048 3500
f 1337 1768 3501
f 3501 1768 3502
f 3020 3503 3021
f 3021 3503 3024
f 2914 3023 3020
f 3020 3023 3503
f 859 1770 860
f 860 1770 3504
f 1336 3505 1768
f 1768 3505 3502
f 3065 3497 3066
f 3066 3497 3498
f 2814 3075 3067
f 3067 3075 3496
f 2839 3174 766
f 766 3174 3017
f 1337 3501 1338
f 1338 3501 1769
f 767 3018 3026
f 3026 3018 3506
f 3076 3499 3064
f 3064 3499 3507
f 727 730 3483
f 3483 730 3030
f 3064 3507 2871
f 2871 3507 3077
f 3100 3160 1786
f 1786 3160 1784
f 3026 3506 752
f 752 3506 3015
f 860 3504 2923
f 2923 3504 3508
f 753 3016 3027
f 3027 3016 3509
f 3027 3509 3008
f 3008 3509 3028
f 1782 1785 1783
f 1783 1785 3022
f 2923 3508 3153
f 3153 3508 3161
f 3148 3149 1208
f 1208 3149 3150
f 1335 1328 3510
f 3510 1328 1327
f 1336 1335 3505
f 3505 1335 3510
f 866 3511 1340
f 1340 3511 3146
f 865 1808 866
f 866 1808 3511
f 842 841 3159
f 3159 841 3485
f 2849 3512 1329
f 1329 3512 1326
f 1202 1331 2849
f 2849 1331 3512
f 3514 3515 3513
f 3513 3515 3516
f 3518 3516 3517
f 3517 3516 3515
f 3519 3520 3514
f 3514 3520 3515
f 3522 3523 3521
f 3521 3523 3524
f 3526 3527 3525
f 3525 3527 3528
f 3530 3531 3529
f 3529 3531 3532
f 3534 3535 3533
f 3533 3535 3536
f 3529 3532 3537
f 3537 3532 3538
f 3537 3539 3529
f 3529 3539 3540
f 3542 3543 3541
f 3541 3543 3544
f 3546 3547 3545
f 3545 3547 3548
f 3550 3534 3549
f 3549 3534 3533
f 3550 3543 3551
f 3551 3543 3552
f 3537 3545 3539
f 3539 3545 3548
f 3553 3554 3556
f 3556 3554 3555
f 3537 3557 3545
f 3545 3557 3546
f 3558 3559 3561
f 3561 3559 3560
f 3563 3564 3562
f 3562 3564 3565
f 3564 3563 3566
f 3566 3563 3567
f 3569 3570 3568
f 3568 3570 3571
f 3573 3574 3572
f 3572 3574 3575
f 3577 3578 3576
f 3576 3578 3579
f 3581 3582 3580
f 3580 3582 3583
f 3585 3586 3584
f 3584 3586 3579
f 3586 3587 3579
f 3579 3587 3576
f 3589 3590 3588
f 3588 3590 3591
f 3592 3593 3595
f 3595 3593 3594
f 3597 3598 3596
f 3596 3598 3595
f 3583 3600 3599
f 3599 3600 3601
f 3603 3599 3602
f 3602 3599 3601
f 3605 3606 3604
f 3604 3606 3607
f 3608 3555 3596
f 3596 3555 3554
f 3597 3610 3609
f 3609 3610 3565
f 3564 3611 3565
f 3565 3611 3609
f 3611 3564 3612
f 3612 3564 3566
f 3613 3614 3569
f 3569 3614 3570
f 3615 3616 3573
f 3573 3616 3574
f 3517 3617 3518
f 3518 3617 3618
f 3620 3621 3619
f 3619 3621 3622
f 3624 3625 3623
f 3623 3625 3626
f 3628 3629 3627
f 3627 3629 3630
f 3632 3633 3631
f 3631 3633 3634
f 3636 3637 3635
f 3635 3637 3638
f 3640 3641 3639
f 3639 3641 3642
f 3643 3644 3639
f 3639 3644 3640
f 3646 3513 3645
f 3645 3513 3647
f 3648 3514 3646
f 3646 3514 3513
f 3649 3519 3648
f 3648 3519 3514
f 3650 3651 3527
f 3527 3651 3652
f 3654 3651 3653
f 3653 3651 3650
f 3568 3571 3655
f 3655 3571 3656
f 3657 3658 3653
f 3653 3658 3659
f 3661 3662 3660
f 3660 3662 3658
f 3664 3665 3663
f 3663 3665 3666
f 3667 3657 3650
f 3650 3657 3653
f 3669 3523 3668
f 3668 3523 3670
f 3672 3673 3671
f 3671 3673 3674
f 3676 3677 3675
f 3675 3677 3678
f 3671 3674 3676
f 3676 3674 3677
f 3680 3681 3679
f 3679 3681 3682
f 3683 3684 3680
f 3680 3684 3681
f 3685 3686 3661
f 3661 3686 3662
f 3686 3687 3662
f 3662 3687 3688
f 3684 3683 3689
f 3689 3683 3690
f 3692 3693 3691
f 3691 3693 3694
f 3691 3694 3695
f 3695 3694 3696
f 3698 3699 3697
f 3697 3699 3700
f 3702 3703 3701
f 3701 3703 3704
f 3705 3706 3519
f 3519 3706 3520
f 3673 3672 3707
f 3707 3672 3708
f 3709 3710 3682
f 3682 3710 3679
f 3711 3712 3692
f 3692 3712 3693
f 3714 3715 3713
f 3713 3715 3716
f 3718 3700 3717
f 3717 3700 3699
f 3720 3721 3719
f 3719 3721 3722
f 3724 3725 3723
f 3723 3725 3726
f 3727 3728 3730
f 3730 3728 3729
f 3722 3721 3731
f 3731 3721 3732
f 3697 3700 3733
f 3733 3700 3714
f 3733 3714 3734
f 3734 3714 3713
f 3721 3723 3732
f 3732 3723 3735
f 3720 3736 3724
f 3724 3736 3737
f 3700 3718 3714
f 3714 3718 3715
f 3717 3699 3738
f 3738 3699 3739
f 3536 3740 3533
f 3533 3740 3540
f 3742 3743 3741
f 3741 3743 3744
f 3746 3747 3745
f 3745 3747 3748
f 3750 3751 3749
f 3749 3751 3752
f 3627 3632 3628
f 3628 3632 3631
f 3754 3755 3753
f 3753 3755 3626
f 3562 3565 3756
f 3756 3565 3610
f 3527 3652 3528
f 3528 3652 3757
f 3758 3524 3669
f 3669 3524 3523
f 3582 3598 3583
f 3583 3598 3600
f 3759 3670 3522
f 3522 3670 3523
f 3675 3678 3760
f 3760 3678 3761
f 3762 3763 3690
f 3690 3763 3689
f 3765 3766 3764
f 3764 3766 3767
f 3768 3739 3698
f 3698 3739 3699
f 3726 3725 3770
f 3770 3725 3769
f 3645 3647 3771
f 3771 3647 3772
f 3645 3678 3646
f 3646 3678 3677
f 3646 3677 3648
f 3648 3677 3674
f 3673 3649 3674
f 3674 3649 3648
f 3707 3773 3673
f 3673 3773 3649
f 3775 3776 3774
f 3774 3776 3777
f 3779 3526 3778
f 3778 3526 3525
f 3526 3779 3667
f 3667 3779 3780
f 3780 3781 3667
f 3667 3781 3657
f 3672 3679 3708
f 3708 3679 3710
f 3671 3680 3672
f 3672 3680 3679
f 3676 3683 3671
f 3671 3683 3680
f 3675 3690 3676
f 3676 3690 3683
f 3760 3762 3675
f 3675 3762 3690
f 3682 3681 3783
f 3783 3681 3782
f 3689 3784 3684
f 3684 3784 3785
f 3684 3785 3681
f 3681 3785 3782
f 3786 3709 3783
f 3783 3709 3682
f 3784 3689 3787
f 3787 3689 3763
f 3789 3557 3788
f 3788 3557 3790
f 3792 3793 3791
f 3791 3793 3794
f 3616 3615 3795
f 3795 3615 3796
f 3797 3798 3727
f 3727 3798 3728
f 3800 3801 3799
f 3799 3801 3802
f 3803 3578 3592
f 3592 3578 3593
f 3805 3806 3804
f 3804 3806 3807
f 3599 3603 3585
f 3585 3603 3586
f 3587 3586 3604
f 3604 3586 3603
f 3588 3591 3794
f 3794 3591 3791
f 3581 3803 3582
f 3582 3803 3592
f 3594 3561 3608
f 3608 3561 3790
f 3662 3688 3808
f 3808 3688 3809
f 3665 3664 3810
f 3810 3664 3811
f 3719 3812 3720
f 3720 3812 3736
f 3717 3813 3718
f 3718 3813 3737
f 3723 3721 3724
f 3724 3721 3720
f 3813 3717 3814
f 3814 3717 3738
f 3815 3816 303
f 303 3816 304
f 3818 3819 3817
f 3817 3819 3820
f 3578 3803 3579
f 3579 3803 3584
f 3558 3593 3577
f 3577 3593 3578
f 3822 3823 3821
f 3821 3823 3824
f 3546 3826 3825
f 3825 3826 3827
f 3828 3829 3547
f 3547 3829 3541
f 3831 3542 3830
f 3830 3542 3832
f 3834 3822 3833
f 3833 3822 3821
f 3835 3836 3827
f 3827 3836 3825
f 3800 3799 3828
f 3828 3799 3829
f 3830 3832 3837
f 3837 3832 3838
f 331 330 3551
f 3551 330 3839
f 3831 333 3552
f 3552 333 332
f 3819 3797 3841
f 3841 3797 3840
f 3513 3516 3647
f 3647 3516 3746
f 337 336 3745
f 3745 336 3772
f 3525 3528 3775
f 3775 3528 3749
f 3610 3597 3554
f 3554 3597 3596
f 3706 3702 3520
f 3520 3702 3701
f 3756 3610 3553
f 3553 3610 3554
f 3757 3750 3528
f 3528 3750 3749
f 3517 3515 3701
f 3701 3515 3520
f 3842 3584 3581
f 3581 3584 3803
f 3525 3775 3778
f 3778 3775 3774
f 3638 3843 3635
f 3635 3843 3618
f 3617 3621 3618
f 3618 3621 3635
f 3617 3517 3704
f 3704 3517 3701
f 3521 3624 3522
f 3522 3624 3623
f 3749 3844 3775
f 3775 3844 3776
f 3846 3847 3845
f 3845 3847 3848
f 3843 3747 3618
f 3618 3747 3518
f 3850 3851 3849
f 3849 3851 3748
f 3853 3854 3852
f 3852 3854 3855
f 3856 3857 3622
f 3622 3857 3619
f 3859 3860 3858
f 3858 3860 3861
f 3862 3844 3752
f 3752 3844 3749
f 3863 3759 3623
f 3623 3759 3522
f 3864 3777 3630
f 3630 3777 3776
f 3713 3865 3734
f 3734 3865 3866
f 3868 3869 3867
f 3867 3869 3870
f 3872 3873 3871
f 3871 3873 3874
f 3876 3877 3875
f 3875 3877 3878
f 3879 3880 3878
f 3878 3880 3881
f 3882 3883 3885
f 3885 3883 3884
f 3780 3886 3781
f 3781 3886 3887
f 3888 3685 3869
f 3869 3685 3661
f 3880 3879 3883
f 3883 3879 3884
f 3693 3783 3694
f 3694 3783 3782
f 3696 3785 3764
f 3764 3785 3784
f 3694 3782 3696
f 3696 3782 3785
f 3693 3786 3783
f 3787 3765 3784
f 3784 3765 3764
f 386 385 3765
f 3765 385 3766
f 3695 3889 3691
f 3691 3889 3890
f 3691 3890 3692
f 3692 3890 3891
f 3892 3711 3891
f 3891 3711 3692
f 3767 3893 3695
f 3695 3893 3889
f 3766 3894 3767
f 3767 3894 3893
f 3882 3885 3895
f 3895 3885 3896
f 3898 3698 3897
f 3897 3698 3697
f 3897 3697 3899
f 3899 3697 3733
f 3899 3733 3900
f 3900 3733 3734
f 3901 3768 3898
f 3898 3768 3698
f 3901 3902 3768
f 3768 3902 3903
f 3904 3905 3907
f 3907 3905 3906
f 3869 3661 3870
f 3870 3661 3660
f 3908 3909 3896
f 3896 3909 3895
f 3909 3758 3895
f 3895 3758 3669
f 3751 3531 3752
f 3752 3531 3848
f 3858 3536 3854
f 3854 3536 3535
f 3652 3562 3757
f 3757 3562 3756
f 3651 3654 3563
f 3563 3654 3567
f 3655 3656 3808
f 3808 3656 3659
f 3530 3740 3845
f 3845 3740 3861
f 3751 3750 3556
f 3556 3750 3553
f 3817 3820 3796
f 3796 3820 3795
f 410 409 3910
f 3910 409 3855
f 3750 3757 3553
f 3553 3757 3756
f 3908 3886 3909
f 3909 3886 3780
f 409 411 3855
f 3855 411 3851
f 413 412 3760
f 3760 412 3762
f 415 414 3763
f 3763 414 3787
f 3790 3557 3538
f 3538 3557 3537
f 3555 3608 3538
f 3538 3608 3790
f 3574 3911 3575
f 3575 3911 3912
f 3535 3534 3910
f 3910 3534 3839
f 3831 3552 3542
f 3542 3552 3543
f 3534 3550 3839
f 3839 3550 3551
f 3543 3550 3544
f 3544 3550 3549
f 3913 3914 3916
f 3916 3914 3915
f 3806 3805 3589
f 3589 3805 3590
f 3849 3843 3917
f 3917 3843 3638
f 3853 3644 3859
f 3859 3644 3742
f 3747 3746 3518
f 3518 3746 3516
f 3695 3696 3767
f 3767 3696 3764
f 3903 3918 3768
f 3768 3918 3739
f 3738 3739 3816
f 3816 3739 3918
f 3919 3920 3769
f 3769 3920 3770
f 3921 3726 3922
f 3922 3726 3770
f 3678 3645 3761
f 3761 3645 3771
f 3924 3913 3923
f 3923 3913 3916
f 3802 3925 3838
f 3838 3925 3837
f 3577 3926 3558
f 3558 3926 3559
f 3815 3919 3814
f 3814 3919 3769
f 3927 3928 3822
f 3822 3928 3823
f 3829 3832 3541
f 3541 3832 3542
f 3834 3927 3822
f 3832 3829 3838
f 3838 3829 3799
f 3745 3772 3746
f 3746 3772 3647
f 3849 3748 3843
f 3843 3748 3747
f 3854 3853 3858
f 3858 3853 3859
f 3854 3535 3855
f 3855 3535 3910
f 3557 3789 3546
f 3546 3789 3826
f 3923 3823 3924
f 3924 3823 3928
f 3823 3923 3929
f 3929 3923 3930
f 3531 3751 3532
f 3532 3751 3556
f 3532 3556 3538
f 3538 3556 3555
f 3932 3634 3931
f 3931 3634 3633
f 3814 3769 3813
f 3813 3769 3725
f 3620 3636 3621
f 3621 3636 3635
f 3847 3862 3848
f 3848 3862 3752
f 3531 3530 3848
f 3848 3530 3845
f 3933 3934 3830
f 3830 3934 3831
f 3925 3933 3837
f 3837 3933 3830
f 3934 440 3831
f 3831 440 333
f 3925 3802 3833
f 3833 3802 3801
f 3776 3844 3630
f 3630 3844 3627
f 3808 3659 3662
f 3662 3659 3658
f 3667 3650 3526
f 3526 3650 3527
f 3935 3666 3936
f 3936 3666 3665
f 3718 3737 3715
f 3715 3737 3736
f 3663 3809 3664
f 3664 3809 3688
f 3807 3806 3938
f 3938 3806 3937
f 445 413 3761
f 3761 413 3760
f 3902 447 3903
f 3903 447 446
f 3897 3890 3898
f 3898 3890 3889
f 3899 3891 3897
f 3897 3891 3890
f 3898 3889 3901
f 3901 3889 3893
f 3893 3894 3901
f 3901 3894 3902
f 414 386 3787
f 3787 386 3765
f 3940 3941 3939
f 3939 3941 3942
f 3840 3797 3943
f 3943 3797 3727
f 3665 3810 3936
f 3936 3810 3944
f 3921 3735 3726
f 3726 3735 3723
f 3920 3945 3770
f 3770 3945 3922
f 3521 3524 3774
f 3774 3524 3778
f 3864 3946 3625
f 3625 3946 3947
f 3773 3705 3649
f 3649 3705 3519
f 3779 3778 3758
f 3758 3778 3524
f 3812 3716 3736
f 3736 3716 3715
f 3624 3521 3777
f 3777 3521 3774
f 3703 3856 3704
f 3704 3856 3622
f 3900 3892 3899
f 3899 3892 3891
f 3641 3917 3642
f 3642 3917 3948
f 3895 3669 3882
f 3882 3669 3668
f 3855 3851 3852
f 3852 3851 3850
f 3894 458 3902
f 3902 458 447
f 3781 3887 3660
f 3660 3887 3870
f 3570 3566 3571
f 3571 3566 3567
f 3950 3576 3949
f 3949 3576 3587
f 3605 3602 3614
f 3614 3602 3612
f 3614 3612 3570
f 3570 3612 3566
f 3571 3567 3656
f 3656 3567 3654
f 3660 3658 3781
f 3781 3658 3657
f 3604 3607 3587
f 3587 3607 3949
f 3653 3659 3654
f 3654 3659 3656
f 3529 3540 3530
f 3530 3540 3740
f 3687 3811 3688
f 3688 3811 3664
f 3813 3725 3737
f 3737 3725 3724
f 3919 3815 461
f 461 3815 303
f 3818 3798 3819
f 3819 3798 3797
f 3819 3841 3820
f 3820 3841 3951
f 3816 3815 3738
f 3738 3815 3814
f 3540 3539 3533
f 3533 3539 3549
f 3548 3547 3544
f 3544 3547 3541
f 3539 3548 3549
f 3549 3548 3544
f 3741 3931 3860
f 3860 3931 3846
f 3801 3800 3835
f 3835 3800 3836
f 3934 3933 3824
f 3824 3933 3821
f 3825 3828 3546
f 3546 3828 3547
f 3833 3821 3925
f 3925 3821 3933
f 3800 3828 3836
f 3836 3828 3825
f 3824 3952 3934
f 3934 3952 440
f 3860 3846 3861
f 3861 3846 3845
f 3629 3946 3630
f 3630 3946 3864
f 3740 3536 3861
f 3861 3536 3858
f 3833 3801 3834
f 3834 3801 3835
f 3583 3599 3580
f 3580 3599 3585
f 3651 3563 3652
f 3652 3563 3562
f 3758 3909 3779
f 3779 3909 3780
f 3621 3617 3622
f 3622 3617 3704
f 3625 3947 3626
f 3626 3947 3753
f 3633 3632 3847
f 3847 3632 3862
f 3852 3850 3640
f 3640 3850 3641
f 3644 3853 3640
f 3640 3853 3852
f 3859 3742 3860
f 3860 3742 3741
f 3632 3627 3862
f 3862 3627 3844
f 3755 3863 3626
f 3626 3863 3623
f 3917 3638 3948
f 3948 3638 3637
f 3644 3643 3742
f 3742 3643 3743
f 3931 3633 3846
f 3846 3633 3847
f 3625 3624 3864
f 3864 3624 3777
f 3917 3641 3849
f 3849 3641 3850
f 3744 3932 3741
f 3741 3932 3931
f 3903 446 3918
f 3918 446 464
f 3953 3954 3956
f 3956 3954 3955
f 3958 3959 3957
f 3957 3959 3960
f 3876 3958 3877
f 3877 3958 3957
f 3877 3957 3961
f 3961 3957 3962
f 3963 3964 3958
f 3958 3964 3959
f 3965 3966 3876
f 3876 3966 3958
f 3966 3963 3958
f 3966 3967 3963
f 3963 3967 3968
f 3878 3877 3879
f 3879 3877 3961
f 3967 3969 3968
f 3968 3969 3970
f 3969 3971 3970
f 3970 3971 3972
f 3974 3904 3973
f 3973 3904 3907
f 3971 3975 3972
f 3972 3975 3976
f 3976 3975 3978
f 3978 3975 3977
f 3979 3980 3977
f 3977 3980 3978
f 3981 3982 3979
f 3979 3982 3980
f 3983 3984 3981
f 3981 3984 3982
f 3972 3985 3970
f 3970 3985 3986
f 3871 3987 3969
f 3969 3987 3971
f 3872 3871 3967
f 3967 3871 3969
f 3965 3872 3966
f 3966 3872 3967
f 3970 3986 3968
f 3968 3986 3988
f 3879 3961 3884
f 3884 3961 3940
f 3884 3940 3885
f 3885 3940 3939
f 3989 3990 3992
f 3992 3990 3991
f 3942 3993 3995
f 3995 3993 3994
f 3994 3996 3995
f 3995 3996 3974
f 3997 3998 3994
f 3994 3998 3996
f 3999 3997 3993
f 3993 3997 3994
f 4001 3996 4000
f 4000 3996 3998
f 4000 3998 4002
f 4002 3998 4003
f 4004 4003 3997
f 3997 4003 3998
f 3997 3999 4004
f 4004 3999 4005
f 4006 3995 3973
f 3973 3995 3974
f 3939 3942 4006
f 4006 3942 3995
f 3906 3887 3907
f 3907 3887 3886
f 3887 3906 3870
f 3870 3906 3867
f 3908 3973 3886
f 3886 3973 3907
f 3865 4007 3866
f 3866 4007 4008
f 3984 3983 4009
f 4009 3983 4010
f 3961 3962 3940
f 3940 3962 3941
f 4012 3868 4011
f 4011 3868 3867
f 4013 3975 3987
f 3987 3975 3971
f 4014 3977 4013
f 4013 3977 3975
f 4015 4010 4007
f 4007 4010 3983
f 4007 3983 4008
f 4008 3983 3981
f 4008 3981 4016
f 4016 3981 3979
f 4017 3984 4018
f 4018 3984 4009
f 3977 4014 3979
f 3979 4014 4016
f 3982 3984 4019
f 4019 3984 4017
f 4021 4022 4020
f 4020 4022 4023
f 4022 4012 4023
f 4023 4012 4011
f 4023 3904 4020
f 4020 3904 3974
f 4024 4025 4018
f 4018 4025 4017
f 4026 4027 4024
f 4024 4027 4025
f 4028 4026 4029
f 4029 4026 4024
f 4018 4021 4024
f 4024 4021 4029
f 4030 4031 4026
f 4026 4031 4027
f 4032 4030 4028
f 4028 4030 4026
f 4029 4001 4028
f 4028 4001 4000
f 4028 4000 4032
f 4032 4000 4002
f 4034 4035 4033
f 4033 4035 4036
f 4037 4038 4019
f 4019 4038 4039
f 4041 4039 4040
f 4040 4039 4038
f 4040 4038 4042
f 4042 4038 4036
f 4042 4036 4043
f 4043 4036 4035
f 3985 4044 4046
f 4046 4044 4045
f 4047 4048 4045
f 4045 4048 4046
f 4047 4049 4048
f 4048 4049 4050
f 4042 4047 4040
f 4040 4047 4045
f 4043 4049 4042
f 4042 4049 4047
f 4040 4045 4041
f 4041 4045 4044
f 4052 3959 4051
f 4051 3959 3964
f 4053 4054 4051
f 4051 4054 4055
f 3956 3960 4052
f 4052 3960 3959
f 3953 3956 4056
f 4056 3956 4052
f 4058 3953 4057
f 4057 3953 4056
f 4060 4061 4059
f 4059 4061 4062
f 4063 4064 4054
f 4054 4064 4057
f 4054 4053 4063
f 4063 4053 4065
f 4066 4067 4069
f 4069 4067 4068
f 4048 4050 4063
f 4063 4050 4064
f 4063 4065 4048
f 4048 4065 4046
f 3985 4046 3986
f 3986 4046 4065
f 3986 4065 3988
f 3988 4065 4053
f 3988 4053 3964
f 3964 4053 4051
f 3976 3978 4044
f 4044 3978 4041
f 3980 3982 4039
f 4039 3982 4019
f 4039 4041 3980
f 3980 4041 3978
f 3973 3908 4006
f 4006 3908 3896
f 3885 3939 3896
f 3896 3939 4006
f 4031 4034 4027
f 4027 4034 4033
f 4027 4033 4025
f 4025 4033 4037
f 4019 4017 4037
f 4037 4017 4025
f 3993 3942 4070
f 4070 3942 3941
f 3999 3993 4071
f 4071 3993 4070
f 3999 4071 4005
f 4005 4071 4072
f 4073 4074 4076
f 4076 4074 4075
f 4078 4079 4077
f 4077 4079 4080
f 4082 4080 4081
f 4081 4080 4079
f 4084 4085 4083
f 4083 4085 4086
f 4087 4088 4090
f 4090 4088 4089
f 4092 4093 4091
f 4091 4093 4094
f 4096 4097 4095
f 4095 4097 4098
f 4100 4101 4099
f 4099 4101 4102
f 4103 4104 4106
f 4106 4104 4105
f 4108 4109 4107
f 4107 4109 4110
f 4112 4113 4111
f 4111 4113 4114
f 4116 4117 4115
f 4115 4117 4118
f 4120 4121 4119
f 4119 4121 4122
f 4123 4124 4126
f 4126 4124 4125
f 4127 4128 4130
f 4130 4128 4129
f 4132 4133 4131
f 4131 4133 4134
f 4136 4108 4135
f 4135 4108 4107
f 4138 4139 4137
f 4137 4139 4140
f 4141 4142 4088
f 4088 4142 4089
f 4144 4145 4143
f 4143 4145 4146
f 4148 4149 4147
f 4147 4149 4150
f 4152 4153 4151
f 4151 4153 4154
f 4156 4082 4155
f 4155 4082 4081
f 4157 4158 4160
f 4160 4158 4159
f 4161 4162 4164
f 4164 4162 4163
f 4166 4122 4165
f 4165 4122 4121
f 4168 4152 4167
f 4167 4152 4151
f 4169 4170 4172
f 4172 4170 4171
f 4174 4175 4173
f 4173 4175 4176
f 4178 4149 4177
f 4177 4149 4179
f 4173 4176 4180
f 4180 4176 4181
f 4156 4085 4182
f 4182 4085 4183
f 4182 4184 4156
f 4156 4184 4082
f 4185 4186 4184
f 4184 4186 4187
f 4186 4188 4187
f 4187 4188 4189
f 4190 4191 4073
f 4073 4191 4074
f 4177 4179 4158
f 4158 4179 4159
f 4193 4127 4192
f 4192 4127 4130
f 4144 4194 4151
f 4151 4194 4167
f 4196 4197 4195
f 4195 4197 4198
f 4095 4199 4096
f 4096 4199 4200
f 4201 4202 4204
f 4204 4202 4203
f 4205 4206 4208
f 4208 4206 4207
f 4121 4120 4209
f 4209 4120 4210
f 4212 4213 4211
f 4211 4213 4214
f 4216 4217 4215
f 4215 4217 4218
f 4220 4221 4219
f 4219 4221 4222
f 4224 4196 4223
f 4223 4196 4195
f 4225 4226 4134
f 4134 4226 4131
f 4228 4229 4227
f 4227 4229 4230
f 4232 4233 4231
f 4231 4233 4098
f 4235 4236 4234
f 4234 4236 4237
f 4239 4240 4238
f 4238 4240 4241
f 4242 4243 4245
f 4245 4243 4244
f 4246 4247 4249
f 4249 4247 4248
f 4251 4252 4250
f 4250 4252 4253
f 4255 4256 4254
f 4254 4256 4257
f 4259 4260 4258
f 4258 4260 4261
f 4263 4264 4262
f 4262 4264 4265
f 4267 4268 4266
f 4266 4268 4269
f 4271 4199 4270
f 4270 4199 4272
f 4273 4274 4276
f 4276 4274 4275
f 4115 4118 4277
f 4277 4118 4278
f 4280 4281 4279
f 4279 4281 4282
f 4211 4283 4212
f 4212 4283 4284
f 4286 4287 4285
f 4285 4287 4288
f 4165 4121 4289
f 4289 4121 4209
f 4291 4286 4290
f 4290 4286 4285
f 4293 4294 4292
f 4292 4294 4295
f 4297 4298 4296
f 4296 4298 4299
f 4301 4302 4300
f 4300 4302 4303
f 4299 4304 4296
f 4296 4304 4305
f 4306 4292 4307
f 4307 4292 4295
f 4307 4308 4306
f 4306 4308 4309
f 4310 4309 4075
f 4075 4309 4308
f 4299 4298 4312
f 4312 4298 4311
f 4302 4301 4293
f 4293 4301 4294
f 3735 3921 4313
f 4313 3921 4314
f 4315 4314 3922
f 3922 4314 3921
f 4316 3945 829
f 829 3945 830
f 4289 4317 4165
f 4165 4317 4318
f 4320 4321 4319
f 4319 4321 4322
f 4324 4325 4323
f 4323 4325 4326
f 4327 4328 4330
f 4330 4328 4329
f 4290 4331 4291
f 4291 4331 4332
f 4165 4318 4166
f 4166 4318 4333
f 4334 4335 4337
f 4337 4335 4336
f 4339 4340 4338
f 4338 4340 4341
f 4168 4343 4342
f 4342 4343 4344
f 4346 4347 4345
f 4345 4347 4348
f 4350 4351 4349
f 4349 4351 4352
f 4354 4355 4353
f 4353 4355 4356
f 4357 4358 4324
f 4324 4358 4325
f 4337 4359 4334
f 4334 4359 4360
f 4362 4363 4361
f 4361 4363 4364
f 4366 4367 4365
f 4365 4367 4368
f 4369 4370 4372
f 4372 4370 4371
f 4331 4290 4374
f 4374 4290 4373
f 4373 4376 4375
f 4375 4376 4377
f 4379 4380 4378
f 4378 4380 4381
f 4217 4382 4218
f 4218 4382 4383
f 4385 4386 4384
f 4384 4386 4387
f 4388 4389 4338
f 4338 4389 4390
f 4337 4336 4392
f 4392 4336 4391
f 4394 4362 4393
f 4393 4362 4361
f 4396 4397 4395
f 4395 4397 4398
f 4400 4401 4399
f 4399 4401 4402
f 4345 4403 4346
f 4346 4403 4404
f 4405 4406 4342
f 4342 4406 4407
f 4409 4410 4408
f 4408 4410 4411
f 4408 4412 4409
f 4409 4412 4413
f 4181 4415 4414
f 4414 4415 4416
f 4182 4183 4417
f 4417 4183 4418
f 4419 4353 4311
f 4311 4353 4312
f 4421 4422 4420
f 4420 4422 4423
f 4353 4356 4312
f 4312 4356 4424
f 4166 4333 4425
f 4425 4333 4426
f 4425 4143 4166
f 4166 4143 4122
f 4427 4107 4428
f 4428 4107 4110
f 4429 4430 4174
f 4174 4430 4175
f 4335 4431 4336
f 4336 4431 4390
f 4336 4390 4391
f 4391 4390 4389
f 4432 4433 4435
f 4435 4433 4434
f 4437 4438 4436
f 4436 4438 4439
f 4441 4442 4440
f 4440 4442 4443
f 4359 4444 4361
f 4361 4444 4393
f 4446 4447 4445
f 4445 4447 4448
f 4338 4341 4388
f 4388 4341 4449
f 4450 4451 4398
f 4398 4451 4395
f 4453 4454 4452
f 4452 4454 4455
f 4457 4458 4456
f 4456 4458 4459
f 4460 4461 4448
f 4448 4461 4445
f 4463 4464 4462
f 4462 4464 4465
f 4462 4465 4466
f 4466 4465 4467
f 4468 4469 4467
f 4467 4469 4466
f 4469 4468 4470
f 4470 4468 4471
f 4472 4473 4471
f 4471 4473 4470
f 4475 4476 4474
f 4474 4476 4477
f 4479 4480 4478
f 4478 4480 4481
f 4483 4484 4482
f 4482 4484 4485
f 4487 4488 4486
f 4486 4488 4489
f 4491 4492 4490
f 4490 4492 4493
f 4494 4495 4493
f 4493 4495 4490
f 4496 4497 4494
f 4494 4497 4495
f 4497 4496 4498
f 4498 4496 4499
f 4500 4501 4503
f 4503 4501 4502
f 4505 4506 4504
f 4504 4506 4507
f 4466 4508 4462
f 4462 4508 4509
f 4470 4510 4469
f 4469 4510 4511
f 4513 4479 4512
f 4512 4479 4478
f 4515 4443 4514
f 4514 4443 4442
f 4516 4517 4519
f 4519 4517 4518
f 4521 4495 4520
f 4520 4495 4497
f 4522 4490 4521
f 4521 4490 4495
f 4491 4523 4488
f 4488 4523 4524
f 4525 4489 4524
f 4524 4489 4488
f 4484 4526 4485
f 4485 4526 4527
f 4503 4528 4500
f 4500 4528 4529
f 4530 4531 4533
f 4533 4531 4532
f 4535 4506 4534
f 4534 4506 4530
f 4486 4536 4487
f 4487 4536 4537
f 4487 4537 4492
f 4492 4537 4538
f 4494 4539 4496
f 4496 4539 4540
f 4542 4533 4541
f 4541 4533 4499
f 4544 4545 4543
f 4543 4545 4546
f 4548 4549 4547
f 4547 4549 4550
f 4536 4551 4537
f 4537 4551 4552
f 4537 4552 4538
f 4538 4552 4553
f 4554 4539 4556
f 4556 4539 4555
f 4557 4540 4554
f 4554 4540 4539
f 4559 4557 4558
f 4558 4557 4560
f 4540 4557 4541
f 4541 4557 4559
f 4562 4563 4561
f 4561 4563 4564
f 4546 4565 4543
f 4543 4565 4566
f 4547 4567 4548
f 4548 4567 4568
f 4570 4571 4569
f 4569 4571 4572
f 4574 4575 4573
f 4573 4575 4576
f 4578 4579 4577
f 4577 4579 4580
f 4582 4583 4581
f 4581 4583 4584
f 4585 4586 4588
f 4588 4586 4587
f 4589 4585 4590
f 4590 4585 4588
f 4592 4593 4591
f 4591 4593 4594
f 4596 4597 4595
f 4595 4597 4598
f 4600 4601 4599
f 4599 4601 4602
f 4563 4604 4603
f 4603 4604 4605
f 4603 4606 4608
f 4608 4606 4607
f 4609 4610 4594
f 4594 4610 4591
f 4611 4612 4614
f 4614 4612 4613
f 4616 4617 4615
f 4615 4617 4618
f 4602 4620 4619
f 4619 4620 4621
f 4619 4622 4602
f 4602 4622 4599
f 4605 4599 4623
f 4623 4599 4622
f 4605 4623 4603
f 4603 4623 4606
f 4625 4626 4624
f 4624 4626 4627
f 4438 4437 4628
f 4628 4437 4629
f 4442 4441 4630
f 4630 4441 4631
f 4630 4632 4442
f 4442 4632 4514
f 4633 4634 4529
f 4529 4634 4500
f 4500 4634 4501
f 4501 4634 4635
f 4637 4546 4636
f 4636 4546 4545
f 4639 4565 4638
f 4638 4565 4640
f 4573 4576 4641
f 4641 4576 4642
f 4593 4643 4594
f 4594 4643 4644
f 4645 4609 4644
f 4644 4609 4594
f 4647 4648 4646
f 4646 4648 4649
f 4651 4652 4650
f 4650 4652 4653
f 4654 4498 4519
f 4519 4498 4532
f 4520 4508 4521
f 4521 4508 4511
f 4522 4510 4523
f 4523 4510 4655
f 4524 4656 4525
f 4525 4656 4657
f 4514 4529 4515
f 4515 4529 4528
f 4658 4659 4661
f 4661 4659 4660
f 4496 4540 4499
f 4499 4540 4541
f 4493 4555 4494
f 4494 4555 4539
f 4549 4483 4550
f 4550 4483 4482
f 4545 4544 4501
f 4501 4544 4502
f 4636 4545 4635
f 4635 4545 4501
f 4589 4663 4662
f 4662 4663 4664
f 4662 4665 4558
f 4558 4665 4559
f 4569 4586 4570
f 4570 4586 4560
f 4552 4666 4553
f 4553 4666 4667
f 4668 4669 4670
f 4670 4669 4666
f 4672 4673 4671
f 4671 4673 4674
f 4287 4675 4288
f 4288 4675 4676
f 4678 4679 4677
f 4677 4679 4680
f 4681 4678 4682
f 4682 4678 4677
f 4682 4683 4681
f 4681 4683 4684
f 4161 4164 4685
f 4685 4164 4686
f 4414 4687 4689
f 4689 4687 4688
f 4405 4690 4346
f 4346 4690 4347
f 4691 4399 4693
f 4693 4399 4692
f 1209 4694 4365
f 4365 4694 4366
f 4650 1211 4651
f 4651 1211 1210
f 4695 4696 4255
f 4255 4696 4256
f 4697 4698 4218
f 4218 4698 4215
f 4700 4701 4699
f 4699 4701 4702
f 4703 4704 4303
f 4303 4704 4300
f 4315 3922 4316
f 4316 3922 3945
f 4653 4706 4705
f 4705 4706 4707
f 4709 4710 4708
f 4708 4710 4711
f 4335 4334 4713
f 4713 4334 4712
f 4714 4340 4321
f 4321 4340 4322
f 4716 4717 4715
f 4715 4717 4718
f 4238 4241 4719
f 4719 4241 4720
f 4231 4721 4307
f 4307 4721 4308
f 4723 4724 4722
f 4722 4724 4725
f 4727 4728 4726
f 4726 4728 4729
f 4730 4731 4327
f 4327 4731 4328
f 4733 4734 4732
f 4732 4734 4735
f 4720 4381 4736
f 4736 4381 4737
f 4738 4739 4741
f 4741 4739 4740
f 4743 4744 4742
f 4742 4744 4745
f 4338 4390 4339
f 4339 4390 4431
f 4746 4747 4431
f 4431 4747 4339
f 4291 4332 4289
f 4289 4332 4317
f 4289 4209 4291
f 4291 4209 4286
f 4287 4286 4210
f 4210 4286 4209
f 4749 4750 4748
f 4748 4750 4751
f 4212 4284 4752
f 4752 4284 4753
f 4752 4754 4212
f 4212 4754 4213
f 4252 4251 4225
f 4225 4251 4226
f 4227 4230 4248
f 4248 4230 4249
f 4205 4755 4757
f 4757 4755 4756
f 4708 4711 4758
f 4758 4711 4647
f 4367 4366 4759
f 4759 4366 4760
f 4526 4513 4527
f 4527 4513 4512
f 4420 4423 4385
f 4385 4423 4386
f 4705 4761 4653
f 4653 4761 4650
f 4761 1279 4650
f 4650 1279 1211
f 4762 4763 3944
f 3944 4763 3936
f 4274 4273 4765
f 4765 4273 4764
f 4767 4768 4766
f 4766 4768 4769
f 4770 4771 4769
f 4769 4771 4766
f 4771 4770 4242
f 4242 4770 4243
f 4093 4163 4094
f 4094 4163 4162
f 4772 4773 4775
f 4775 4773 4774
f 4777 4778 4776
f 4776 4778 4779
f 4417 4185 4182
f 4182 4185 4184
f 4780 4078 4781
f 4781 4078 4077
f 4781 4077 4782
f 4782 4077 4189
f 4188 4783 4189
f 4189 4783 4782
f 4295 4232 4307
f 4307 4232 4231
f 4785 4786 4784
f 4784 4786 4787
f 4784 1307 4785
f 4785 1307 1306
f 4078 4780 4096
f 4096 4780 4097
f 4075 4074 4310
f 4310 4074 4788
f 4788 4074 4789
f 4789 4074 4191
f 4789 4191 4059
f 4059 4191 4790
f 4791 4277 4792
f 4792 4277 4278
f 3732 3735 4793
f 4793 3735 4313
f 4793 4794 3732
f 3732 4794 3731
f 4792 4795 4791
f 4791 4795 4796
f 4797 4798 4799
f 4799 4798 4724
f 4763 4800 3936
f 3936 4800 3935
f 4801 4062 3729
f 3729 4062 3730
f 4713 4712 4802
f 4802 4712 4803
f 4146 4804 4119
f 4119 4804 4805
f 4498 4654 4497
f 4497 4654 4520
f 4806 4807 1326
f 1326 4807 1327
f 4689 4688 1330
f 1330 4688 1331
f 4801 4789 4062
f 4062 4789 4059
f 3730 4062 4808
f 4808 4062 4061
f 4810 4811 4809
f 4809 4811 4812
f 4813 4403 4814
f 4814 4403 4345
f 4815 4816 4349
f 4349 4816 4350
f 4817 4818 4820
f 4820 4818 4819
f 4406 4821 4407
f 4407 4821 4822
f 4823 4161 4824
f 4824 4161 4685
f 4181 4414 4825
f 4825 4414 4689
f 4741 4740 4826
f 4826 4740 4827
f 4828 4829 4827
f 4827 4829 4826
f 4142 4141 4415
f 4415 4141 4148
f 4830 1354 4761
f 4761 1354 1279
f 4832 4833 4831
f 4831 4833 4834
f 4835 4836 4626
f 4626 4836 4421
f 4451 4709 4395
f 4395 4709 4708
f 4627 4420 4837
f 4837 4420 4385
f 4837 1365 4838
f 4838 1365 1364
f 4397 4396 4839
f 4839 4396 4840
f 4842 4628 4841
f 4841 4628 4629
f 4671 4674 4631
f 4631 4674 4630
f 4674 4659 4630
f 4630 4659 4632
f 4633 4632 4658
f 4658 4632 4659
f 4658 4504 4633
f 4633 4504 4634
f 4635 4634 4507
f 4507 4634 4504
f 4843 4636 4507
f 4507 4636 4635
f 4844 4637 4843
f 4843 4637 4636
f 4637 4844 4640
f 4640 4844 4664
f 4638 4663 4642
f 4642 4663 4845
f 4847 4643 4846
f 4846 4643 4641
f 4644 4848 4645
f 4645 4848 4849
f 4851 4852 4850
f 4850 4852 4853
f 4855 4856 4854
f 4854 4856 4857
f 4859 4860 4858
f 4858 4860 4857
f 4715 4718 4859
f 4859 4718 4860
f 4862 4863 4861
f 4861 4863 4864
f 4866 4867 4865
f 4865 4867 4868
f 4870 4871 4869
f 4869 4871 4872
f 4869 4872 4116
f 4116 4872 4117
f 4820 4819 4874
f 4874 4819 4873
f 4876 4877 4875
f 4875 4877 4878
f 4880 4881 4879
f 4879 4881 4882
f 4884 4885 4883
f 4883 4885 4886
f 4887 4888 4280
f 4280 4888 4281
f 4818 4817 4889
f 4889 4817 4890
f 4891 4193 4823
f 4823 4193 4192
f 4892 4893 4228
f 4228 4893 4229
f 4158 4157 4894
f 4894 4157 4895
f 4896 4897 4132
f 4132 4897 4133
f 4099 4683 4100
f 4100 4683 4682
f 4101 4100 4899
f 4899 4100 4898
f 4150 4106 4147
f 4147 4106 4900
f 4100 4682 4898
f 4898 4682 4677
f 4080 4082 4187
f 4187 4082 4184
f 4077 4080 4189
f 4189 4080 4187
f 4191 4190 4790
f 4790 4190 4901
f 4177 4158 4680
f 4680 4158 4894
f 4108 4136 4752
f 4752 4136 4754
f 4752 4753 4108
f 4108 4753 4109
f 4817 4902 4890
f 4890 4902 4903
f 4904 4905 4907
f 4907 4905 4906
f 4909 4910 4908
f 4908 4910 4911
f 4913 4914 4912
f 4912 4914 4915
f 4916 4917 4919
f 4919 4917 4918
f 4312 4424 4299
f 4299 4424 4304
f 4920 4921 4297
f 4297 4921 4298
f 4194 4922 4167
f 4167 4922 4923
f 4924 4400 4691
f 4691 4400 4399
f 4395 4708 4396
f 4396 4708 4758
f 4367 4925 4368
f 4368 4925 4926
f 4919 4918 4873
f 4873 4918 4874
f 4836 4927 4421
f 4421 4927 4422
f 4921 4928 4298
f 4298 4928 4311
f 4143 4146 4122
f 4122 4146 4119
f 4929 4930 4455
f 4455 4930 4452
f 4932 4933 4931
f 4931 4933 4934
f 4935 4936 4932
f 4932 4936 4933
f 4461 4460 4457
f 4457 4460 4458
f 4480 4479 4475
f 4475 4479 4476
f 4660 4673 4517
f 4517 4673 4937
f 4661 4505 4658
f 4658 4505 4504
f 4484 4483 4489
f 4489 4483 4486
f 4462 4509 4463
f 4463 4509 4518
f 4469 4511 4466
f 4466 4511 4508
f 4655 4473 4656
f 4656 4473 4477
f 4476 4657 4477
f 4477 4657 4656
f 4479 4513 4476
f 4476 4513 4657
f 4489 4525 4484
f 4484 4525 4526
f 4483 4549 4486
f 4486 4549 4536
f 4549 4548 4536
f 4536 4548 4551
f 4548 4568 4551
f 4551 4568 4670
f 4663 4589 4845
f 4845 4589 4590
f 4668 4577 4938
f 4938 4577 4580
f 4940 4938 4939
f 4939 4938 4941
f 4940 4942 4669
f 4669 4942 4943
f 4587 4582 4944
f 4944 4582 4581
f 4848 4847 4608
f 4608 4847 4564
f 4616 4945 4613
f 4613 4945 4598
f 4615 4946 4616
f 4616 4946 4945
f 4947 4939 4948
f 4948 4939 4946
f 4599 4605 4600
f 4600 4605 4604
f 4608 4607 4848
f 4848 4607 4849
f 4613 4612 4616
f 4616 4612 4617
f 4835 4949 4709
f 4709 4949 4710
f 4357 1477 4837
f 4837 1477 1365
f 4712 4950 4803
f 4803 4950 4951
f 4401 4952 4402
f 4402 4952 4953
f 4759 4760 4402
f 4402 4760 4399
f 4508 4520 4509
f 4509 4520 4654
f 4510 4522 4511
f 4511 4522 4521
f 4513 4526 4657
f 4657 4526 4525
f 4632 4633 4514
f 4514 4633 4529
f 4931 4934 4453
f 4453 4934 4454
f 4153 4954 4154
f 4154 4954 4955
f 4957 4958 4956
f 4956 4958 4959
f 4961 4962 4960
f 4960 4962 4963
f 4120 4964 4210
f 4210 4964 4965
f 4967 4968 4966
f 4966 4968 4969
f 4349 4692 4815
f 4815 4692 4970
f 4652 4971 4653
f 4653 4971 4706
f 4758 4647 4972
f 4972 4647 4646
f 4973 4363 4646
f 4646 4363 4972
f 4950 4360 4974
f 4974 4360 4364
f 4431 4335 4746
f 4746 4335 4713
f 4358 4714 4325
f 4325 4714 4321
f 4765 4764 4266
f 4266 4764 4975
f 4202 4976 4203
f 4203 4976 4977
f 4917 4978 4918
f 4918 4978 4979
f 4279 4282 4854
f 4854 4282 4269
f 4820 4880 4817
f 4817 4880 4902
f 4890 4903 4980
f 4980 4903 4886
f 4982 4983 4981
f 4981 4983 4123
f 4795 4851 4796
f 4796 4851 4850
f 4918 4979 4874
f 4874 4979 4881
f 4809 4404 4810
f 4810 4404 4403
f 4354 4985 4984
f 4984 4985 4986
f 1364 1516 4838
f 4838 1516 4987
f 4759 4988 4367
f 4367 4988 4925
f 4989 4990 4481
f 4481 4990 4478
f 4443 4515 4990
f 4990 4515 4991
f 4527 4512 4992
f 4992 4512 4991
f 4528 4503 4992
f 4992 4503 4993
f 4993 4994 4485
f 4485 4994 4482
f 4544 4995 4502
f 4502 4995 4994
f 4995 4996 4550
f 4550 4996 4547
f 4998 4999 4997
f 4997 4999 4566
f 4998 5000 4578
f 4578 5000 4579
f 5001 5002 4596
f 4596 5002 4597
f 5003 4591 5004
f 5004 4591 4610
f 4626 4421 4627
f 4627 4421 4420
f 4837 4838 4627
f 4627 4838 4624
f 4761 4705 4830
f 4830 4705 5005
f 4705 4707 5005
f 5005 4707 5006
f 4308 4721 4075
f 4075 4721 4076
f 5007 4200 4797
f 4797 4200 4798
f 4685 4686 5008
f 5008 4686 5009
f 4889 4890 5010
f 5010 4890 4980
f 4323 1541 4324
f 4324 1541 1540
f 4385 4384 4358
f 4358 4384 4714
f 4396 4758 4840
f 4840 4758 4972
f 4866 4852 5011
f 5011 4852 5012
f 5013 4260 4980
f 4980 4260 5010
f 4875 4878 5014
f 5014 4878 5015
f 5017 5018 5016
f 5016 5018 5019
f 5016 5019 5020
f 5020 5019 5021
f 5023 5024 5022
f 5022 5024 5025
f 5027 5028 5026
f 5026 5028 5029
f 5031 5032 5030
f 5030 5032 5033
f 5035 5036 5034
f 5034 5036 5037
f 5039 5040 5038
f 5038 5040 5041
f 5043 5044 5042
f 5042 5044 5045
f 5038 5046 5039
f 5039 5046 5047
f 5049 5050 5048
f 5048 5050 5051
f 5053 5054 5052
f 5052 5054 5055
f 5057 5024 5056
f 5056 5024 5058
f 5060 5061 5059
f 5059 5061 5062
f 5064 5065 5063
f 5063 5065 5066
f 5043 5050 5064
f 5064 5050 5065
f 5038 5041 5067
f 5067 5041 5068
f 5070 5071 5069
f 5069 5071 5072
f 5074 5075 5073
f 5073 5075 5076
f 5034 5077 5035
f 5035 5077 5078
f 5080 5081 5079
f 5079 5081 5082
f 5084 5085 5083
f 5083 5085 5086
f 5085 5084 5087
f 5087 5084 5088
f 5090 5091 5089
f 5089 5091 5092
f 5094 5095 5093
f 5093 5095 5096
f 5098 5099 5097
f 5097 5099 5100
f 5102 5103 5101
f 5101 5103 5104
f 5105 5106 5108
f 5108 5106 5107
f 5110 5111 5109
f 5109 5111 5112
f 5114 5094 5113
f 5113 5094 5093
f 5116 5117 5115
f 5115 5117 5118
f 5120 5121 5119
f 5119 5121 5122
f 5124 5125 5123
f 5123 5125 5126
f 5128 5129 5127
f 5127 5129 5130
f 5097 5131 5098
f 5098 5131 5132
f 5134 5135 5133
f 5133 5135 5122
f 5084 5125 5088
f 5088 5125 5136
f 5138 5139 5137
f 5137 5139 5140
f 5142 5102 5141
f 5141 5102 5101
f 5106 5143 5107
f 5107 5143 5144
f 5146 5147 5145
f 5145 5147 5148
f 5149 5150 5109
f 5109 5150 5110
f 5151 5110 5152
f 5152 5110 5150
f 4715 5140 4716
f 4716 5140 5139
f 5143 4870 5144
f 5144 4870 4869
f 4115 5146 4116
f 4116 5146 5145
f 4791 4796 5149
f 5149 4796 5150
f 4796 4850 5150
f 5150 4850 5152
f 4858 5142 4859
f 4859 5142 5141
f 5153 5154 5115
f 5115 5154 5105
f 5156 5157 5155
f 5155 5157 5158
f 5159 5160 5053
f 5053 5160 5054
f 5161 5162 5020
f 5020 5162 5068
f 5026 5029 5163
f 5163 5029 5021
f 5083 5086 5164
f 5164 5086 5165
f 5090 5167 5166
f 5166 5167 5168
f 5169 5170 5172
f 5172 5170 5171
f 5174 5175 5173
f 5173 5175 5176
f 5177 5109 5178
f 5178 5109 5112
f 5179 5180 5182
f 5182 5180 5181
f 5123 5126 5120
f 5120 5126 5121
f 5180 5167 5181
f 5181 5167 5183
f 5184 5185 5179
f 5179 5185 5180
f 5186 5149 5177
f 5177 5149 5109
f 4868 5184 4865
f 4865 5184 5179
f 5188 5189 5187
f 5187 5189 5190
f 4277 4791 5186
f 5186 4791 5149
f 5179 5182 4865
f 4865 5182 4853
f 5189 4862 5190
f 5190 4862 4861
f 5156 5075 5191
f 5191 5075 5192
f 5036 5035 5193
f 5193 5035 5194
f 5115 5118 5153
f 5153 5118 5195
f 5022 5025 5196
f 5196 5025 5197
f 5155 5158 5069
f 5069 5158 5062
f 5063 5066 5198
f 5198 5066 5199
f 5073 5076 5200
f 5200 5076 5072
f 5202 5131 5201
f 5201 5131 5203
f 5143 5106 5204
f 5204 5106 5205
f 5114 5113 5206
f 5206 5113 5127
f 5098 5132 5193
f 5193 5132 5195
f 5204 5207 5143
f 5143 5207 4870
f 5088 5136 5208
f 5208 5136 5092
f 5209 5210 5089
f 5089 5210 5183
f 5211 5018 5060
f 5060 5018 5061
f 5017 5040 5070
f 5070 5040 5071
f 5191 5160 5156
f 5156 5160 5157
f 5048 5028 5049
f 5049 5028 5058
f 5207 5204 4858
f 4858 5204 5142
f 4859 5141 4715
f 4715 5141 5140
f 5212 5162 5042
f 5042 5162 5051
f 5182 5152 4853
f 4853 5152 4850
f 5214 5134 5213
f 5213 5134 5133
f 5164 5165 5133
f 5133 5165 5213
f 5215 5216 5201
f 5201 5216 5217
f 5147 5218 5148
f 5148 5218 5219
f 5147 5177 5218
f 5218 5177 5178
f 5141 5101 5140
f 5140 5101 5137
f 5201 5217 5202
f 5202 5217 5104
f 5146 5186 5147
f 5147 5186 5177
f 4277 5186 4115
f 4115 5186 5146
f 5191 5192 5031
f 5031 5192 5032
f 5052 5055 5220
f 5220 5055 5197
f 4116 5145 4869
f 4869 5145 5144
f 5034 5037 5214
f 5214 5037 5134
f 5097 5100 5114
f 5114 5100 5094
f 5108 5107 5219
f 5219 5107 5148
f 5221 5135 5116
f 5116 5135 5117
f 5124 5111 5209
f 5209 5111 5210
f 5107 5144 5148
f 5148 5144 5145
f 5152 5182 5151
f 5151 5182 5181
f 5208 5222 5088
f 5088 5222 5087
f 5222 5208 5171
f 5171 5208 5172
f 5223 1756 4698
f 4698 1756 1755
f 4427 5224 4107
f 4107 5224 4135
f 4178 4679 5225
f 5225 4679 5226
f 5227 5228 4892
f 4892 5228 4893
f 5229 5230 4171
f 4171 5230 4172
f 4855 4268 4884
f 4884 4268 4885
f 4884 4871 4855
f 4855 4871 4856
f 4684 5231 4896
f 4896 5231 4897
f 4768 4767 5009
f 5009 4767 5008
f 5205 5154 5102
f 5102 5154 5103
f 5099 5098 5194
f 5194 5098 5193
f 5198 5199 5079
f 5079 5199 5033
f 5102 5142 5205
f 5205 5142 5204
f 5224 4427 4681
f 4681 4427 4678
f 3712 3711 5232
f 5232 3711 5233
f 3968 3988 3963
f 3963 3988 3964
f 3976 4044 3972
f 3972 4044 3985
f 4038 4037 4036
f 4036 4037 4033
f 4794 4762 3731
f 3731 4762 3944
f 3731 3944 3722
f 3722 3944 3810
f 3874 5234 5232
f 5232 5234 3712
f 3906 3905 3867
f 3867 3905 4011
f 3904 4023 3905
f 3905 4023 4011
f 3719 3722 3811
f 3811 3722 3810
f 3812 3719 3687
f 3687 3719 3811
f 3716 3812 3686
f 3686 3812 3687
f 3713 3716 3685
f 3685 3716 3686
f 4810 4403 5235
f 5235 4403 4813
f 4345 1770 4814
f 4814 1770 1769
f 4067 4066 4058
f 4058 4066 5236
f 4043 4068 4049
f 4049 4068 4050
f 4034 5237 3989
f 3989 5237 3990
f 4031 4030 4072
f 4072 4030 4005
f 4003 4004 4002
f 4002 4004 4032
f 4004 4005 4032
f 4032 4005 4030
f 4067 4064 4068
f 4068 4064 4050
f 4058 4057 4067
f 4067 4057 4064
f 4035 4034 5238
f 5238 4034 3989
f 5236 5239 4058
f 4058 5239 5240
f 5234 3874 5241
f 5241 3874 3873
f 5241 3873 3881
f 3881 3873 3878
f 4800 4763 4788
f 4788 4763 4310
f 4763 4762 4310
f 4310 4762 4309
f 4762 4794 4309
f 4309 4794 4306
f 4794 4793 4306
f 4306 4793 4292
f 4293 4313 4302
f 4302 4313 4314
f 4302 4314 4303
f 4303 4314 4315
f 4303 4315 4703
f 4703 4315 4316
f 4035 4069 4043
f 4043 4069 4068
f 4324 1540 4357
f 4357 1540 1477
f 5232 3987 3874
f 3874 3987 3871
f 3987 5232 4013
f 4013 5232 5233
f 4013 5233 4014
f 4014 5233 5242
f 3888 4015 3865
f 3865 4015 4007
f 3866 4008 5243
f 5243 4008 4016
f 3873 5244 3878
f 3878 5244 3875
f 3965 5244 3872
f 3872 5244 3873
f 3876 3875 3965
f 3965 3875 5244
f 5243 4016 5242
f 5242 4016 4014
f 5246 5247 5245
f 5245 5247 5248
f 3576 3950 3577
f 3577 3950 3926
f 3584 3842 3585
f 3585 3842 3580
f 5249 5247 1784
f 1784 5247 1785
f 5250 5251 5253
f 5253 5251 5252
f 5255 5252 5254
f 5254 5252 5256
f 5254 5256 5258
f 5258 5256 5257
f 5258 5257 5260
f 5260 5257 5259
f 4356 5261 4424
f 4424 5261 5259
f 4355 5262 4356
f 4356 5262 5261
f 4924 5264 5263
f 5263 5264 5265
f 4693 5266 4691
f 4691 5266 5267
f 4351 5268 4352
f 4352 5268 5269
f 1808 1807 4351
f 4351 1807 5268
f 3580 3842 3581
f 3799 3802 3838
f 4800 4788 4801
f 4801 4788 4789
f 3729 3935 4801
f 4801 3935 4800
f 3728 3666 3729
f 3729 3666 3935
f 3728 3798 3666
f 3666 3798 3663
f 3798 3818 3663
f 3663 3818 3809
f 3818 3817 3809
f 3809 3817 3808
f 3796 3655 3817
f 3817 3655 3808
f 3615 3568 3796
f 3796 3568 3655
f 3573 3569 3615
f 3615 3569 3568
f 3572 3613 3573
f 3573 3613 3569
f 3792 3606 3572
f 3572 3606 3613
f 3607 3791 3949
f 3949 3791 3591
f 3590 3950 3591
f 3591 3950 3949
f 3805 3926 3590
f 3590 3926 3950
f 3804 3559 3805
f 3805 3559 3926
f 3804 3914 3559
f 3559 3914 3560
f 3924 3789 3913
f 3913 3789 3788
f 3924 3928 3789
f 3789 3928 3826
f 3928 3927 3826
f 3826 3927 3827
f 3927 3834 3827
f 3827 3834 3835
f 4079 4078 5270
f 5270 4078 5007
f 5271 5272 4233
f 4233 5272 5273
f 5275 5276 5274
f 5274 5276 5277
f 5278 5279 4236
f 4236 5279 4237
f 5278 5280 5271
f 5271 5280 5272
f 4235 5281 4236
f 4236 5281 5282
f 5284 5285 5283
f 5283 5285 5286
f 5288 5289 5287
f 5287 5289 5290
f 5292 5293 5291
f 5291 5293 5294
f 5287 5290 4726
f 4726 5290 5295
f 4293 4292 4313
f 4313 4292 4793
f 4720 4736 4719
f 4719 4736 5296
f 5297 4909 5298
f 5298 4909 4908
f 5299 5300 4976
f 4976 5300 5301
f 5302 4202 5303
f 5303 4202 4201
f 5304 5305 4983
f 4983 5305 5306
f 5308 5309 5307
f 5307 5309 5310
f 4722 4725 5283
f 5283 4725 5311
f 5291 5294 4125
f 4125 5294 4126
f 5313 5314 5312
f 5312 5314 5315
f 5316 5317 5319
f 5319 5317 5318
f 5321 5308 5320
f 5320 5308 5307
f 4819 4981 4873
f 4873 4981 5322
f 4981 4123 5322
f 5322 4123 4126
f 5324 5325 5323
f 5323 5325 5326
f 4764 5327 4975
f 4975 5327 5328
f 4172 5327 4169
f 4169 5327 5329
f 4768 4171 4769
f 4769 4171 4170
f 4243 4755 4244
f 4244 4755 5330
f 4755 4205 5330
f 5330 4205 4208
f 4206 4906 4207
f 4207 4906 4905
f 4686 5014 5009
f 5009 5014 5229
f 4756 4770 4170
f 4170 4770 4769
f 4170 4169 4756
f 4756 4169 4757
f 4273 5329 4764
f 4764 5329 5327
f 4276 5331 4273
f 4273 5331 5329
f 4770 4756 4243
f 4243 4756 4755
f 5333 4889 5332
f 5332 4889 5010
f 4877 5332 4878
f 4878 5332 4259
f 4875 4164 4876
f 4876 4164 4163
f 5334 5335 5324
f 5324 5335 5325
f 4983 5306 4123
f 4123 5306 4124
f 4818 4982 4819
f 4819 4982 4981
f 5332 5010 4259
f 4259 5010 4260
f 5014 4686 4875
f 4875 4686 4164
f 4171 4768 5229
f 5229 4768 5009
f 5337 4916 5336
f 5336 4916 4919
f 5293 5337 5294
f 5294 5337 5336
f 4982 4818 5333
f 5333 4818 4889
f 5338 5339 4262
f 4262 5339 5340
f 5307 5310 5338
f 5338 5310 5339
f 5341 5342 4204
f 4204 5342 5309
f 5336 4919 5322
f 5322 4919 4873
f 5294 5336 4126
f 4126 5336 5322
f 5323 5326 5343
f 5343 5326 5286
f 4914 5344 4915
f 4915 5344 5345
f 5312 5315 5344
f 5344 5315 5345
f 5347 5348 5346
f 5346 5348 5349
f 5350 5351 4832
f 4832 5351 4833
f 5352 5353 5349
f 5349 5353 5346
f 5354 5338 4265
f 4265 5338 4262
f 5320 5307 5354
f 5354 5307 5338
f 4201 5308 5303
f 5303 5308 5321
f 5356 5357 5355
f 5355 5357 4799
f 5358 5359 5334
f 5334 5359 5335
f 5358 5360 4093
f 4093 5360 4163
f 5360 5305 4163
f 4163 5305 4876
f 5305 5304 4876
f 4876 5304 4877
f 5270 4778 4079
f 4079 4778 4081
f 4779 5361 4774
f 4774 5361 5357
f 5356 5359 4775
f 4775 5359 4092
f 5333 5304 4982
f 4982 5304 4983
f 5332 4877 5333
f 5333 4877 5304
f 5015 4258 5230
f 5230 4258 5328
f 5327 4172 5328
f 5328 4172 5230
f 4169 5329 4757
f 4757 5329 5331
f 4757 5331 4205
f 4205 5331 4206
f 5331 4276 4206
f 4206 4276 4906
f 4276 4275 4906
f 4906 4275 4907
f 4275 4888 4907
f 4907 4888 4744
f 4887 4717 4745
f 4745 4717 4864
f 4716 5139 4861
f 4861 5139 5190
f 5139 5138 5190
f 5190 5138 5187
f 5138 5216 5187
f 5187 5216 5176
f 5215 5362 5173
f 5173 5362 5130
f 5364 5365 5363
f 5363 5365 5340
f 4742 4863 5366
f 5366 4863 4867
f 4862 5189 4868
f 4868 5189 5184
f 5189 5188 5184
f 5184 5188 5185
f 5188 5175 5185
f 5185 5175 5168
f 3560 3788 3561
f 3561 3788 3790
f 3596 3595 3608
f 3608 3595 3594
f 3598 3582 3595
f 3595 3582 3592
f 3600 3609 3601
f 3601 3609 3611
f 3602 3601 3612
f 3612 3601 3611
f 3606 3605 3613
f 3613 3605 3614
f 3793 5367 3794
f 3794 5367 5368
f 3598 3597 3600
f 3600 3597 3609
f 3793 3792 3575
f 3575 3792 3572
f 3561 3594 3558
f 3558 3594 3593
f 3807 3915 3804
f 3804 3915 3914
f 3916 3915 5370
f 5370 3915 5369
f 3602 3605 3603
f 3603 3605 3604
f 3606 3792 3607
f 3607 3792 3791
f 3914 3913 3560
f 3560 3913 3788
f 5174 5129 5166
f 5166 5129 5371
f 5170 5169 5093
f 5093 5169 5113
f 5166 5371 5090
f 5090 5371 5091
f 5128 5169 5372
f 5372 5169 5172
f 5127 5113 5128
f 5128 5113 5169
f 5114 5206 5203
f 5203 5206 5362
f 5200 5373 5073
f 5073 5373 5096
f 5374 5375 5200
f 5200 5375 5373
f 5039 5047 5374
f 5374 5047 5375
f 5087 5046 5085
f 5085 5046 5376
f 5212 5377 5067
f 5067 5377 5376
f 5042 5045 5212
f 5212 5045 5377
f 5064 5378 5043
f 5043 5378 5044
f 5063 5077 5064
f 5064 5077 5378
f 5079 5082 5198
f 5198 5082 5078
f 5099 5081 5100
f 5100 5081 5379
f 5100 5379 5094
f 5094 5379 5095
f 5381 5382 5380
f 5380 5382 5383
f 5385 5386 5384
f 5384 5386 5383
f 5385 5387 5386
f 5386 5387 5388
f 5390 5391 5389
f 5389 5391 5392
f 5393 5394 5396
f 5396 5394 5395
f 5398 5399 5397
f 5397 5399 5400
f 5402 5403 5401
f 5401 5403 5404
f 5406 5407 5405
f 5405 5407 5404
f 5408 5409 5163
f 5163 5409 5410
f 5411 5412 5414
f 5414 5412 5413
f 5057 5416 5415
f 5415 5416 5417
f 5393 5416 5418
f 5418 5416 5419
f 5396 5395 5420
f 5420 5395 5421
f 5423 5424 5422
f 5422 5424 5425
f 5415 5417 5220
f 5220 5417 5426
f 5418 5391 5393
f 5393 5391 5394
f 5414 5388 5411
f 5411 5388 5392
f 5059 5427 5060
f 5060 5427 5428
f 5423 5427 5429
f 5429 5427 5430
f 5432 5382 5431
f 5431 5382 5425
f 5429 5407 5423
f 5423 5407 5424
f 5380 5409 5381
f 5381 5409 5433
f 5381 5433 5422
f 5422 5433 5428
f 5027 5412 5056
f 5056 5412 5419
f 5435 5436 5434
f 5434 5436 5437
f 5159 5439 5438
f 5438 5439 5440
f 5053 5436 5159
f 5159 5436 5439
f 5441 5403 5398
f 5398 5403 5399
f 5163 5410 5026
f 5026 5410 5413
f 5438 5440 5442
f 5442 5440 5430
f 5444 5445 5443
f 5443 5445 5446
f 5447 5448 5450
f 5450 5448 5449
f 5451 5446 5452
f 5452 5446 5445
f 5454 5455 5453
f 5453 5455 5451
f 5456 5454 5458
f 5458 5454 5457
f 5460 5461 5459
f 5459 5461 5462
f 5464 5465 5463
f 5463 5465 5466
f 5468 5469 5467
f 5467 5469 5470
f 5472 5473 5471
f 5471 5473 5474
f 5475 5476 5478
f 5478 5476 5477
f 5479 5480 5482
f 5482 5480 5481
f 5483 5484 5448
f 5448 5484 5485
f 5448 5485 5449
f 5449 5485 5486
f 5487 5476 5488
f 5488 5476 5475
f 5490 5491 5489
f 5489 5491 5492
f 5494 5495 5493
f 5493 5495 5496
f 5498 5494 5497
f 5497 5494 5493
f 5500 5501 5499
f 5499 5501 5502
f 5503 5504 5446
f 5446 5504 5443
f 5506 5507 5505
f 5505 5507 5508
f 5510 5511 5509
f 5509 5511 5512
f 5514 5515 5513
f 5513 5515 5516
f 5518 5519 5517
f 5517 5519 5520
f 5495 5521 5496
f 5496 5521 5522
f 5524 5525 5523
f 5523 5525 5526
f 5527 5528 5494
f 5494 5528 5495
f 5499 5502 5529
f 5529 5502 5530
f 5531 5532 5485
f 5485 5532 5486
f 5485 5484 5531
f 5531 5484 5533
f 5482 5481 5534
f 5534 5481 5535
f 5536 5512 5506
f 5506 5512 5511
f 5455 5503 5451
f 5451 5503 5446
f 5467 5470 5511
f 5511 5470 5537
f 5538 5467 5510
f 5510 5467 5511
f 5540 5541 5539
f 5539 5541 5542
f 5543 5544 5546
f 5546 5544 5545
f 5548 5472 5547
f 5547 5472 5471
f 5493 5496 5549
f 5549 5496 5550
f 5496 5522 5550
f 5550 5522 5551
f 5553 5554 5552
f 5552 5554 5555
f 5557 5447 5556
f 5556 5447 5558
f 5557 5483 5447
f 5447 5483 5448
f 5478 5477 5553
f 5553 5477 5559
f 5477 5560 5559
f 5559 5560 5561
f 5476 5562 5477
f 5477 5562 5560
f 5476 5487 5562
f 5562 5487 5563
f 5560 5564 5561
f 5561 5564 5565
f 5564 5560 5566
f 5566 5560 5562
f 5563 5567 5562
f 5562 5567 5566
f 5569 5521 5568
f 5568 5521 5570
f 5481 5572 5571
f 5571 5572 5573
f 5574 5535 5571
f 5571 5535 5481
f 5576 5577 5575
f 5575 5577 5578
f 5579 5580 5456
f 5456 5580 5581
f 5475 5582 5488
f 5488 5582 5583
f 5584 5536 5505
f 5505 5536 5506
f 5585 5586 5588
f 5588 5586 5587
f 5590 5591 5589
f 5589 5591 5592
f 5519 5593 5520
f 5520 5593 5594
f 5595 5596 5462
f 5462 5596 5597
f 5599 5600 5598
f 5598 5600 5514
f 5602 5603 5601
f 5601 5603 5604
f 5524 5543 5525
f 5525 5543 5546
f 5543 5524 5606
f 5606 5524 5605
f 5607 5608 5500
f 5500 5608 5501
f 5610 5551 5609
f 5609 5551 5522
f 5611 5510 5598
f 5598 5510 5509
f 5612 5597 5457
f 5457 5597 5458
f 5510 5611 5538
f 5538 5611 5613
f 5580 5508 5581
f 5581 5508 5507
f 5615 5616 5614
f 5614 5616 5617
f 5619 5620 5618
f 5618 5620 5621
f 5623 5624 5622
f 5622 5624 5625
f 5627 5624 5626
f 5626 5624 5623
f 5629 5630 5628
f 5628 5630 5631
f 5633 5634 5632
f 5632 5634 5466
f 5635 5636 5463
f 5463 5636 5637
f 5523 5638 5524
f 5524 5638 5605
f 5639 5640 5641
f 5641 5640 5595
f 5611 5513 5613
f 5613 5513 5642
f 5643 5586 5608
f 5608 5586 5501
f 5622 5625 5590
f 5590 5625 5591
f 5598 5514 5611
f 5611 5514 5513
f 5645 5646 5644
f 5644 5646 5647
f 5620 5619 5491
f 5491 5619 5648
f 5649 5643 5492
f 5492 5643 5608
f 5650 5651 5653
f 5653 5651 5652
f 5463 5466 5635
f 5635 5466 5634
f 5597 5612 5462
f 5462 5612 5459
f 5635 5634 5523
f 5523 5634 5638
f 5654 5638 5633
f 5633 5638 5634
f 5655 5656 5525
f 5525 5656 5526
f 5658 5659 5657
f 5657 5659 5527
f 5660 5464 5637
f 5637 5464 5463
f 5632 5466 5661
f 5661 5466 5465
f 5661 5662 5632
f 5632 5662 5658
f 5662 5663 5658
f 5658 5663 5659
f 5665 5659 5664
f 5664 5659 5663
f 5632 5658 5633
f 5633 5658 5657
f 5666 5629 5530
f 5530 5629 5667
f 5528 5527 5665
f 5665 5527 5659
f 5668 5669 5570
f 5570 5669 5568
f 5669 5668 5670
f 5670 5668 5671
f 5646 5672 5673
f 5672 5674 5673
f 5673 5674 5675
f 5674 5460 5675
f 5675 5460 5459
f 5461 5676 5462
f 5462 5676 5595
f 5677 5678 5680
f 5680 5678 5679
f 5628 5681 5629
f 5629 5681 5667
f 5682 5529 5667
f 5667 5529 5530
f 5675 5459 5683
f 5683 5459 5612
f 5585 5666 5502
f 5502 5666 5530
f 5589 5684 5602
f 5602 5684 5603
f 5646 5645 5663
f 5663 5645 5664
f 5685 5647 5673
f 5673 5647 5646
f 5686 5687 5683
f 5683 5687 5685
f 5688 5689 5533
f 5533 5689 5531
f 5690 5691 5535
f 5535 5691 5534
f 5692 5690 5574
f 5574 5690 5535
f 5685 5687 5689
f 5689 5687 5693
f 5489 5694 5490
f 5490 5694 5695
f 5690 5692 5696
f 5696 5692 5697
f 5696 5644 5690
f 5690 5644 5691
f 5447 5450 5558
f 5558 5450 5698
f 5699 5700 5642
f 5642 5700 5613
f 5701 5702 5540
f 5540 5702 5541
f 5431 5703 5432
f 5432 5703 5697
f 5385 5384 5574
f 5574 5384 5692
f 5389 5387 5573
f 5573 5387 5571
f 5565 5390 5573
f 5573 5390 5389
f 5390 5565 5704
f 5704 5565 5564
f 5566 5705 5564
f 5564 5705 5704
f 5569 5441 5609
f 5609 5441 5398
f 5568 5405 5569
f 5569 5405 5441
f 5670 5706 5669
f 5669 5706 5406
f 5703 5431 5670
f 5670 5431 5706
f 5432 5697 5384
f 5384 5697 5692
f 5574 5571 5385
f 5385 5571 5387
f 5607 5707 5489
f 5489 5707 5694
f 5518 5708 5519
f 5519 5708 5709
f 5711 5576 5710
f 5710 5576 5575
f 5713 5714 5712
f 5712 5714 5715
f 5553 5552 5478
f 5478 5552 5716
f 5717 5475 5716
f 5716 5475 5478
f 5718 5719 5605
f 5605 5719 5606
f 5505 5622 5584
f 5584 5622 5590
f 5508 5623 5505
f 5505 5623 5622
f 5626 5623 5580
f 5580 5623 5508
f 5580 5579 5626
f 5626 5579 5720
f 5579 5721 5720
f 5720 5721 5722
f 5666 5585 5723
f 5723 5585 5588
f 5724 5725 5639
f 5639 5725 5640
f 5554 5726 5555
f 5555 5726 5727
f 5453 5728 5729
f 5689 5688 5685
f 5685 5688 5647
f 5604 5730 5512
f 5512 5730 5509
f 5628 5631 5618
f 5618 5631 5592
f 5601 5604 5536
f 5536 5604 5512
f 5732 5676 5731
f 5731 5676 5660
f 5730 5604 5733
f 5733 5604 5603
f 5563 5487 5551
f 5551 5487 5550
f 5489 5492 5607
f 5607 5492 5608
f 5573 5572 5565
f 5565 5572 5561
f 5609 5522 5569
f 5569 5522 5521
f 5499 5734 5500
f 5500 5734 5735
f 5596 5736 5721
f 5721 5736 5722
f 5737 5600 5594
f 5594 5600 5520
f 5599 5730 5517
f 5517 5730 5733
f 5660 5738 5731
f 5731 5738 5739
f 5648 5649 5491
f 5491 5649 5492
f 5501 5586 5502
f 5502 5586 5585
f 5525 5546 5655
f 5655 5546 5740
f 5600 5599 5520
f 5520 5599 5517
f 5708 5739 5709
f 5709 5739 5738
f 5636 5635 5526
f 5526 5635 5523
f 5670 5671 5703
f 5703 5671 5741
f 5490 5695 5742
f 5742 5695 5743
f 5682 5678 5744
f 5744 5678 5677
f 5678 5681 5679
f 5679 5681 5621
f 5742 5743 5679
f 5679 5743 5680
f 5618 5621 5628
f 5628 5621 5681
f 5725 5724 5589
f 5589 5724 5684
f 5456 5458 5579
f 5579 5458 5721
f 5675 5683 5673
f 5673 5683 5685
f 5529 5682 5745
f 5745 5682 5744
f 5721 5458 5596
f 5596 5458 5597
f 5701 5540 5719
f 5719 5540 5606
f 5703 5741 5697
f 5697 5741 5696
f 5500 5735 5607
f 5607 5735 5707
f 5549 5746 5493
f 5493 5746 5497
f 5700 5747 5613
f 5613 5747 5538
f 5420 5421 5434
f 5434 5421 5400
f 5689 5693 5531
f 5531 5693 5532
f 5705 5566 5748
f 5748 5566 5567
f 5609 5398 5610
f 5610 5398 5397
f 5669 5406 5568
f 5568 5406 5405
f 5488 5583 5549
f 5549 5583 5746
f 5714 5713 5710
f 5710 5713 5711
f 5747 5468 5538
f 5538 5468 5467
f 5548 5547 5749
f 5749 5547 5750
f 5733 5603 5751
f 5751 5603 5684
f 5589 5602 5590
f 5590 5602 5584
f 5636 5752 5614
f 5614 5752 5615
f 5753 5754 5738
f 5738 5754 5755
f 5602 5601 5584
f 5584 5601 5536
f 5723 5736 5630
f 5630 5736 5640
f 5595 5640 5596
f 5596 5640 5736
f 5734 5499 5745
f 5745 5499 5529
f 5627 5587 5643
f 5643 5587 5586
f 5553 5559 5554
f 5554 5559 5480
f 5559 5561 5480
f 5480 5561 5572
f 5554 5480 5726
f 5726 5480 5479
f 5749 5750 5715
f 5715 5750 5712
f 5683 5612 5686
f 5686 5612 5457
f 5678 5682 5681
f 5681 5682 5667
f 5598 5509 5599
f 5599 5509 5730
f 5679 5621 5742
f 5742 5621 5620
f 5652 5616 5653
f 5653 5616 5615
f 5220 5426 5052
f 5052 5426 5437
f 5487 5488 5550
f 5550 5488 5549
f 5742 5620 5490
f 5490 5620 5491
f 5551 5610 5563
f 5563 5610 5567
f 5610 5397 5567
f 5567 5397 5748
f 5614 5617 5753
f 5753 5617 5754
f 5480 5572 5481
f 5755 5756 5738
f 5738 5756 5709
f 5745 5744 5758
f 5758 5744 5757
f 5745 5758 5734
f 5734 5758 5759
f 5735 5734 5760
f 5760 5734 5759
f 5707 5735 5761
f 5761 5735 5760
f 5744 5677 5757
f 5757 5677 5762
f 5677 5680 5762
f 5762 5680 5763
f 5763 5680 5764
f 5764 5680 5743
f 5765 5766 5762
f 5762 5766 5757
f 5768 5769 5767
f 5767 5769 5770
f 5771 5772 5770
f 5770 5772 5767
f 5770 5769 5774
f 5774 5769 5773
f 5775 5776 5774
f 5774 5776 5777
f 5773 5778 5774
f 5774 5778 5775
f 5779 5766 5773
f 5773 5766 5778
f 5777 5771 5774
f 5774 5771 5770
f 5780 5781 5783
f 5783 5781 5782
f 5781 5780 5771
f 5771 5780 5772
f 5773 5769 5779
f 5779 5769 5768
f 5768 5759 5779
f 5779 5759 5758
f 5768 5784 5759
f 5759 5784 5760
f 5767 5785 5768
f 5768 5785 5784
f 5785 5767 5786
f 5786 5767 5772
f 5766 5779 5757
f 5757 5779 5758
f 5780 5787 5772
f 5772 5787 5786
f 5785 5786 5788
f 5788 5786 5789
f 5786 5787 5789
f 5789 5787 5790
f 5788 5789 5791
f 5791 5789 5792
f 5791 5793 5788
f 5788 5793 5794
f 5795 5792 5790
f 5790 5792 5789
f 5785 5788 5784
f 5784 5788 5794
f 5784 5794 5760
f 5760 5794 5761
f 5787 5780 5796
f 5796 5780 5783
f 5775 5778 5797
f 5797 5778 5766
f 5797 5798 5775
f 5775 5798 5776
f 5766 5765 5797
f 5797 5765 5799
f 5798 5797 5800
f 5800 5797 5799
f 5798 5801 5776
f 5776 5801 5802
f 5707 5761 5694
f 5694 5761 5803
f 5695 5804 5743
f 5743 5804 5764
f 5804 5695 5803
f 5803 5695 5694
f 5803 5793 5804
f 5804 5793 5805
f 5793 5791 5805
f 5805 5791 5806
f 5804 5805 5764
f 5764 5805 5807
f 5803 5761 5793
f 5793 5761 5794
f 5808 5763 5807
f 5807 5763 5764
f 5808 5765 5763
f 5763 5765 5762
f 5809 5799 5808
f 5808 5799 5765
f 5809 5808 5810
f 5810 5808 5807
f 5811 5809 5812
f 5812 5809 5810
f 5805 5806 5807
f 5807 5806 5810
f 5806 5813 5810
f 5810 5813 5812
f 5799 5809 5800
f 5800 5809 5811
f 5815 5800 5814
f 5814 5800 5811
f 5814 5817 5816
f 5816 5817 5818
f 5814 5811 5817
f 5817 5811 5812
f 5814 5816 5815
f 5815 5816 5796
f 5815 5796 5801
f 5801 5796 5783
f 5801 5798 5815
f 5815 5798 5800
f 5791 5792 5806
f 5806 5792 5813
f 5818 5813 5795
f 5795 5813 5792
f 5818 5817 5813
f 5813 5817 5812
f 5816 5818 5790
f 5790 5818 5795
f 5790 5787 5816
f 5816 5787 5796
f 5771 5777 5781
f 5781 5777 5782
f 5782 5802 5783
f 5783 5802 5801
f 5782 5777 5802
f 5802 5777 5776
f 5588 5587 5722
f 5722 5587 5720
f 5591 5619 5592
f 5592 5619 5618
f 5625 5624 5648
f 5648 5624 5649
f 5624 5627 5649
f 5649 5627 5643
f 5631 5630 5725
f 5725 5630 5640
f 5625 5648 5591
f 5591 5648 5619
f 5588 5722 5723
f 5723 5722 5736
f 5631 5725 5592
f 5592 5725 5589
f 5723 5630 5666
f 5666 5630 5629
f 5587 5627 5720
f 5720 5627 5626
f 5820 5821 5819
f 5819 5821 5822
f 5824 5825 5823
f 5823 5825 5826
f 5823 5826 5827
f 5827 5826 5828
f 5829 5830 5832
f 5832 5830 5831
f 5518 5833 5708
f 5708 5833 5834
f 5835 5836 5824
f 5824 5836 5825
f 5838 5839 5837
f 5837 5839 5840
f 5751 5684 5842
f 5842 5684 5841
f 5843 5841 5724
f 5724 5841 5684
f 5845 5846 5844
f 5844 5846 5847
f 5848 5830 5836
f 5836 5830 5825
f 5518 5751 5833
f 5833 5751 5842
f 5839 5838 5821
f 5821 5838 5849
f 5850 5848 5822
f 5822 5848 5836
f 5851 5845 5828
f 5828 5845 5852
f 5854 5855 5853
f 5853 5855 5856
f 5845 5844 5852
f 5852 5844 5857
f 5858 5827 5852
f 5852 5827 5828
f 5851 5828 5829
f 5829 5828 5826
f 5819 5859 5820
f 5820 5859 5860
f 5835 5861 5819
f 5819 5861 5859
f 5851 5829 5862
f 5862 5829 5832
f 5844 5847 5837
f 5837 5847 5834
f 5819 5822 5835
f 5835 5822 5836
f 5823 5863 5824
f 5824 5863 5864
f 5849 5850 5821
f 5821 5850 5822
f 5825 5830 5826
f 5826 5830 5829
f 5820 5860 5865
f 5865 5860 5866
f 5858 5854 5867
f 5867 5854 5853
f 5854 5857 5855
f 5855 5857 5840
f 5855 5865 5856
f 5856 5865 5866
f 5837 5840 5844
f 5844 5840 5857
f 5827 5858 5868
f 5868 5858 5867
f 5824 5864 5835
f 5835 5864 5861
f 5732 5731 5862
f 5862 5731 5846
f 5863 5823 5868
f 5868 5823 5827
f 5843 5831 5848
f 5848 5831 5830
f 5854 5858 5857
f 5857 5858 5852
f 5855 5840 5865
f 5865 5840 5839
f 5865 5839 5820
f 5820 5839 5821
f 5868 5867 5870
f 5870 5867 5869
f 5868 5870 5863
f 5863 5870 5871
f 5863 5871 5864
f 5864 5871 5872
f 5864 5872 5861
f 5861 5872 5873
f 5867 5853 5869
f 5869 5853 5874
f 5853 5856 5874
f 5874 5856 5875
f 5856 5866 5875
f 5875 5866 5876
f 5877 5878 5874
f 5874 5878 5869
f 5880 5881 5879
f 5879 5881 5882
f 5883 5884 5880
f 5880 5884 5881
f 5881 5884 5886
f 5886 5884 5885
f 5887 5888 5886
f 5886 5888 5889
f 5885 5890 5886
f 5886 5890 5887
f 5889 5882 5886
f 5886 5882 5881
f 5882 5891 5879
f 5879 5891 5892
f 5885 5884 5893
f 5893 5884 5883
f 5883 5871 5893
f 5893 5871 5870
f 5883 5894 5871
f 5871 5894 5872
f 5880 5895 5883
f 5883 5895 5894
f 5896 5895 5879
f 5879 5895 5880
f 5893 5878 5885
f 5885 5878 5890
f 5878 5893 5869
f 5869 5893 5870
f 5897 5896 5892
f 5892 5896 5879
f 5895 5896 5898
f 5898 5896 5899
f 5896 5897 5899
f 5899 5897 5900
f 5898 5899 5901
f 5901 5899 5902
f 5901 5903 5898
f 5898 5903 5904
f 5900 5905 5899
f 5899 5905 5902
f 5898 5904 5895
f 5895 5904 5894
f 5894 5904 5872
f 5872 5904 5873
f 5897 5892 5907
f 5907 5892 5906
f 5892 5891 5906
f 5906 5891 5908
f 5887 5890 5909
f 5909 5890 5878
f 5888 5887 5910
f 5910 5887 5909
f 5878 5877 5909
f 5909 5877 5911
f 5909 5911 5910
f 5910 5911 5912
f 5913 5914 5910
f 5910 5914 5888
f 5908 5914 5906
f 5906 5914 5913
f 5861 5873 5859
f 5859 5873 5915
f 5860 5916 5866
f 5866 5916 5876
f 5916 5860 5915
f 5915 5860 5859
f 5915 5903 5916
f 5916 5903 5917
f 5903 5901 5917
f 5917 5901 5918
f 5916 5917 5876
f 5876 5917 5919
f 5903 5915 5904
f 5904 5915 5873
f 5920 5875 5919
f 5919 5875 5876
f 5920 5877 5875
f 5875 5877 5874
f 5920 5921 5877
f 5877 5921 5911
f 5921 5920 5922
f 5922 5920 5919
f 5923 5921 5924
f 5924 5921 5922
f 5917 5918 5919
f 5919 5918 5922
f 5918 5925 5922
f 5922 5925 5924
f 5921 5923 5911
f 5911 5923 5912
f 5927 5912 5926
f 5926 5912 5923
f 5926 5929 5928
f 5928 5929 5930
f 5926 5923 5929
f 5929 5923 5924
f 5926 5928 5927
f 5927 5928 5907
f 5927 5907 5913
f 5913 5907 5906
f 5913 5910 5927
f 5927 5910 5912
f 5901 5902 5918
f 5918 5902 5925
f 5930 5925 5905
f 5905 5925 5902
f 5930 5929 5925
f 5925 5929 5924
f 5928 5930 5900
f 5900 5930 5905
f 5900 5897 5928
f 5928 5897 5907
f 5882 5889 5891
f 5891 5889 5908
f 5908 5889 5914
f 5914 5889 5888
f 5832 5831 5641
f 5641 5831 5639
f 5833 5838 5834
f 5834 5838 5837
f 5842 5841 5849
f 5849 5841 5850
f 5841 5843 5850
f 5850 5843 5848
f 5847 5846 5739
f 5739 5846 5731
f 5842 5849 5833
f 5833 5849 5838
f 5862 5832 5732
f 5732 5832 5641
f 5847 5739 5834
f 5834 5739 5708
f 5862 5846 5851
f 5851 5846 5845
f 5831 5843 5639
f 5639 5843 5724
f 5676 5732 5595
f 5595 5732 5641
f 5676 5461 5660
f 5660 5461 5464
f 5461 5460 5464
f 5464 5460 5465
f 5460 5674 5465
f 5465 5674 5661
f 5931 5932 5934
f 5934 5932 5933
f 5936 5937 5935
f 5935 5937 5938
f 5935 5938 5939
f 5939 5938 5940
f 5942 5943 5941
f 5941 5943 5944
f 5945 5946 5936
f 5936 5946 5937
f 5948 5949 5947
f 5947 5949 5950
f 5951 5952 5519
f 5519 5952 5593
f 5953 5951 5709
f 5709 5951 5519
f 5955 5956 5954
f 5954 5956 5957
f 5958 5942 5946
f 5946 5942 5937
f 5948 5959 5949
f 5949 5959 5933
f 5960 5958 5934
f 5934 5958 5946
f 5961 5955 5940
f 5940 5955 5962
f 5963 5964 5966
f 5966 5964 5965
f 5955 5954 5962
f 5962 5954 5967
f 5968 5939 5962
f 5962 5939 5940
f 5961 5940 5941
f 5941 5940 5938
f 5931 5969 5932
f 5932 5969 5970
f 5945 5971 5931
f 5931 5971 5969
f 5941 5944 5961
f 5961 5944 5972
f 5954 5957 5947
f 5947 5957 5973
f 5945 5931 5946
f 5946 5931 5934
f 5935 5974 5936
f 5936 5974 5975
f 5959 5960 5933
f 5933 5960 5934
f 5937 5942 5938
f 5938 5942 5941
f 5932 5970 5976
f 5976 5970 5977
f 5968 5964 5978
f 5978 5964 5963
f 5965 5964 5950
f 5950 5964 5967
f 5976 5977 5965
f 5965 5977 5966
f 5947 5950 5954
f 5954 5950 5967
f 5939 5968 5979
f 5979 5968 5978
f 5936 5975 5945
f 5945 5975 5971
f 5972 5754 5956
f 5956 5754 5617
f 5974 5935 5979
f 5979 5935 5939
f 5953 5943 5958
f 5958 5943 5942
f 5964 5968 5967
f 5967 5968 5962
f 5965 5950 5976
f 5976 5950 5949
f 5976 5949 5932
f 5932 5949 5933
f 5979 5978 5981
f 5981 5978 5980
f 5979 5981 5974
f 5974 5981 5982
f 5974 5982 5975
f 5975 5982 5983
f 5975 5983 5971
f 5971 5983 5984
f 5978 5963 5980
f 5980 5963 5985
f 5963 5966 5985
f 5985 5966 5986
f 5986 5966 5987
f 5987 5966 5977
f 5988 5989 5985
f 5985 5989 5980
f 5991 5992 5990
f 5990 5992 5993
f 5994 5995 5991
f 5991 5995 5992
f 5992 5995 5997
f 5997 5995 5996
f 5998 5999 5997
f 5997 5999 6000
f 5996 6001 5997
f 5997 6001 5998
f 6000 5993 5997
f 5997 5993 5992
f 6002 6003 5993
f 5993 6003 5990
f 5995 5994 5996
f 5996 5994 6004
f 5994 5982 6004
f 6004 5982 5981
f 5994 6005 5982
f 5982 6005 5983
f 5991 6006 5994
f 5994 6006 6005
f 6006 5991 6007
f 6007 5991 5990
f 5996 6004 6001
f 6001 6004 5989
f 5989 6004 5980
f 5980 6004 5981
f 6003 6008 5990
f 5990 6008 6007
f 6009 6006 6010
f 6010 6006 6007
f 6008 6011 6007
f 6007 6011 6010
f 6012 6009 6013
f 6013 6009 6010
f 6009 6012 6015
f 6015 6012 6014
f 6011 6016 6010
f 6010 6016 6013
f 6006 6009 6005
f 6005 6009 6015
f 6005 6015 5983
f 5983 6015 5984
f 6008 6003 6018
f 6018 6003 6017
f 6003 6002 6017
f 6017 6002 6019
f 5998 6001 6020
f 6020 6001 5989
f 5999 5998 6021
f 6021 5998 6020
f 5989 5988 6020
f 6020 5988 6022
f 6021 6020 6023
f 6023 6020 6022
f 6021 6024 5999
f 5999 6024 6025
f 6019 6025 6017
f 6017 6025 6024
f 5971 5984 5969
f 5969 5984 6026
f 5970 6027 5977
f 5977 6027 5987
f 6027 5970 6026
f 6026 5970 5969
f 6026 6014 6027
f 6027 6014 6028
f 6014 6012 6028
f 6028 6012 6029
f 6027 6028 5987
f 5987 6028 6030
f 6026 5984 6014
f 6014 5984 6015
f 6031 5986 6030
f 6030 5986 5987
f 6031 5988 5986
f 5986 5988 5985
f 6032 6022 6031
f 6031 6022 5988
f 6032 6031 6033
f 6033 6031 6030
f 6034 6032 6035
f 6035 6032 6033
f 6028 6029 6030
f 6030 6029 6033
f 6029 6036 6033
f 6033 6036 6035
f 6032 6034 6022
f 6022 6034 6023
f 6038 6023 6037
f 6037 6023 6034
f 6037 6040 6039
f 6039 6040 6041
f 6037 6034 6040
f 6040 6034 6035
f 6037 6039 6038
f 6038 6039 6018
f 6038 6018 6024
f 6024 6018 6017
f 6024 6021 6038
f 6038 6021 6023
f 6012 6013 6029
f 6029 6013 6036
f 6041 6036 6016
f 6016 6036 6013
f 6041 6040 6036
f 6036 6040 6035
f 6041 6016 6039
f 6039 6016 6011
f 6011 6008 6039
f 6039 6008 6018
f 5993 6000 6002
f 6002 6000 6019
f 6019 6000 6025
f 6025 6000 5999
f 5943 5756 5944
f 5944 5756 5755
f 6042 5948 5973
f 5973 5948 5947
f 5952 5951 5959
f 5959 5951 5960
f 5951 5953 5960
f 5960 5953 5958
f 5616 5957 5617
f 5617 5957 5956
f 6042 5952 5948
f 5948 5952 5959
f 5944 5755 5972
f 5972 5755 5754
f 5957 5616 5973
f 5973 5616 5652
f 5956 5955 5972
f 5972 5955 5961
f 5943 5953 5756
f 5756 5953 5709
f 6044 6045 6043
f 6043 6045 6046
f 6048 6049 6047
f 6047 6049 6050
f 6047 6050 6051
f 6051 6050 6052
f 6054 6055 6053
f 6053 6055 6056
f 6057 6058 6060
f 6060 6058 6059
f 6061 6062 6048
f 6048 6062 6049
f 6063 6064 6066
f 6066 6064 6065
f 6067 6068 6070
f 6070 6068 6069
f 6071 6069 5653
f 5653 6069 6068
f 6072 6073 6075
f 6075 6073 6074
f 6062 6076 6049
f 6049 6076 6054
f 6058 6067 6059
f 6059 6067 6070
f 6064 6077 6065
f 6065 6077 6045
f 6078 6076 6046
f 6046 6076 6062
f 6073 6080 6079
f 6079 6080 6052
f 6082 6083 6081
f 6081 6083 6084
f 6072 6085 6073
f 6073 6085 6080
f 6086 6051 6080
f 6080 6051 6052
f 6079 6052 6053
f 6053 6052 6050
f 6043 6087 6044
f 6044 6087 6088
f 6061 6089 6043
f 6043 6089 6087
f 6053 6056 6079
f 6079 6056 6090
f 6063 6072 6060
f 6060 6072 6075
f 6043 6046 6061
f 6061 6046 6062
f 6047 6091 6048
f 6048 6091 6092
f 6077 6078 6045
f 6045 6078 6046
f 6049 6054 6050
f 6050 6054 6053
f 6044 6088 6093
f 6093 6088 6094
f 6086 6082 6095
f 6095 6082 6081
f 6083 6082 6066
f 6066 6082 6085
f 6093 6094 6083
f 6083 6094 6084
f 6072 6063 6085
f 6085 6063 6066
f 6051 6086 6096
f 6096 6086 6095
f 6048 6092 6061
f 6061 6092 6089
f 5656 5655 6090
f 6090 5655 6074
f 6091 6047 6096
f 6096 6047 6051
f 6071 6055 6076
f 6076 6055 6054
f 6082 6086 6085
f 6085 6086 6080
f 6093 6083 6065
f 6065 6083 6066
f 6044 6093 6045
f 6045 6093 6065
f 6096 6095 6098
f 6098 6095 6097
f 6096 6098 6091
f 6091 6098 6099
f 6091 6099 6092
f 6092 6099 6100
f 6092 6100 6089
f 6089 6100 6101
f 6095 6081 6097
f 6097 6081 6102
f 6081 6084 6102
f 6102 6084 6103
f 6103 6084 6104
f 6104 6084 6094
f 6106 6097 6105
f 6105 6097 6102
f 6107 6108 6110
f 6110 6108 6109
f 6111 6112 6108
f 6108 6112 6109
f 6109 6112 6114
f 6114 6112 6113
f 6114 6115 6117
f 6117 6115 6116
f 6113 6118 6114
f 6114 6118 6115
f 6117 6110 6114
f 6114 6110 6109
f 6110 6119 6107
f 6107 6119 6120
f 6112 6111 6113
f 6113 6111 6121
f 6111 6099 6121
f 6121 6099 6098
f 6111 6122 6099
f 6099 6122 6100
f 6123 6122 6108
f 6108 6122 6111
f 6124 6123 6107
f 6107 6123 6108
f 6113 6121 6118
f 6118 6121 6106
f 6106 6121 6097
f 6097 6121 6098
f 6125 6124 6120
f 6120 6124 6107
f 6126 6123 6127
f 6127 6123 6124
f 6125 6128 6124
f 6124 6128 6127
f 6129 6126 6130
f 6130 6126 6127
f 6126 6129 6132
f 6132 6129 6131
f 6128 6133 6127
f 6127 6133 6130
f 6123 6126 6122
f 6122 6126 6132
f 6122 6132 6100
f 6100 6132 6101
f 6120 6134 6125
f 6125 6134 6135
f 6120 6119 6134
f 6134 6119 6136
f 6115 6118 6137
f 6137 6118 6106
f 6115 6137 6116
f 6116 6137 6138
f 6137 6106 6139
f 6139 6106 6105
f 6138 6137 6140
f 6140 6137 6139
f 6141 6142 6138
f 6138 6142 6116
f 6136 6142 6134
f 6134 6142 6141
f 6089 6101 6087
f 6087 6101 6143
f 6088 6144 6094
f 6094 6144 6104
f 6143 6144 6087
f 6087 6144 6088
f 6131 6145 6143
f 6143 6145 6144
f 6129 6146 6131
f 6131 6146 6145
f 6144 6145 6104
f 6104 6145 6147
f 6143 6101 6131
f 6131 6101 6132
f 6148 6103 6147
f 6147 6103 6104
f 6103 6148 6102
f 6102 6148 6105
f 6148 6149 6105
f 6105 6149 6139
f 6149 6148 6150
f 6150 6148 6147
f 6151 6149 6152
f 6152 6149 6150
f 6145 6146 6147
f 6147 6146 6150
f 6146 6153 6150
f 6150 6153 6152
f 6149 6151 6139
f 6139 6151 6140
f 6155 6140 6154
f 6154 6140 6151
f 6154 6157 6156
f 6156 6157 6158
f 6154 6151 6157
f 6157 6151 6152
f 6154 6156 6155
f 6155 6156 6135
f 6155 6135 6141
f 6141 6135 6134
f 6141 6138 6155
f 6155 6138 6140
f 6146 6129 6153
f 6153 6129 6130
f 6158 6153 6133
f 6133 6153 6130
f 6158 6157 6153
f 6153 6157 6152
f 6156 6158 6128
f 6128 6158 6133
f 6128 6125 6156
f 6156 6125 6135
f 6110 6117 6119
f 6119 6117 6136
f 6136 6117 6142
f 6142 6117 6116
f 6055 5615 6056
f 6056 5615 5752
f 6060 6059 6063
f 6063 6059 6064
f 6077 6070 6078
f 6078 6070 6069
f 6069 6071 6078
f 6078 6071 6076
f 6159 6057 6075
f 6075 6057 6060
f 6059 6070 6064
f 6064 6070 6077
f 6056 5752 6090
f 6090 5752 5656
f 6090 6074 6079
f 6079 6074 6073
f 6055 6071 5615
f 5615 6071 5653
f 5547 5471 6160
f 6160 5471 6161
f 5729 5577 6163
f 6163 5577 6162
f 5577 5576 6162
f 6162 5576 6164
f 5713 6165 5711
f 5711 6165 6166
f 5474 5729 6167
f 6167 5729 6163
f 5750 5547 6168
f 6168 5547 6160
f 5471 5474 6161
f 6161 5474 6167
f 6169 5712 6168
f 6168 5712 5750
f 5711 6166 5576
f 5576 6166 6164
f 6165 5713 6169
f 6169 5713 5712
f 6168 6170 6169
f 6169 6170 6171
f 6169 6171 6165
f 6165 6171 6172
f 6165 6172 6166
f 6166 6172 6173
f 6166 6173 6164
f 6164 6173 6174
f 6168 6160 6170
f 6170 6160 6175
f 6160 6161 6175
f 6175 6161 6176
f 6161 6167 6176
f 6176 6167 6177
f 6179 6170 6178
f 6178 6170 6175
f 6181 6182 6180
f 6180 6182 6183
f 6184 6185 6181
f 6181 6185 6182
f 6186 6187 6185
f 6185 6187 6182
f 6186 6188 6187
f 6187 6188 6189
f 6190 6183 6187
f 6187 6183 6182
f 6183 6190 6191
f 6191 6190 6192
f 6191 6193 6183
f 6183 6193 6180
f 6186 6185 6194
f 6194 6185 6184
f 6184 6172 6194
f 6194 6172 6171
f 6184 6195 6172
f 6172 6195 6173
f 6181 6196 6184
f 6184 6196 6195
f 6196 6181 6197
f 6197 6181 6180
f 6186 6194 6188
f 6188 6194 6179
f 6179 6194 6170
f 6170 6194 6171
f 6193 6198 6180
f 6180 6198 6197
f 6199 6196 6200
f 6200 6196 6197
f 6198 6201 6197
f 6197 6201 6200
f 6202 6199 6203
f 6203 6199 6200
f 6199 6202 6205
f 6205 6202 6204
f 6201 6206 6200
f 6200 6206 6203
f 6196 6199 6195
f 6195 6199 6205
f 6195 6205 6173
f 6173 6205 6174
f 6198 6193 6208
f 6208 6193 6207
f 6193 6191 6207
f 6207 6191 6192
f 6189 6188 6209
f 6209 6188 6179
f 6210 6189 6211
f 6211 6189 6209
f 6209 6179 6212
f 6212 6179 6178
f 6211 6209 6213
f 6213 6209 6212
f 6211 6214 6210
f 6210 6214 6215
f 6192 6215 6207
f 6207 6215 6214
f 6190 6187 6210
f 6210 6187 6189
f 6192 6190 6215
f 6215 6190 6210
f 6162 6164 6216
f 6216 6164 6174
f 6167 6163 6177
f 6177 6163 6217
f 6216 6217 6162
f 6162 6217 6163
f 6204 6218 6216
f 6216 6218 6217
f 6202 6219 6204
f 6204 6219 6218
f 6217 6218 6177
f 6177 6218 6220
f 6216 6174 6204
f 6204 6174 6205
f 6221 6176 6220
f 6220 6176 6177
f 6176 6221 6175
f 6175 6221 6178
f 6221 6222 6178
f 6178 6222 6212
f 6222 6221 6223
f 6223 6221 6220
f 6224 6222 6225
f 6225 6222 6223
f 6218 6219 6220
f 6220 6219 6223
f 6219 6226 6223
f 6223 6226 6225
f 6222 6224 6212
f 6212 6224 6213
f 6228 6213 6227
f 6227 6213 6224
f 6229 6227 6231
f 6231 6227 6230
f 6227 6224 6230
f 6230 6224 6225
f 6227 6229 6228
f 6228 6229 6208
f 6228 6208 6214
f 6214 6208 6207
f 6214 6211 6228
f 6228 6211 6213
f 6219 6202 6226
f 6226 6202 6203
f 6231 6226 6206
f 6206 6226 6203
f 6231 6230 6226
f 6226 6230 6225
f 6229 6231 6201
f 6201 6231 6206
f 6201 6198 6229
f 6229 6198 6208
f 5674 5672 5661
f 5661 5672 5662
f 5662 5672 5663
f 5663 5672 5646
f 5651 6042 5652
f 5652 6042 5973
f 5518 5517 5751
f 5751 5517 5733
f 5738 5660 5753
f 5753 5660 5637
f 5752 5636 5656
f 5656 5636 5526
f 5952 6042 5593
f 5593 6042 5651
f 5593 5651 5594
f 5594 5651 5650
f 5600 5737 5514
f 5514 5737 5515
f 5546 5545 5740
f 5740 5545 6232
f 6232 6058 5740
f 5740 6058 6057
f 6067 6058 6233
f 6233 6058 6232
f 6233 6232 6234
f 6234 6232 5545
f 6234 5545 6235
f 6235 5545 5544
f 5606 6236 5543
f 5543 6236 5544
f 6235 5544 5539
f 5539 5544 6236
f 6237 6235 5542
f 5542 6235 5539
f 6235 6237 6234
f 6234 6237 6238
f 6234 6238 6233
f 6233 6238 6239
f 5653 6068 5650
f 5650 6068 6239
f 5642 5513 6240
f 6240 5513 5516
f 5539 6236 5540
f 5540 6236 5606
f 5636 5614 5637
f 5637 5614 5753
f 6239 5737 5650
f 5650 5737 5594
f 6239 6068 6233
f 6233 6068 6067
f 6075 6074 6159
f 6159 6074 5655
f 6057 6159 5740
f 5740 6159 5655
f 5515 5737 6238
f 6238 5737 6239
f 6238 6237 5515
f 5515 6237 5516
f 5542 6240 6237
f 6237 6240 5516
f 6240 5542 5642
f 5642 5542 5541
f 5702 5699 5541
f 5541 5699 5642
f 5582 5475 5717
f 5470 5443 5537
f 5537 5443 5504
f 5469 5444 5470
f 5470 5444 5443
f 5726 5557 5727
f 5727 5557 5556
f 5537 5504 5511
f 5511 5504 5506
f 5504 5503 5506
f 5506 5503 5507
f 5503 5455 5507
f 5507 5455 5581
f 5455 5454 5581
f 5581 5454 5456
f 5473 5453 5474
f 5474 5453 5729
f 5457 5454 5473
f 5473 5454 5453
f 5473 5472 5457
f 5457 5472 5686
f 5472 5548 5686
f 5686 5548 5687
f 5749 5693 5548
f 5548 5693 5687
f 5715 5532 5749
f 5749 5532 5693
f 5714 5486 5715
f 5715 5486 5532
f 5714 5710 5486
f 5486 5710 5449
f 5728 5578 5729
f 5729 5578 5577
f 5452 5445 5698
f 5698 5445 5558
f 5445 5444 5558
f 5558 5444 5556
f 5444 5469 5556
f 5556 5469 5727
f 5469 5468 5727
f 5727 5468 5555
f 5468 5747 5555
f 5555 5747 5552
f 5747 5700 5552
f 5552 5700 5716
f 5700 5699 5716
f 5716 5699 5717
f 5699 5702 5717
f 5717 5702 5582
f 5702 5701 5582
f 5582 5701 5583
f 5726 5479 5557
f 5557 5479 5483
f 5483 5479 5484
f 5484 5479 5482
f 5534 5533 5482
f 5482 5533 5484
f 5691 5688 5534
f 5534 5688 5533
f 5644 5647 5691
f 5691 5647 5688
f 5719 5746 5701
f 5701 5746 5583
f 5718 5497 5719
f 5719 5497 5746
f 5718 5605 5654
f 5654 5605 5638
f 5498 5654 5657
f 5657 5654 5633
f 5497 5718 5498
f 5498 5718 5654
f 5657 5527 5498
f 5498 5527 5494
f 5528 5570 5495
f 5495 5570 5521
f 5665 5668 5528
f 5528 5668 5570
f 5664 5671 5665
f 5665 5671 5668
f 5645 5741 5664
f 5664 5741 5671
f 5644 5696 5645
f 5645 5696 5741
f 5710 5575 5449
f 5449 5575 5450
f 5575 5578 5450
f 5450 5578 5698
f 5578 5728 5698
f 5698 5728 5452
f 5452 5728 5451
f 5451 5728 5453
f 3619 6241 3620
f 3620 6241 6242
f 6243 6244 3628
f 3628 6244 3629
f 6245 6246 3634
f 3634 6246 3631
f 6247 6248 3636
f 3636 6248 3637
f 6249 6250 3642
f 3642 6250 3639
f 3639 6250 3643
f 3643 6250 6251
f 3743 6252 3744
f 3744 6252 6253
f 6246 6243 3631
f 3631 6243 3628
f 3753 6254 3754
f 3754 6254 6255
f 3857 6256 3619
f 3619 6256 6241
f 6257 6245 3932
f 3932 6245 3634
f 6242 6247 3620
f 3620 6247 3636
f 6258 6259 3946
f 3946 6259 3947
f 6260 6249 3948
f 3948 6249 3642
f 6244 6258 3629
f 3629 6258 3946
f 3947 6259 3753
f 3753 6259 6254
f 6248 6260 3637
f 3637 6260 3948
f 3643 6251 3743
f 3743 6251 6252
f 3744 6253 3932
f 3932 6253 6257
f 6250 6249 6251
f 6251 6249 6252
f 6245 6261 6246
f 6246 6261 6262
f 6263 6264 6247
f 6247 6264 6248
f 6252 6265 6253
f 6253 6265 6266
f 6246 6262 6243
f 6243 6262 6267
f 6268 6261 6257
f 6257 6261 6245
f 6269 6263 6242
f 6242 6263 6247
f 6270 6271 6260
f 6260 6271 6249
f 6264 6270 6248
f 6248 6270 6260
f 6253 6266 6257
f 6257 6266 6268
f 6249 6271 6252
f 6252 6271 6265
f 6254 6259 6272
f 6272 6259 6273
f 6266 6265 6270
f 6270 6265 6271
f 6268 6266 6264
f 6264 6266 6270
f 6261 6268 6263
f 6263 6268 6264
f 6269 6262 6263
f 6263 6262 6261
f 4186 4185 6274
f 6274 4185 6275
f 6241 6276 6242
f 6242 6276 6269
f 6258 6244 6277
f 6277 6244 6278
f 6256 6279 6241
f 6241 6279 6276
f 6259 6258 6273
f 6273 6258 6277
f 6243 6267 6244
f 6244 6267 6278
f 6276 6267 6269
f 6269 6267 6262
f 6254 6272 6255
f 6255 6272 6280
f 3865 3713 3888
f 3888 3713 3685
f 5242 5233 3892
f 3892 5233 3711
f 3900 5243 3892
f 3892 5243 5242
f 3734 3866 3900
f 3900 3866 5243
f 4117 6281 4118
f 4118 6281 6282
f 4118 6282 4278
f 4278 6282 4879
f 4717 4887 4718
f 4718 4887 4280
f 4792 4278 4882
f 4882 4278 4879
f 4795 4792 6283
f 6283 4792 4882
f 4852 4851 5012
f 5012 4851 6284
f 4856 5207 4857
f 4857 5207 4858
f 4860 4279 4857
f 4857 4279 4854
f 4718 4280 4860
f 4860 4280 4279
f 4864 4863 4745
f 4745 4863 4742
f 5366 4867 5011
f 5011 4867 4866
f 4871 4884 4872
f 4872 4884 4883
f 4872 4883 4117
f 4117 4883 6281
f 6284 4851 6283
f 6283 4851 4795
f 4852 4866 4853
f 4853 4866 4865
f 4871 4870 4856
f 4856 4870 5207
f 4717 4716 4864
f 4864 4716 4861
f 4868 4867 4862
f 4862 4867 4863
f 4268 4855 4269
f 4269 4855 4854
f 4281 4274 4282
f 4282 4274 4765
f 4744 4743 4907
f 4907 4743 4904
f 4874 4881 4820
f 4820 4881 4880
f 4885 5013 4886
f 4886 5013 4980
f 4888 4275 4281
f 4281 4275 4274
f 4902 6282 4903
f 4903 6282 6281
f 6283 4979 6284
f 6284 4979 4978
f 4282 4765 4269
f 4269 4765 4266
f 4880 4879 4902
f 4902 4879 6282
f 4903 6281 4886
f 4886 6281 4883
f 4882 4881 6283
f 6283 4881 4979
f 5013 4885 4267
f 4267 4885 4268
f 4888 4887 4744
f 4744 4887 4745
f 4410 6285 4411
f 4411 6285 4812
f 4750 4749 6286
f 6286 4749 6287
f 6289 4695 6288
f 6288 4695 4255
f 4750 4675 4751
f 4751 4675 4965
f 6290 6291 4963
f 4963 6291 4960
f 4807 4806 4411
f 4411 4806 4408
f 6292 6293 4959
f 4959 6293 4956
f 4958 6294 4959
f 4959 6294 4955
f 4962 4964 4963
f 4963 4964 4805
f 4962 4961 4751
f 4751 4961 4748
f 6296 6297 6295
f 6295 6297 6298
f 6299 6300 6288
f 6288 6300 4735
f 6302 4961 6301
f 6301 4961 4960
f 6304 6287 6303
f 6303 6287 4749
f 4968 6305 4969
f 4969 6305 6306
f 4413 6308 6307
f 6307 6308 4900
f 6301 4960 6309
f 6309 4960 6291
f 4412 4408 6310
f 6310 4408 4806
f 4696 6311 4256
f 4256 6311 6312
f 6303 4749 6313
f 6313 4749 4748
f 6313 4748 6302
f 6302 4748 4961
f 6315 6316 6314
f 6314 6316 6317
f 4084 6318 6315
f 6315 6318 6316
f 4083 6319 4084
f 4084 6319 6318
f 4112 6320 4083
f 4083 6320 6319
f 6322 4138 6321
f 6321 4138 4137
f 6324 4128 6323
f 6323 4128 4127
f 4127 4193 6323
f 6323 4193 6325
f 4193 4891 6325
f 6325 4891 6326
f 4891 6327 6326
f 6326 6327 6328
f 6327 4824 5227
f 5227 4824 5228
f 5231 4684 6329
f 6329 4684 4683
f 4683 4099 6329
f 6329 4099 6330
f 4099 4102 6330
f 6330 4102 6331
f 4174 4826 4429
f 4429 4826 4829
f 4173 4741 4174
f 4174 4741 4826
f 4180 4738 4173
f 4173 4738 4741
f 6332 6333 4180
f 4180 6333 4738
f 6274 6334 4186
f 4186 6334 4188
f 4181 4825 4180
f 4180 4825 6332
f 5044 5213 5045
f 5045 5213 5165
f 5046 5087 5047
f 5047 5087 5222
f 5077 5063 5078
f 5078 5063 5198
f 5081 5099 5082
f 5082 5099 5194
f 5095 5074 5096
f 5096 5074 5073
f 5373 5170 5096
f 5096 5170 5093
f 5375 5171 5373
f 5373 5171 5170
f 5047 5222 5375
f 5375 5222 5171
f 5046 5038 5376
f 5376 5038 5067
f 5377 5086 5376
f 5376 5086 5085
f 5045 5165 5377
f 5377 5165 5086
f 5378 5214 5044
f 5044 5214 5213
f 5077 5034 5378
f 5378 5034 5214
f 5082 5194 5078
f 5078 5194 5035
f 5081 5080 5379
f 5379 5080 6335
f 5379 6335 5095
f 5095 6335 5074
f 5032 5080 5033
f 5033 5080 5079
f 5040 5017 5041
f 5041 5017 5016
f 5050 5043 5051
f 5051 5043 5042
f 5065 5023 5066
f 5066 5023 5022
f 5050 5049 5065
f 5065 5049 5023
f 5041 5016 5068
f 5068 5016 5020
f 5071 5374 5072
f 5072 5374 5200
f 5075 5156 5076
f 5076 5156 5155
f 5162 5212 5068
f 5068 5212 5067
f 5075 5074 5192
f 5192 5074 6335
f 5066 5022 5199
f 5199 5022 5196
f 5076 5155 5072
f 5072 5155 5069
f 5040 5039 5071
f 5071 5039 5374
f 5162 5161 5051
f 5051 5161 5048
f 5192 6335 5032
f 5032 6335 5080
f 5199 5196 5033
f 5033 5196 5030
f 5018 5211 5019
f 5019 5211 5408
f 5019 5408 5021
f 5021 5408 5163
f 5024 5057 5025
f 5025 5057 5415
f 5028 5048 5029
f 5029 5048 5161
f 5054 5031 5055
f 5055 5031 5030
f 5024 5023 5058
f 5058 5023 5049
f 5061 5070 5062
f 5062 5070 5069
f 5157 5438 5158
f 5158 5438 5442
f 5160 5191 5054
f 5054 5191 5031
f 5029 5161 5021
f 5021 5161 5020
f 5025 5415 5197
f 5197 5415 5220
f 5158 5442 5062
f 5062 5442 5059
f 5018 5017 5061
f 5061 5017 5070
f 5160 5159 5157
f 5157 5159 5438
f 5028 5027 5058
f 5058 5027 5056
f 5055 5030 5197
f 5197 5030 5196
f 5409 5380 5410
f 5410 5380 6336
f 5026 5413 5027
f 5027 5413 5412
f 5396 5417 5393
f 5393 5417 5416
f 5416 5057 5419
f 5419 5057 5056
f 5417 5396 5426
f 5426 5396 5420
f 5427 5423 5428
f 5428 5423 5422
f 5427 5059 5430
f 5430 5059 5442
f 5409 5408 5433
f 5433 5408 5211
f 5433 5211 5428
f 5428 5211 5060
f 5412 5411 5419
f 5419 5411 5418
f 5436 5053 5437
f 5437 5053 5052
f 5439 5402 5440
f 5440 5402 5401
f 5436 5435 5439
f 5439 5435 5402
f 5410 6336 5413
f 5413 6336 5414
f 5440 5401 5430
f 5430 5401 5429
f 5426 5420 5437
f 5437 5420 5434
f 5382 5432 5383
f 5383 5432 5384
f 5386 6336 5383
f 5383 6336 5380
f 6336 5386 5414
f 5414 5386 5388
f 5391 5418 5392
f 5392 5418 5411
f 5705 5395 5704
f 5704 5395 5394
f 5399 5435 5400
f 5400 5435 5434
f 5403 5441 5404
f 5404 5441 5405
f 5407 5429 5404
f 5404 5429 5401
f 5395 5705 5421
f 5421 5705 5748
f 5424 5706 5425
f 5425 5706 5431
f 5391 5390 5394
f 5394 5390 5704
f 5392 5388 5389
f 5389 5388 5387
f 5382 5381 5425
f 5425 5381 5422
f 5407 5406 5424
f 5424 5406 5706
f 5403 5402 5399
f 5399 5402 5435
f 5421 5748 5400
f 5400 5748 5397
f 4097 4721 4098
f 4098 4721 4231
f 4233 5273 4098
f 4098 5273 4095
f 6337 6338 4785
f 4785 6338 4786
f 4076 4780 4073
f 4073 4780 4781
f 4782 4190 4781
f 4781 4190 4073
f 4783 4901 4782
f 4782 4901 4190
f 4780 4076 4097
f 4097 4076 4721
f 6337 2879 4701
f 4701 2879 2878
f 5280 6339 5272
f 5272 6339 6340
f 5282 5281 6341
f 6341 5281 6342
f 4109 6302 4110
f 4110 6302 6301
f 4283 6304 4284
f 4284 6304 6303
f 6305 4379 6306
f 6306 4379 4378
f 4110 6301 4428
f 4428 6301 6309
f 6310 4688 4412
f 4412 4688 4687
f 4284 6303 4753
f 4753 6303 6313
f 4753 6313 4109
f 4109 6313 6302
f 6343 5226 4428
f 4428 5226 4427
f 4147 4900 4416
f 4416 4900 6308
f 6312 6311 4241
f 4241 6311 4720
f 5223 6344 4702
f 4702 6344 4699
f 4221 4220 6345
f 6345 4220 6346
f 5276 5275 6347
f 6347 5275 6348
f 5275 4728 6348
f 6348 4728 6349
f 4727 6350 5284
f 5284 6350 5285
f 6351 6352 6354
f 6354 6352 6353
f 5313 5312 5292
f 5292 5312 5293
f 5312 5344 5293
f 5293 5344 5337
f 5344 4914 5337
f 5337 4914 4916
f 4914 4913 4916
f 4916 4913 4917
f 4913 6355 4917
f 4917 6355 4978
f 6356 6357 6284
f 6284 6357 5012
f 6357 6358 5012
f 5012 6358 5011
f 5011 6358 5366
f 5366 6358 6359
f 6360 4742 6359
f 6359 4742 5366
f 4743 6361 4904
f 4904 6361 5364
f 5363 4905 5364
f 5364 4905 4904
f 5363 6362 4905
f 4905 6362 4207
f 6362 6363 4207
f 4207 6363 4208
f 6363 5342 4208
f 4208 5342 5330
f 5342 5341 5330
f 5330 5341 4244
f 5341 6364 4244
f 4244 6364 4245
f 6364 6365 4245
f 4245 6365 4246
f 6366 6367 4253
f 4253 6367 4250
f 4214 6368 4211
f 4211 6368 4380
f 4380 4379 4211
f 4211 4379 4283
f 4379 6305 4283
f 4283 6305 6304
f 6305 4968 6304
f 6304 4968 6287
f 4968 4967 6287
f 6287 4967 6286
f 4967 6297 6286
f 6286 6297 4676
f 6296 4376 4288
f 4288 4376 4285
f 4376 4373 4285
f 4285 4373 4290
f 6369 6370 6372
f 6372 6370 6371
f 5245 6373 5246
f 5246 6373 6374
f 4317 6375 4318
f 4318 6375 6376
f 4331 6377 4332
f 4332 6377 6378
f 6379 4333 6376
f 6376 4333 4318
f 4343 6380 4344
f 4344 6380 6381
f 4347 6382 4348
f 4348 6382 6383
f 4374 6371 4331
f 4331 6371 6377
f 4333 6379 4426
f 4426 6379 6384
f 4690 6385 4347
f 4347 6385 6382
f 4332 6378 4317
f 4317 6378 6375
f 4922 6386 4923
f 4923 6386 6387
f 6388 6389 4375
f 4375 6389 6390
f 6355 6356 4978
f 4978 6356 6284
f 4742 6360 4743
f 4743 6360 6361
f 6391 4238 6392
f 6392 4238 4719
f 6392 4719 6393
f 6393 4719 5296
f 6395 6396 6394
f 6394 6396 6397
f 6399 6400 6398
f 6398 6400 6401
f 6402 5302 6403
f 6403 5302 5303
f 5303 5321 6403
f 6403 5321 6404
f 5320 6405 5321
f 5321 6405 6404
f 5319 6406 5350
f 5350 6406 5351
f 5319 5318 6406
f 6406 5318 6407
f 5288 4197 6408
f 6408 4197 6409
f 4217 4216 6410
f 6410 4216 6411
f 5227 6412 6327
f 6327 6412 6328
f 4892 6413 5227
f 5227 6413 6412
f 4228 6414 4892
f 4892 6414 6413
f 4227 6415 4228
f 4228 6415 6414
f 4248 6416 4227
f 4227 6416 6415
f 4247 6417 4248
f 4248 6417 6416
f 6417 4247 6419
f 6419 4247 6418
f 6419 6418 6421
f 6421 6418 6420
f 6422 5301 6423
f 6423 5301 5300
f 6423 5300 6424
f 6424 5300 6399
f 6408 6409 6398
f 6398 6409 6425
f 6426 6427 6397
f 6397 6427 6394
f 6428 4224 6429
f 6429 4224 4223
f 6347 6346 5276
f 5276 6346 4220
f 6346 6347 6341
f 6341 6347 6339
f 5280 5278 5282
f 5282 5278 4236
f 4896 5224 4684
f 4684 5224 4681
f 4132 4135 4896
f 4896 4135 5224
f 4131 4136 4132
f 4132 4136 4135
f 4226 4754 4131
f 4131 4754 4136
f 4251 4213 4226
f 4226 4213 4754
f 4250 4214 4251
f 4251 4214 4213
f 4250 6367 4214
f 4214 6367 6368
f 6367 4910 6368
f 6368 4910 4737
f 4909 5297 4736
f 4736 5297 5296
f 5297 6395 5296
f 5296 6395 6393
f 6427 6430 6394
f 6394 6430 6431
f 6429 4383 6428
f 6428 4383 4382
f 4219 5277 4220
f 4220 5277 5276
f 4222 4697 4383
f 4383 4697 4218
f 6345 4699 4221
f 4221 4699 6344
f 6342 4700 6345
f 6345 4700 4699
f 4235 4786 5281
f 5281 4786 6338
f 4234 4787 4235
f 4235 4787 4786
f 5279 5278 6432
f 6432 5278 5271
f 4237 5279 6433
f 6433 5279 6432
f 4787 4234 6433
f 6433 4234 4237
f 6435 6436 6434
f 6434 6436 6437
f 6359 6438 6360
f 6360 6438 6437
f 6439 6440 6441
f 6441 6440 6438
f 6443 6439 6442
f 6442 6439 6441
f 6357 6356 6442
f 6442 6356 6444
f 6444 6446 6445
f 6445 6446 6447
f 4912 6446 4913
f 4913 6446 6355
f 6361 6436 5364
f 5364 6436 5365
f 5319 5350 5316
f 5316 5350 6448
f 4832 6449 5350
f 5350 6449 6448
f 4831 6450 4832
f 4832 6450 6449
f 5354 6451 5320
f 5320 6451 6405
f 4265 6452 5354
f 5354 6452 6451
f 4264 6453 4265
f 4265 6453 6452
f 6450 4831 6447
f 6447 4831 6445
f 4263 6435 4264
f 4264 6435 6434
f 6454 6453 6439
f 6439 6453 6440
f 6439 6443 6454
f 6454 6443 4834
f 4833 6455 4834
f 4834 6455 6454
f 5351 6456 4833
f 4833 6456 6455
f 6457 6391 6458
f 6458 6391 6392
f 6458 6392 6431
f 6431 6392 6393
f 5298 6396 5297
f 5297 6396 6395
f 6402 6400 5302
f 5302 6400 5299
f 6402 6403 6459
f 6459 6403 6460
f 6460 6403 6461
f 6461 6403 6404
f 6405 6462 6404
f 6404 6462 6461
f 6406 6462 5351
f 5351 6462 6456
f 6406 6407 6462
f 6462 6407 6461
f 6407 6463 6461
f 6461 6463 6460
f 6463 6464 6460
f 6460 6464 6459
f 6464 6465 6459
f 6459 6465 6401
f 6430 6466 6431
f 6431 6466 6458
f 6466 6410 6458
f 6458 6410 6457
f 6410 6411 6457
f 6457 6411 6467
f 6396 6424 6397
f 6397 6424 6425
f 6393 6395 6431
f 6431 6395 6394
f 6451 6456 6405
f 6405 6456 6462
f 6452 6455 6451
f 6451 6455 6456
f 6453 6454 6452
f 6452 6454 6455
f 6443 6445 4834
f 4834 6445 4831
f 6440 6453 6434
f 6434 6453 4264
f 6468 5306 5360
f 5360 5306 5305
f 6469 4124 6468
f 6468 4124 5306
f 6470 4125 6469
f 6469 4125 4124
f 6471 5291 6470
f 6470 5291 4125
f 6353 5292 6471
f 6471 5292 5291
f 5292 6353 5313
f 5313 6353 6352
f 5347 5314 6352
f 6352 5314 5313
f 5353 5318 5346
f 5346 5318 5317
f 5334 6468 5358
f 5358 6468 5360
f 5324 6469 5334
f 5334 6469 6468
f 5323 6470 5324
f 5324 6470 6469
f 5343 6471 5323
f 5323 6471 6470
f 6354 6353 5343
f 5343 6353 6471
f 6348 6349 4270
f 4270 6349 5311
f 5272 6340 5273
f 5273 6340 4272
f 6432 5271 4232
f 4232 5271 4233
f 4294 6432 4295
f 4295 6432 4232
f 6432 4294 6433
f 6433 4294 4301
f 4301 4300 6433
f 6433 4300 4787
f 4704 4784 4300
f 4300 4784 4787
f 4704 3013 4784
f 4784 3013 1307
f 5103 6472 5104
f 5104 6472 5202
f 5108 5116 5105
f 5105 5116 5115
f 5111 5124 5112
f 5112 5124 5123
f 5154 5205 5105
f 5105 5205 5106
f 5167 5180 5168
f 5168 5180 5185
f 5175 5188 5176
f 5176 5188 5187
f 5112 5123 5178
f 5178 5123 5120
f 5167 5090 5183
f 5183 5090 5089
f 5210 5151 5183
f 5183 5151 5181
f 5216 5138 5217
f 5217 5138 5137
f 5218 5119 5219
f 5219 5119 5221
f 5218 5178 5119
f 5119 5178 5120
f 5217 5137 5104
f 5104 5137 5101
f 5116 5108 5221
f 5221 5108 5219
f 5111 5110 5210
f 5210 5110 5151
f 5154 5153 5103
f 5103 5153 6472
f 5216 5215 5176
f 5176 5215 5173
f 5175 5174 5168
f 5168 5174 5166
f 5091 5172 5092
f 5092 5172 5208
f 5117 5037 5118
f 5118 5037 5036
f 5121 5164 5122
f 5122 5164 5133
f 5125 5084 5126
f 5126 5084 5083
f 5129 5174 5130
f 5130 5174 5173
f 5131 5202 5132
f 5132 5202 6472
f 5135 5221 5122
f 5122 5221 5119
f 5125 5124 5136
f 5136 5124 5209
f 5126 5083 5121
f 5121 5083 5164
f 5118 5036 5195
f 5195 5036 5193
f 5131 5097 5203
f 5203 5097 5114
f 5132 6472 5195
f 5195 6472 5153
f 5136 5209 5092
f 5092 5209 5089
f 5135 5134 5117
f 5117 5134 5037
f 5362 5206 5130
f 5130 5206 5127
f 5372 5371 5128
f 5128 5371 5129
f 5371 5372 5091
f 5091 5372 5172
f 5362 5215 5203
f 5203 5215 5201
f 6463 6407 5353
f 5353 6407 5318
f 6464 6463 5352
f 5352 6463 5353
f 6408 6465 5288
f 5288 6465 5289
f 4196 4224 6426
f 6426 4224 6427
f 6430 6427 6428
f 6428 6427 4224
f 6466 6430 4382
f 4382 6430 6428
f 6410 6466 4217
f 4217 6466 4382
f 4240 4239 3015
f 3015 4239 3016
f 4254 4257 3017
f 3017 4257 3018
f 6473 6474 4732
f 4732 6474 6475
f 6474 6374 6475
f 6475 6374 6373
f 5246 6374 3022
f 3022 6374 3023
f 4254 6299 4255
f 4255 6299 6288
f 6473 6300 3024
f 3024 6300 3025
f 6476 4257 6312
f 6312 4257 4256
f 4240 6476 4241
f 4241 6476 6312
f 6477 4239 6391
f 6391 4239 4238
f 6467 6477 6457
f 6457 6477 6391
f 6411 3029 6467
f 6467 3029 3028
f 4216 3030 6411
f 6411 3030 3029
f 6479 6480 6478
f 6478 6480 6481
f 6483 6484 6482
f 6482 6484 6485
f 6486 6487 4102
f 4102 6487 6331
f 6483 6488 6478
f 6478 6488 6489
f 4429 4829 6490
f 6490 4829 6479
f 6491 6486 4101
f 4101 6486 4102
f 4895 6491 4899
f 4899 6491 4101
f 4160 6488 4157
f 4157 6488 6492
f 6489 4087 6490
f 6490 4087 4090
f 4267 4261 5013
f 5013 4261 4260
f 4258 4261 5328
f 5328 4261 4975
f 4261 4267 4975
f 4975 4267 4266
f 5367 3793 3912
f 3912 3793 3575
f 6494 3616 6493
f 6493 3616 3795
f 6496 3589 6495
f 6495 3589 3588
f 6495 3588 5368
f 5368 3588 3794
f 3841 3840 3050
f 3050 3840 3051
f 3912 3911 3052
f 3052 3911 3053
f 3929 3930 3054
f 3054 3930 3055
f 5370 3930 3916
f 3916 3930 3923
f 3938 5369 3807
f 3807 5369 3915
f 3589 6496 3806
f 3806 6496 3937
f 3938 3937 3056
f 3056 3937 3057
f 3051 3840 3058
f 3058 3840 3943
f 3730 4808 3727
f 3727 4808 3943
f 3820 3951 3795
f 3795 3951 6493
f 3951 3841 3059
f 3059 3841 3050
f 3911 3574 6494
f 6494 3574 3616
f 3823 3929 3824
f 3824 3929 3952
f 4061 4060 3060
f 3060 4060 3061
f 6497 6498 4901
f 4901 6498 4790
f 6333 6499 4738
f 4738 6499 4739
f 6500 6501 6314
f 6314 6501 4418
f 6502 6275 4417
f 4417 6275 4185
f 6503 6497 4783
f 4783 6497 4901
f 6498 4060 4790
f 4790 4060 4059
f 4808 4061 3069
f 3069 4061 3060
f 5367 3071 5368
f 5368 3071 3070
f 5369 3073 5370
f 5370 3073 3072
f 6274 6275 3074
f 3074 6275 3075
f 6499 6504 4739
f 4739 6504 6317
f 6333 6332 3077
f 3077 6332 3078
f 6334 6274 3079
f 3079 6274 3074
f 6332 4825 3078
f 3078 4825 3080
f 6334 6503 4188
f 4188 6503 4783
f 4825 4689 3080
f 3080 4689 1330
f 6506 4747 6505
f 6505 4747 4746
f 6505 6507 6506
f 6506 6507 6508
f 4297 6509 4920
f 4920 6509 6510
f 4296 6511 4297
f 4297 6511 6509
f 6506 6508 4319
f 4319 6508 6512
f 4372 4371 6514
f 6514 4371 6513
f 6511 4296 5251
f 5251 4296 4305
f 5251 5250 6511
f 6511 5250 6515
f 6516 6509 6515
f 6515 6509 6511
f 6517 6507 6519
f 6519 6507 6518
f 6512 6520 6513
f 6513 6520 6514
f 6507 6517 6508
f 6508 6517 6521
f 5249 6523 6522
f 6522 6523 6524
f 6525 6370 5253
f 5253 6370 6526
f 4370 4323 4371
f 4371 4323 4326
f 4370 3103 4323
f 4323 3103 1541
f 6521 6517 6527
f 6527 6517 6519
f 6520 6528 6514
f 6514 6528 6529
f 6531 6532 6530
f 6530 6532 6533
f 5250 6534 6515
f 6515 6534 6535
f 6530 6533 6536
f 6536 6533 6537
f 6526 6538 6534
f 6534 6538 6537
f 6515 6535 6516
f 6516 6535 6539
f 4325 4321 4326
f 4326 4321 4320
f 4371 4326 6513
f 6513 4326 4320
f 6531 4731 6541
f 6541 4731 6540
f 4731 4730 6540
f 6540 4730 6542
f 4730 3121 6542
f 6542 3121 3120
f 6530 4328 6531
f 6531 4328 4731
f 4328 6530 4329
f 4329 6530 6536
f 4329 6536 6524
f 6524 6536 6543
f 6544 6545 6522
f 6522 6545 5248
f 6389 6388 5245
f 5245 6388 6373
f 6388 6546 6373
f 6373 6546 6475
f 4733 6546 6295
f 6295 6546 4377
f 4732 6475 4733
f 4733 6475 6546
f 4393 4432 4394
f 4394 4432 4435
f 4434 4672 4842
f 4842 4672 4671
f 4440 4439 4441
f 4441 4439 4438
f 4436 4450 4437
f 4437 4450 4398
f 4447 4444 4448
f 4448 4444 4392
f 4446 4464 4433
f 4433 4464 6547
f 4454 4423 4455
f 4455 4423 4422
f 4452 4481 4453
f 4453 4481 4480
f 4458 4389 4459
f 4459 4389 4388
f 4456 4471 4457
f 4457 4471 4468
f 4391 4460 4392
f 4392 4460 4448
f 4461 4467 4445
f 4445 4467 4465
f 4437 4398 4629
f 4629 4398 4397
f 4438 4628 4441
f 4441 4628 4631
f 4841 4629 4839
f 4839 4629 4397
f 4628 4842 4631
f 4631 4842 4671
f 4930 4989 4452
f 4452 4989 4481
f 4929 4927 4436
f 4436 4927 4450
f 4933 4387 4934
f 4934 4387 4386
f 4931 4475 4932
f 4932 4475 4474
f 4936 4449 4933
f 4933 4449 4387
f 4935 4472 4456
f 4456 4472 4471
f 4389 4458 4391
f 4391 4458 4460
f 4457 4468 4461
f 4461 4468 4467
f 4934 4386 4454
f 4454 4386 4423
f 4453 4480 4931
f 4931 4480 4475
f 4575 4997 4576
f 4576 4997 4639
f 4579 4596 4580
f 4580 4596 4595
f 4583 4582 4572
f 4572 4582 4569
f 4587 4944 4588
f 4588 4944 4562
f 4588 4562 4590
f 4590 4562 4561
f 4576 4639 4642
f 4642 4639 4638
f 4642 4845 4641
f 4641 4845 4846
f 4845 4590 4846
f 4846 4590 4561
f 4941 4938 4595
f 4595 4938 4580
f 4938 4940 4668
f 4668 4940 4669
f 4583 4942 4584
f 4584 4942 4947
f 4582 4587 4569
f 4569 4587 4586
f 5000 5001 4579
f 4579 5001 4596
f 4558 4560 4585
f 4585 4560 4586
f 4565 4639 4566
f 4566 4639 4997
f 4568 4567 4577
f 4577 4567 4578
f 4570 4554 4571
f 4571 4554 4556
f 4640 4565 4637
f 4637 4565 4546
f 4662 4664 4665
f 4665 4664 4844
f 4662 4558 4589
f 4589 4558 4585
f 4554 4570 4557
f 4557 4570 4560
f 4571 4667 4572
f 4572 4667 4943
f 4551 4670 4552
f 4552 4670 4666
f 4640 4664 4638
f 4638 4664 4663
f 4670 4568 4668
f 4668 4568 4577
f 4999 4996 4566
f 4566 4996 4543
f 4608 4564 4603
f 4603 4564 4563
f 4573 4593 4574
f 4574 4593 4592
f 4597 4614 4598
f 4598 4614 4613
f 4601 4600 4584
f 4584 4600 4581
f 4563 4562 4604
f 4604 4562 4944
f 4643 4593 4641
f 4641 4593 4573
f 4643 4847 4644
f 4644 4847 4848
f 4564 4847 4561
f 4561 4847 4846
f 4945 4941 4598
f 4598 4941 4595
f 4941 4945 4939
f 4939 4945 4946
f 4601 4948 4602
f 4602 4948 4620
f 4600 4604 4581
f 4581 4604 4944
f 5002 5003 4597
f 4597 5003 4614
f 4988 4759 4953
f 4953 4759 4402
f 4706 6548 4707
f 4707 6548 6549
f 4311 4928 4419
f 4419 4928 6550
f 4921 4920 6551
f 6551 4920 6552
f 4925 6553 4926
f 4926 6553 6554
f 4928 4921 4802
f 4802 4921 6551
f 6555 4985 6550
f 6550 4985 4419
f 4952 6556 4953
f 4953 6556 4649
f 4971 6557 4706
f 4706 6557 6548
f 4988 4648 4925
f 4925 4648 6553
f 4707 6549 5006
f 5006 6549 4987
f 4920 6510 6552
f 6552 6510 6518
f 6558 6510 6516
f 6516 6510 6509
f 6559 6558 6539
f 6539 6558 6516
f 6531 6541 6532
f 6532 6541 6560
f 6540 6561 6541
f 6541 6561 6529
f 6542 6562 6540
f 6540 6562 6561
f 6542 3120 6562
f 6562 3120 3142
f 4366 6563 4760
f 4760 6563 4970
f 4815 6564 4816
f 4816 6564 6565
f 3147 3146 6565
f 6565 3146 4816
f 6564 6563 6565
f 6565 6563 6566
f 4837 4385 4357
f 4357 4385 4358
f 6565 6566 3147
f 3147 6566 3149
f 4694 1209 3150
f 5247 5249 5248
f 5248 5249 6522
f 6372 6390 6545
f 6545 6390 6389
f 6375 5254 6376
f 6376 5254 5258
f 6377 6525 6378
f 6378 6525 5255
f 5260 6379 5258
f 5258 6379 6376
f 6380 6567 6381
f 6381 6567 6568
f 6382 6569 6383
f 6383 6569 6570
f 6377 6371 6525
f 6525 6371 6370
f 6379 5260 6384
f 6384 5260 6571
f 6385 6572 6382
f 6382 6572 6569
f 6378 5255 6375
f 6375 5255 5254
f 6386 6573 6387
f 6387 6573 6574
f 6545 6389 5248
f 5248 6389 5245
f 4675 4750 4676
f 4676 4750 6286
f 4734 6289 4735
f 4735 6289 6288
f 4804 6290 4805
f 4805 6290 4963
f 4811 4807 4812
f 4812 4807 4411
f 4954 6292 4955
f 4955 6292 4959
f 4964 4962 4965
f 4965 4962 4751
f 6285 4821 4812
f 4812 4821 4809
f 4675 4287 4965
f 4965 4287 4210
f 6294 4145 4955
f 4955 4145 4154
f 4964 4120 4805
f 4805 4120 4119
f 6298 4966 4734
f 4734 4966 6289
f 6300 6473 4735
f 4735 6473 4732
f 6297 6296 4676
f 4676 6296 4288
f 6523 3160 4330
f 4330 3160 3159
f 5253 5252 6525
f 6525 5252 5255
f 5256 5252 4305
f 4305 5252 5251
f 4304 5257 4305
f 4305 5257 5256
f 4424 5259 4304
f 4304 5259 5257
f 5261 6571 5259
f 5259 6571 5260
f 5262 6573 5261
f 5261 6573 6571
f 5264 6567 5265
f 5265 6567 6574
f 5266 6572 5267
f 5267 6572 6568
f 5268 6570 5269
f 5269 6570 6569
f 1807 3161 5268
f 5268 3161 6570
f 6524 6523 4329
f 4329 6523 4330
f 5253 6526 5250
f 5250 6526 6534
f 6543 6538 6544
f 6544 6538 6369
f 6524 6543 6522
f 6522 6543 6544
f 3071 5367 3052
f 3052 5367 3912
f 6493 3163 6494
f 6494 3163 3162
f 3164 445 3771
f 3771 445 3761
f 461 3165 3919
f 3919 3165 3920
f 330 410 3839
f 3839 410 3910
f 332 331 3552
f 3552 331 3551
f 464 304 3918
f 3918 304 3816
f 385 458 3766
f 3766 458 3894
f 412 415 3762
f 3762 415 3763
f 3166 337 3748
f 3748 337 3745
f 3072 3055 5370
f 5370 3055 3930
f 3073 5369 3056
f 3056 5369 3938
f 3167 3057 6496
f 6496 3057 3937
f 3069 3058 4808
f 4808 3058 3943
f 411 3166 3851
f 3851 3166 3748
f 3059 3163 3951
f 3951 3163 6493
f 336 3164 3772
f 3772 3164 3771
f 3053 3911 3162
f 3162 3911 6494
f 3054 3168 3929
f 3929 3168 3952
f 3165 830 3920
f 3920 830 3945
f 3170 3169 6497
f 6497 3169 6498
f 3171 1354 5005
f 5005 1354 4830
f 3172 3170 6503
f 6503 3170 6497
f 3169 3061 6498
f 6498 3061 4060
f 3173 3171 5006
f 5006 3171 5005
f 3079 3172 6334
f 6334 3172 6503
f 3174 3025 6299
f 6299 3025 6300
f 6576 6577 6575
f 6575 6577 6578
f 4612 4611 6579
f 6579 4611 6580
f 6582 6583 6581
f 6581 6583 6584
f 6584 6585 4618
f 4618 6585 4621
f 6586 6587 6589
f 6589 6587 6588
f 6588 6587 6590
f 6590 6587 6591
f 6592 4606 6590
f 6590 4606 4623
f 6594 6576 6593
f 6593 6576 6575
f 6595 6582 6579
f 6579 6582 6581
f 6580 6597 6596
f 6596 6597 6598
f 6577 6576 6599
f 6599 6576 6600
f 6595 6596 6601
f 6601 6596 6602
f 6583 6582 6603
f 6603 6582 6604
f 6586 6606 6605
f 6605 6606 6607
f 6587 6586 6608
f 6608 6586 6605
f 6587 6608 6591
f 6591 6608 6609
f 6576 6594 6600
f 6600 6594 6610
f 6582 6595 6604
f 6604 6595 6601
f 6599 6611 6577
f 6577 6611 6598
f 6613 6614 6612
f 6612 6614 6615
f 6617 6618 6616
f 6616 6618 6619
f 6621 6622 6620
f 6620 6622 6623
f 6625 6626 6624
f 6624 6626 6627
f 6629 6630 6628
f 6628 6630 6631
f 6633 6634 6632
f 6632 6634 6635
f 6637 6638 6636
f 6636 6638 6639
f 6640 6641 6637
f 6637 6641 6638
f 6643 6633 6642
f 6642 6633 6632
f 6645 6646 6644
f 6644 6646 6647
f 6646 6648 6647
f 6647 6648 6649
f 6651 6652 6650
f 6650 6652 6653
f 6653 6652 6654
f 6654 6652 6655
f 6656 6657 6659
f 6659 6657 6658
f 6661 6662 6660
f 6660 6662 6663
f 6662 6661 6664
f 6664 6661 6665
f 6667 6657 6666
f 6666 6657 6656
f 6669 6670 6668
f 6668 6670 6671
f 6672 6673 6670
f 6670 6673 6671
f 6674 6675 6677
f 6677 6675 6676
f 6675 6678 6676
f 6676 6678 6679
f 6681 6682 6680
f 6680 6682 6683
f 6684 6685 6683
f 6683 6685 6680
f 6687 6688 6686
f 6686 6688 6689
f 6687 6690 6688
f 6688 6690 6691
f 6619 6618 6633
f 6633 6618 6634
f 6632 6635 6693
f 6693 6635 6692
f 6617 6694 6636
f 6636 6694 6637
f 6695 6692 6639
f 6639 6692 6635
f 6637 6694 6640
f 6640 6694 6696
f 6698 6638 6697
f 6697 6638 6641
f 6643 6616 6633
f 6633 6616 6619
f 6642 6699 6641
f 6641 6699 6697
f 6646 6645 6700
f 6700 6645 6621
f 6644 6701 6654
f 6654 6701 6702
f 6700 6703 6646
f 6646 6703 6648
f 6693 6704 6649
f 6649 6704 6647
f 6620 6623 6651
f 6651 6623 6652
f 6693 6649 6699
f 6699 6649 6650
f 6652 6623 6655
f 6655 6623 6622
f 6654 6702 6653
f 6653 6702 6697
f 6615 6614 6657
f 6657 6614 6658
f 6705 6656 6704
f 6704 6656 6659
f 6613 6706 6660
f 6660 6706 6661
f 6704 6659 6701
f 6701 6659 6663
f 6661 6706 6665
f 6665 6706 6707
f 6708 6702 6664
f 6664 6702 6662
f 6612 6615 6667
f 6667 6615 6657
f 6666 6709 6664
f 6664 6709 6708
f 6629 6710 6669
f 6669 6710 6670
f 6668 6711 6679
f 6679 6711 6712
f 6713 6672 6710
f 6710 6672 6670
f 6714 6671 6705
f 6705 6671 6673
f 6628 6631 6674
f 6674 6631 6675
f 6705 6673 6709
f 6709 6673 6677
f 6631 6630 6675
f 6675 6630 6678
f 6712 6708 6679
f 6679 6708 6676
f 6625 6715 6682
f 6682 6715 6683
f 6716 6717 6681
f 6681 6717 6691
f 6718 6684 6715
f 6715 6684 6683
f 6719 6680 6714
f 6714 6680 6685
f 6624 6627 6686
f 6686 6627 6687
f 6689 6711 6685
f 6685 6711 6714
f 6627 6626 6687
f 6687 6626 6690
f 6717 6712 6691
f 6691 6712 6688
f 6612 6707 6613
f 6613 6707 6706
f 6616 6696 6617
f 6617 6696 6694
f 6703 6700 6620
f 6620 6700 6621
f 6715 6625 6718
f 6718 6625 6624
f 6710 6629 6713
f 6713 6629 6628
f 6639 6635 6636
f 6636 6635 6634
f 6641 6640 6642
f 6642 6640 6643
f 6654 6655 6644
f 6644 6655 6645
f 6651 6650 6648
f 6648 6650 6649
f 6659 6658 6663
f 6663 6658 6660
f 6665 6667 6664
f 6664 6667 6666
f 6678 6669 6679
f 6679 6669 6668
f 6673 6672 6677
f 6677 6672 6674
f 6690 6682 6691
f 6691 6682 6681
f 6685 6684 6689
f 6689 6684 6686
f 6636 6634 6617
f 6617 6634 6618
f 6638 6698 6639
f 6639 6698 6695
f 6640 6696 6643
f 6643 6696 6616
f 6693 6699 6632
f 6632 6699 6642
f 6655 6622 6645
f 6645 6622 6621
f 6704 6701 6647
f 6647 6701 6644
f 6651 6648 6620
f 6620 6648 6703
f 6650 6653 6699
f 6699 6653 6697
f 6613 6660 6614
f 6614 6660 6658
f 6663 6662 6701
f 6701 6662 6702
f 6665 6707 6667
f 6667 6707 6612
f 6705 6709 6656
f 6656 6709 6666
f 6630 6629 6678
f 6678 6629 6669
f 6714 6711 6671
f 6671 6711 6668
f 6672 6713 6674
f 6674 6713 6628
f 6677 6676 6709
f 6709 6676 6708
f 6626 6625 6690
f 6690 6625 6682
f 6680 6719 6681
f 6681 6719 6716
f 6684 6718 6686
f 6686 6718 6624
f 6711 6689 6712
f 6689 6688 6712
f 6593 6720 6594
f 6594 6720 6721
f 6722 6720 4607
f 4607 6720 4849
f 6592 6723 6722
f 6722 6723 6724
f 4610 4609 6578
f 6578 4609 6575
f 6596 6595 6580
f 6580 6595 6579
f 4618 4617 6584
f 6584 4617 6581
f 6589 6585 6586
f 6586 6585 6606
f 4622 4619 6588
f 6588 4619 6589
f 4622 6588 4623
f 4623 6588 6590
f 4609 4645 6575
f 6575 4645 6593
f 4617 4612 6581
f 6581 4612 6579
f 5004 4610 6597
f 6597 4610 6578
f 4645 4849 6593
f 6593 4849 6720
f 6724 6721 6722
f 6722 6721 6720
f 6722 4607 6592
f 6592 4607 4606
f 6725 6610 6721
f 6721 6610 6594
f 6723 6726 6724
f 6724 6726 6727
f 6727 6725 6724
f 6724 6725 6721
f 6728 6729 6605
f 6605 6729 6608
f 6605 6607 6728
f 6728 6607 6730
f 6731 6732 6604
f 6604 6732 6603
f 6733 6734 6725
f 6725 6734 6610
f 6735 6733 6727
f 6727 6733 6725
f 6735 6727 6736
f 6736 6727 6726
f 6591 6609 6723
f 6723 6609 6726
f 6723 6592 6591
f 6591 6592 6590
f 6738 6739 6737
f 6737 6739 6740
f 6740 6739 6742
f 6742 6739 6741
f 6743 6744 6741
f 6741 6744 6742
f 6745 6746 6743
f 6743 6746 6744
f 6747 6748 6745
f 6745 6748 6746
f 6749 6750 6747
f 6747 6750 6748
f 6752 6738 6751
f 6751 6738 6737
f 6754 6752 6753
f 6753 6752 6751
f 6756 6754 6755
f 6755 6754 6753
f 6758 6750 6757
f 6757 6750 6749
f 6760 6756 6759
f 6759 6756 6755
f 6762 6760 6761
f 6761 6760 6759
f 6764 6762 6763
f 6763 6762 6761
f 6757 6764 6758
f 6758 6764 6763
f 6766 6741 6765
f 6765 6741 6739
f 6767 6743 6766
f 6766 6743 6741
f 6768 6745 6767
f 6767 6745 6743
f 6769 6747 6768
f 6768 6747 6745
f 6770 6749 6769
f 6769 6749 6747
f 6772 6769 6771
f 6771 6769 6768
f 6773 6770 6772
f 6772 6770 6769
f 6774 6775 6772
f 6772 6775 6773
f 6777 6778 6776
f 6776 6778 6779
f 6775 6774 6778
f 6778 6774 6779
f 6771 6780 6772
f 6772 6780 6774
f 6780 6781 6774
f 6774 6781 6779
f 6781 6782 6779
f 6779 6782 6776
f 6784 6785 6783
f 6783 6785 6786
f 6786 6787 6783
f 6783 6787 6788
f 6790 6788 6789
f 6789 6788 6787
f 6786 6785 6791
f 6791 6785 6792
f 6791 6793 6786
f 6786 6793 6787
f 6793 6794 6787
f 6787 6794 6789
f 6795 6796 6794
f 6794 6796 6789
f 6790 6789 6797
f 6797 6789 6796
f 6798 6765 6738
f 6738 6765 6739
f 6799 6798 6752
f 6752 6798 6738
f 6767 6800 6768
f 6768 6800 6771
f 6766 6801 6767
f 6767 6801 6800
f 6802 6801 6765
f 6765 6801 6766
f 6798 6803 6765
f 6765 6803 6802
f 6804 6803 6799
f 6799 6803 6798
f 6805 6806 6804
f 6804 6806 6803
f 6807 6799 6754
f 6754 6799 6752
f 6808 6804 6807
f 6807 6804 6799
f 6809 6805 6808
f 6808 6805 6804
f 6810 6811 6805
f 6805 6811 6806
f 6812 6813 6810
f 6810 6813 6811
f 6814 6815 6796
f 6796 6815 6797
f 6813 6814 6816
f 6816 6814 6817
f 6816 6818 6813
f 6813 6818 6811
f 6819 6806 6818
f 6818 6806 6811
f 6802 6803 6819
f 6819 6803 6806
f 6757 6749 6820
f 6820 6749 6770
f 6820 6770 6821
f 6821 6770 6773
f 6821 6773 6822
f 6822 6773 6775
f 6822 6775 6823
f 6823 6775 6778
f 6824 6823 6777
f 6777 6823 6778
f 6784 6825 6777
f 6777 6825 6824
f 6826 6827 6788
f 6788 6827 6783
f 6828 6826 6790
f 6790 6826 6788
f 6829 6828 6797
f 6797 6828 6790
f 6815 6830 6797
f 6797 6830 6829
f 6832 6812 6831
f 6831 6812 6810
f 6831 6810 6809
f 6809 6810 6805
f 6736 6800 6735
f 6735 6800 6801
f 6733 6735 6802
f 6802 6735 6801
f 6734 6733 6819
f 6819 6733 6802
f 6833 6734 6818
f 6818 6734 6819
f 6834 6833 6816
f 6816 6833 6818
f 6816 6817 6834
f 6834 6817 6835
f 6837 6795 6836
f 6836 6795 6794
f 6836 6794 6731
f 6731 6794 6793
f 6732 6731 6791
f 6791 6731 6793
f 6791 6792 6732
f 6732 6792 6730
f 6729 6728 6781
f 6781 6728 6782
f 6838 6807 6756
f 6756 6807 6754
f 6839 6838 6760
f 6760 6838 6756
f 6840 6839 6762
f 6762 6839 6760
f 6841 6840 6764
f 6764 6840 6762
f 6820 6841 6757
f 6757 6841 6764
f 6841 6820 6842
f 6842 6820 6821
f 6840 6841 6843
f 6843 6841 6842
f 6839 6840 6844
f 6844 6840 6843
f 6838 6839 6845
f 6845 6839 6844
f 6807 6838 6808
f 6808 6838 6845
f 6842 6821 6846
f 6846 6821 6822
f 6843 6842 6847
f 6847 6842 6846
f 6844 6843 6848
f 6848 6843 6847
f 6845 6844 6849
f 6849 6844 6848
f 6808 6845 6809
f 6809 6845 6849
f 6850 6831 6849
f 6849 6831 6809
f 6851 6850 6848
f 6848 6850 6849
f 6847 6852 6848
f 6848 6852 6851
f 6853 6852 6846
f 6846 6852 6847
f 6846 6822 6853
f 6853 6822 6823
f 6853 6823 6854
f 6854 6823 6824
f 6854 6855 6853
f 6853 6855 6852
f 6856 6851 6855
f 6855 6851 6852
f 6856 6857 6851
f 6851 6857 6850
f 6857 6832 6850
f 6850 6832 6831
f 6825 6858 6824
f 6824 6858 6854
f 6860 6827 6859
f 6859 6827 6826
f 6859 6826 6861
f 6861 6826 6828
f 6862 6861 6829
f 6829 6861 6828
f 6830 6863 6829
f 6829 6863 6862
f 6863 6864 6862
f 6862 6864 6865
f 6858 6866 6854
f 6854 6866 6855
f 6867 6865 6866
f 6866 6865 6864
f 6869 6859 6868
f 6868 6859 6861
f 6867 6869 6865
f 6865 6869 6868
f 6861 6862 6868
f 6868 6862 6865
f 6867 6860 6869
f 6869 6860 6859
f 6753 6751 6698
f 6698 6751 6695
f 6697 6755 6698
f 6698 6755 6753
f 6759 6755 6702
f 6702 6755 6697
f 6761 6759 6708
f 6708 6759 6702
f 6763 6761 6712
f 6712 6761 6708
f 6758 6763 6717
f 6717 6763 6712
f 6750 6758 6716
f 6716 6758 6717
f 6719 6748 6716
f 6716 6748 6750
f 6714 6746 6719
f 6719 6746 6748
f 6705 6744 6714
f 6714 6744 6746
f 6704 6742 6705
f 6705 6742 6744
f 6740 6742 6693
f 6693 6742 6704
f 6737 6740 6692
f 6692 6740 6693
f 6751 6737 6695
f 6695 6737 6692
f 6601 6602 6836
f 6836 6602 6837
f 6604 6601 6731
f 6731 6601 6836
f 6599 6600 6834
f 6834 6600 6833
f 6834 6835 6599
f 6599 6835 6611
f 6600 6610 6833
f 6833 6610 6734
f 6780 6771 6870
f 6870 6771 6736
f 6736 6771 6800
f 6870 6729 6780
f 6780 6729 6781
f 6608 6729 6609
f 6609 6729 6870
f 6609 6870 6726
f 6726 6870 6736
f 5014 5015 5229
f 5229 5015 5230
f 4258 5015 4259
f 4259 5015 4878
f 3471 3013 4703
f 4703 3013 4704
f 2879 6337 1306
f 1306 6337 4785
f 829 3471 4316
f 4316 3471 4703
f 4702 3472 5223
f 5223 3472 1756
f 6871 6872 4534
f 4534 6872 4535
f 6871 4665 6872
f 6872 4665 4844
f 6871 6873 4665
f 4665 6873 4559
f 6871 4534 6873
f 6873 4534 4542
f 4153 4152 4822
f 4822 4152 4407
f 4152 4168 4407
f 4407 4168 4342
f 4343 4168 4923
f 4923 4168 4167
f 4363 4362 4972
f 4972 4362 4840
f 4362 4394 4840
f 4840 4394 4839
f 4401 4400 4986
f 4986 4400 4984
f 4435 4434 4841
f 4841 4434 4842
f 4506 4505 4530
f 4530 4505 4531
f 4506 4535 4507
f 4507 4535 4843
f 4661 4660 4516
f 4516 4660 4517
f 4673 4672 4937
f 4937 4672 6547
f 4400 4924 4984
f 4984 4924 5263
f 4673 4660 4674
f 4674 4660 4659
f 4505 4661 4531
f 4531 4661 4516
f 4952 4401 6874
f 6874 4401 4986
f 4954 4153 6875
f 6875 4153 4822
f 4363 4973 4364
f 4364 4973 4974
f 5264 4924 5267
f 5267 4924 4691
f 6293 6292 6876
f 6876 6292 6877
f 6380 4343 6387
f 6387 4343 4923
f 4394 4435 4839
f 4839 4435 4841
f 4672 4434 6547
f 6547 4434 4433
f 4973 6556 4974
f 4974 6556 6878
f 6567 6380 6574
f 6574 6380 6387
f 6292 4954 6877
f 6877 4954 6875
f 6567 5264 6568
f 6568 5264 5267
f 4145 4144 4154
f 4154 4144 4151
f 4194 4144 4425
f 4425 4144 4143
f 4355 4354 5263
f 5263 4354 4984
f 4360 4359 4364
f 4364 4359 4361
f 4444 4359 4392
f 4392 4359 4337
f 4447 4446 4432
f 4432 4446 4433
f 4464 4463 6547
f 6547 4463 4937
f 4519 4518 4654
f 4654 4518 4509
f 4533 4532 4499
f 4499 4532 4498
f 4533 4542 4530
f 4530 4542 4534
f 4519 4532 4516
f 4516 4532 4531
f 4922 4194 4426
f 4426 4194 4425
f 4463 4518 4937
f 4937 4518 4517
f 6555 4951 6874
f 6874 4951 6878
f 4958 4957 6290
f 6290 4957 6291
f 4334 4360 4712
f 4712 4360 4950
f 4985 4354 4419
f 4419 4354 4353
f 5262 4355 5265
f 5265 4355 5263
f 6294 4958 4804
f 4804 4958 6290
f 6386 4922 6384
f 6384 4922 4426
f 4444 4447 4393
f 4393 4447 4432
f 4464 4446 4465
f 4465 4446 4445
f 4985 6555 4986
f 4986 6555 6874
f 6573 6386 6571
f 6571 6386 6384
f 4145 6294 4146
f 4146 6294 4804
f 6573 5262 6574
f 6574 5262 5265
f 4542 4541 6873
f 6873 4541 4559
f 4535 6872 4843
f 4843 6872 4844
f 4104 4103 6879
f 6879 4103 6343
f 4105 6293 6307
f 6307 6293 6876
f 4104 4956 4105
f 4105 4956 6293
f 4956 4104 4957
f 4957 4104 6879
f 4957 6879 6291
f 6291 6879 6309
f 4648 4988 4649
f 4649 4988 4953
f 4802 4803 4928
f 4928 4803 6550
f 6550 4803 6555
f 6555 4803 4951
f 1516 3173 4987
f 4987 3173 5006
f 6519 6518 6558
f 6558 6518 6510
f 6527 6519 6559
f 6559 6519 6558
f 6528 6560 6529
f 6529 6560 6541
f 6548 4625 6549
f 6549 4625 4624
f 6551 6552 4746
f 4746 6552 6505
f 6553 4711 6554
f 6554 4711 4710
f 4802 6551 4713
f 4713 6551 4746
f 6556 4973 4649
f 4649 4973 4646
f 6557 4949 6548
f 6548 4949 4625
f 4648 4647 6553
f 6553 4647 4711
f 6549 4624 4987
f 4987 4624 4838
f 6552 6518 6505
f 6505 6518 6507
f 6561 4372 6529
f 6529 4372 6514
f 6562 4369 6561
f 6561 4369 4372
f 3142 3482 6562
f 6562 3482 4369
f 6556 4952 6878
f 6878 4952 6874
f 4951 4950 6878
f 6878 4950 4974
f 3168 440 3952
f 4204 4203 5341
f 5341 4203 6364
f 4219 4222 6429
f 6429 4222 4383
f 4319 4322 6506
f 6506 4322 4747
f 4340 4714 4341
f 4341 4714 4384
f 4375 4377 6388
f 6388 4377 6546
f 4378 4381 6311
f 6311 4381 4720
f 4449 4341 4387
f 4387 4341 4384
f 4473 4472 4477
f 4477 4472 4474
f 4492 4491 4487
f 4487 4491 4488
f 4523 4491 4522
f 4522 4491 4490
f 4492 4538 4493
f 4493 4538 4555
f 4538 4553 4555
f 4555 4553 4556
f 4620 4615 4621
f 4621 4615 4618
f 4652 4651 4368
f 4368 4651 4365
f 4523 4655 4524
f 4524 4655 4656
f 4553 4667 4556
f 4556 4667 4571
f 4651 1210 4365
f 4365 1210 1209
f 4698 4697 5223
f 5223 4697 6344
f 4340 4339 4322
f 4322 4339 4747
f 4726 4729 5287
f 5287 4729 4198
f 4381 4380 4737
f 4737 4380 6368
f 4836 4835 4451
f 4451 4835 4709
f 4910 6367 4911
f 4911 6367 6366
f 4912 4915 6450
f 6450 4915 6449
f 4927 4836 4450
f 4450 4836 4451
f 4930 4929 4439
f 4439 4929 4436
f 4936 4935 4459
f 4459 4935 4456
f 4473 4655 4470
f 4470 4655 4510
f 4942 4583 4943
f 4943 4583 4572
f 4948 4601 4947
f 4947 4601 4584
f 4949 4835 4625
f 4625 4835 4626
f 4966 4969 6289
f 6289 4969 4695
f 4971 4652 4926
f 4926 4652 4368
f 4203 4977 6364
f 6364 4977 6365
f 4990 4989 4443
f 4443 4989 4440
f 4990 4991 4478
f 4478 4991 4512
f 4992 4991 4528
f 4528 4991 4515
f 4992 4993 4527
f 4527 4993 4485
f 4994 4993 4502
f 4502 4993 4503
f 4994 4995 4482
f 4482 4995 4550
f 4543 4996 4544
f 4544 4996 4995
f 4999 4998 4567
f 4567 4998 4578
f 5000 4998 4575
f 4575 4998 4997
f 5002 5001 4592
f 4592 5001 4574
f 5003 5004 4614
f 4614 5004 4611
f 3483 4215 1755
f 1755 4215 4698
f 5274 5277 4195
f 4195 5277 4223
f 4726 5295 4727
f 4727 5295 6350
f 5309 5342 5310
f 5310 5342 6363
f 5315 5314 5316
f 5316 5314 5317
f 5339 6362 5340
f 5340 6362 5363
f 5310 6363 5339
f 5339 6363 6362
f 4204 5309 4201
f 4201 5309 5308
f 4915 5345 6449
f 6449 5345 6448
f 5345 5315 6448
f 6448 5315 5316
f 5348 5347 6351
f 6351 5347 6352
f 5365 4263 5340
f 5340 4263 4262
f 6295 6298 4733
f 4733 6298 4734
f 4969 6306 4695
f 4695 6306 4696
f 6306 4378 4696
f 4696 4378 6311
f 6369 6372 6544
f 6544 6372 6545
f 4375 6390 4373
f 4373 6390 4374
f 6421 6422 4911
f 4911 6422 4908
f 4910 4909 4737
f 4737 4909 4736
f 5277 4219 4223
f 4223 4219 6429
f 4697 4222 6344
f 6344 4222 4221
f 6436 6361 6437
f 6437 6361 6360
f 6438 6440 6437
f 6437 6440 6434
f 6438 6359 6441
f 6441 6359 6358
f 6442 6441 6357
f 6357 6441 6358
f 6442 6444 6443
f 6443 6444 6445
f 6446 6444 6355
f 6355 6444 6356
f 6446 4912 6447
f 6447 4912 6450
f 6436 6435 5365
f 5365 6435 4263
f 5314 5347 5317
f 5317 5347 5346
f 4319 6512 4320
f 4320 6512 6513
f 6520 6512 6521
f 6521 6512 6508
f 6528 6520 6527
f 6527 6520 6521
f 6532 6539 6533
f 6533 6539 6535
f 6533 6535 6537
f 6537 6535 6534
f 6538 6543 6537
f 6537 6543 6536
f 6295 4377 6296
f 6296 4377 4376
f 4989 4930 4440
f 4440 4930 4439
f 4927 4929 4422
f 4422 4929 4455
f 4449 4936 4388
f 4388 4936 4459
f 4472 4935 4474
f 4474 4935 4932
f 4942 4940 4947
f 4947 4940 4939
f 5001 5000 4574
f 4574 5000 4575
f 4669 4943 4666
f 4666 4943 4667
f 4996 4999 4547
f 4547 4999 4567
f 4948 4946 4620
f 4620 4946 4615
f 5003 5002 4591
f 4591 5002 4592
f 6557 4971 6554
f 6554 4971 4926
f 6532 6560 6539
f 6539 6560 6559
f 6390 6372 4374
f 4374 6372 6371
f 4966 6298 4967
f 4967 6298 6297
f 6538 6526 6369
f 6369 6526 6370
f 6585 6589 4621
f 4621 6589 4619
f 6597 6578 6598
f 6598 6578 6577
f 6606 6583 6607
f 6607 6583 6603
f 6611 6602 6598
f 6598 6602 6596
f 6585 6584 6606
f 6606 6584 6583
f 6597 6580 5004
f 5004 6580 4611
f 6607 6603 6730
f 6730 6603 6732
f 6776 6785 6777
f 6777 6785 6784
f 6785 6776 6792
f 6792 6776 6782
f 6815 6814 6812
f 6812 6814 6813
f 6817 6814 6795
f 6795 6814 6796
f 6825 6784 6827
f 6827 6784 6783
f 6830 6815 6832
f 6832 6815 6812
f 6817 6795 6835
f 6835 6795 6837
f 6792 6782 6730
f 6730 6782 6728
f 6858 6825 6860
f 6860 6825 6827
f 6863 6830 6857
f 6857 6830 6832
f 6864 6863 6856
f 6856 6863 6857
f 6866 6858 6867
f 6867 6858 6860
f 6866 6864 6855
f 6855 6864 6856
f 6835 6837 6611
f 6611 6837 6602
f 6560 6528 6559
f 6559 6528 6527
f 4949 6557 4710
f 4710 6557 6554
f 4430 4090 4175
f 4175 4090 4089
f 4777 4113 4155
f 4155 4113 4086
f 4175 4089 4176
f 4176 4089 4142
f 4199 4271 4200
f 4200 4271 4798
f 4199 4095 4272
f 4272 4095 5273
f 4406 4405 4404
f 4404 4405 4346
f 4410 4409 6877
f 6877 4409 6876
f 4409 4413 6876
f 6876 4413 6307
f 4415 4148 4416
f 4416 4148 4147
f 4690 4405 4344
f 4344 4405 4342
f 4693 4692 4352
f 4352 4692 4349
f 4701 4700 6337
f 6337 4700 6338
f 4778 4777 4081
f 4081 4777 4155
f 4821 4406 4809
f 4809 4406 4404
f 4176 4142 4181
f 4181 4142 4415
f 4760 4970 4399
f 4399 4970 4692
f 4200 5007 4096
f 4096 5007 4078
f 5266 4693 5269
f 5269 4693 4352
f 5270 5007 5361
f 5361 5007 4797
f 4778 5270 4779
f 4779 5270 5361
f 6285 4410 6875
f 6875 4410 6877
f 6308 4413 4687
f 4687 4413 4412
f 6480 6320 6481
f 6481 6320 6880
f 4701 2878 4702
f 4702 2878 3472
f 6339 6347 6340
f 6340 6347 6348
f 6341 6342 6346
f 6346 6342 6345
f 4416 6308 4414
f 4414 6308 4687
f 6385 4690 6381
f 6381 4690 4344
f 5282 6341 5280
f 5280 6341 6339
f 4700 6342 6338
f 6338 6342 5281
f 6340 6348 4272
f 4272 6348 4270
f 6480 6479 4828
f 4828 6479 4829
f 6490 6479 6489
f 6489 6479 6478
f 4090 4430 6490
f 6490 4430 4429
f 6563 6564 4970
f 4970 6564 4815
f 4694 6566 4366
f 4366 6566 6563
f 6572 6385 6568
f 6568 6385 6381
f 4821 6285 4822
f 4822 6285 6875
f 6572 5266 6569
f 6569 5266 5269
f 3482 3103 4369
f 4369 3103 4370
f 3121 4730 3485
f 3485 4730 4327
f 6277 6280 6273
f 6273 6280 6272
f 6267 6276 6278
f 6278 6276 6279
f 6278 6279 6277
f 6277 6279 6280
f 6279 6256 6280
f 6280 6256 6255
f 6256 3857 6255
f 6255 3857 3754
f 3857 3856 3754
f 3754 3856 3755
f 3856 3703 3755
f 3755 3703 3863
f 3703 3702 3863
f 3863 3702 3759
f 3702 3706 3759
f 3759 3706 3670
f 3706 3705 3670
f 3670 3705 3668
f 3705 3773 3668
f 3668 3773 3882
f 3882 3773 3883
f 3883 3773 3707
f 3707 3708 3883
f 3883 3708 3880
f 3708 3710 3880
f 3880 3710 3881
f 3709 5241 3710
f 3710 5241 3881
f 5241 3709 5234
f 5234 3709 3786
f 3693 3712 3786
f 3786 3712 5234
f 4051 4055 4052
f 4052 4055 4056
f 4056 4055 4057
f 4057 4055 4054
f 4066 5238 5236
f 5236 5238 3989
f 4066 4069 5238
f 5238 4069 4035
f 6881 3962 3960
f 3960 3962 3957
f 6883 4070 6882
f 6882 4070 3941
f 4070 6883 4071
f 4071 6883 6884
f 4071 6884 4072
f 4072 6884 6885
f 6885 6886 4072
f 4072 6886 4031
f 3955 6881 3956
f 3956 6881 3960
f 6884 3991 6885
f 6885 3991 3990
f 6883 6887 6884
f 6884 6887 3991
f 6887 6888 3991
f 3991 6888 3992
f 6888 6887 6889
f 6889 6887 6890
f 6887 6883 6890
f 6890 6883 6882
f 4058 5240 3953
f 3953 5240 3954
f 5236 6888 5239
f 5239 6888 6889
f 5237 6886 3990
f 3990 6886 6885
f 4034 4031 5237
f 5237 4031 6886
f 6881 6882 3962
f 3962 6882 3941
f 6881 3955 6882
f 6882 3955 6890
f 3955 3954 6890
f 6890 3954 6889
f 5239 6889 5240
f 5240 6889 3954
f 6888 5236 3992
f 3992 5236 3989
f 3869 3868 3888
f 3888 3868 4015
f 3868 4012 4015
f 4015 4012 4010
f 4012 4022 4010
f 4010 4022 4009
f 4022 4021 4009
f 4009 4021 4018
f 4020 3974 4001
f 4001 3974 3996
f 4021 4020 4029
f 4029 4020 4001
f 4085 4156 4086
f 4086 4156 4155
f 4113 4777 4114
f 4114 4777 4776
f 4130 4129 4094
f 4094 4129 4091
f 4139 4773 4140
f 4140 4773 4772
f 4149 4178 4150
f 4150 4178 5225
f 4160 4159 4087
f 4087 4159 4088
f 4149 4148 4179
f 4179 4148 4141
f 4085 4084 4183
f 4183 4084 6315
f 4179 4141 4159
f 4159 4141 4088
f 4192 4130 4162
f 4162 4130 4094
f 4197 5288 4198
f 4198 5288 5287
f 4229 4766 4230
f 4230 4766 4771
f 4245 4246 4242
f 4242 4246 4249
f 4183 6315 4418
f 4418 6315 6314
f 4679 4178 4680
f 4680 4178 4177
f 4724 4798 4725
f 4725 4798 4271
f 4728 5275 4729
f 4729 5275 5274
f 4230 4771 4249
f 4249 4771 4242
f 4724 4723 4799
f 4799 4723 5355
f 4823 4824 4891
f 4891 4824 6327
f 4823 4192 4161
f 4161 4192 4162
f 4893 4767 4229
f 4229 4767 4766
f 4894 4895 4898
f 4898 4895 4899
f 4106 4150 4103
f 4103 4150 5225
f 4680 4894 4677
f 4677 4894 4898
f 6420 4977 5301
f 5301 4977 4976
f 4679 4678 5226
f 5226 4678 4427
f 5228 5008 4893
f 4893 5008 4767
f 5285 6354 5286
f 5286 6354 5343
f 5289 5352 5290
f 5290 5352 5349
f 5290 5349 5295
f 5295 5349 5348
f 5302 5299 4202
f 4202 5299 4976
f 4725 4271 5311
f 5311 4271 4270
f 5325 4723 5326
f 5326 4723 4722
f 5335 5355 5325
f 5325 5355 4723
f 5326 4722 5286
f 5286 4722 5283
f 4799 5357 4797
f 4797 5357 5361
f 5359 5356 5335
f 5335 5356 5355
f 4775 4774 5356
f 5356 4774 5357
f 5359 5358 4092
f 4092 5358 4093
f 6316 4740 6317
f 6317 4740 4739
f 6318 4827 6316
f 6316 4827 4740
f 6319 4828 6318
f 6318 4828 4827
f 6320 6480 6319
f 6319 6480 4828
f 6484 6322 6485
f 6485 6322 6321
f 6487 6324 6331
f 6331 6324 6323
f 6331 6323 6330
f 6330 6323 6325
f 6325 6326 6330
f 6330 6326 6329
f 6326 6328 6329
f 6329 6328 5231
f 4824 4685 5228
f 5228 4685 5008
f 5226 6343 5225
f 5225 6343 4103
f 4728 4727 6349
f 6349 4727 5284
f 6350 6351 5285
f 5285 6351 6354
f 4247 4246 6418
f 6418 4246 6365
f 6400 6402 6401
f 6401 6402 6459
f 4197 4196 6409
f 6409 4196 6426
f 6412 4897 6328
f 6328 4897 5231
f 6413 4133 6412
f 6412 4133 4897
f 6414 4134 6413
f 6413 4134 4133
f 6415 4225 6414
f 6414 4225 4134
f 6416 4252 6415
f 6415 4252 4225
f 6417 4253 6416
f 6416 4253 4252
f 4253 6417 6366
f 6366 6417 6419
f 6366 6419 4911
f 4911 6419 6421
f 6422 6423 4908
f 4908 6423 5298
f 5298 6423 6396
f 6396 6423 6424
f 6409 6426 6425
f 6425 6426 6397
f 5300 5299 6399
f 6399 5299 6400
f 6465 6408 6401
f 6401 6408 6398
f 6424 6399 6425
f 6425 6399 6398
f 6349 5284 5311
f 5311 5284 5283
f 6465 6464 5289
f 5289 6464 5352
f 6488 6483 6492
f 6492 6483 6482
f 6486 6491 6482
f 6482 6491 6492
f 6491 4895 6492
f 6492 4895 4157
f 6488 4160 6489
f 6489 4160 4087
f 6501 6502 4418
f 4418 6502 4417
f 6504 6500 6317
f 6317 6500 6314
f 3497 3496 6501
f 6501 3496 6502
f 3499 3498 6504
f 6504 3498 6500
f 4729 5274 4198
f 4198 5274 4195
f 6418 6365 6420
f 6420 6365 4977
f 5295 5348 6350
f 6350 5348 6351
f 5301 6422 6420
f 6420 6422 6421
f 4113 4112 4086
f 4086 4112 4083
f 6320 4112 6880
f 6880 4112 4111
f 4091 4772 4092
f 4092 4772 4775
f 4129 4140 4091
f 4091 4140 4772
f 4137 4140 4128
f 4128 4140 4129
f 4128 6324 4137
f 4137 6324 6321
f 6324 6487 6321
f 6321 6487 6485
f 6487 6486 6485
f 6485 6486 6482
f 4774 4773 4779
f 4779 4773 4776
f 4773 4139 4776
f 4776 4139 4114
f 4139 4138 4114
f 4114 4138 4111
f 4138 6322 4111
f 4111 6322 6880
f 6322 6484 6880
f 6880 6484 6481
f 6484 6483 6481
f 6481 6483 6478
f 6879 6343 6309
f 6309 6343 4428
f 4106 4105 4900
f 4900 4105 6307
f 3500 3167 6495
f 6495 3167 6496
f 3500 6495 3070
f 3070 6495 5368
f 3502 5235 3501
f 3501 5235 4813
f 3024 3503 6473
f 6473 3503 6474
f 3503 3023 6474
f 6474 3023 6374
f 3504 1770 4348
f 4348 1770 4345
f 3502 3505 5235
f 5235 3505 4810
f 3498 3497 6500
f 6500 3497 6501
f 3496 3075 6502
f 6502 3075 6275
f 6299 4254 3174
f 3174 4254 3017
f 1769 3501 4814
f 4814 3501 4813
f 3506 3018 6476
f 6476 3018 4257
f 3507 3499 6499
f 6499 3499 6504
f 3030 4216 3483
f 3483 4216 4215
f 3077 3507 6333
f 6333 3507 6499
f 1784 3160 5249
f 5249 3160 6523
f 3015 3506 4240
f 4240 3506 6476
f 3508 3504 6383
f 6383 3504 4348
f 3509 3016 6477
f 6477 3016 4239
f 3028 3509 6467
f 6467 3509 6477
f 3022 1785 5246
f 5246 1785 5247
f 3161 3508 6570
f 6570 3508 6383
f 3150 3149 4694
f 4694 3149 6566
f 1327 4807 3510
f 3510 4807 4811
f 3510 4811 3505
f 3505 4811 4810
f 3146 3511 4816
f 4816 3511 4350
f 3511 1808 4350
f 4350 1808 4351
f 3485 4327 3159
f 3159 4327 4330
f 1326 3512 4806
f 4806 3512 6310
f 3512 1331 6310
f 6310 1331 4688
