# generated by scripts_v2/build_torso_v6_template.py
v 0.04780402 1.66654231 0.10852397
v 0.04277536 1.65447865 0.11876578
v 0.05366862 1.64886423 0.10984290
v 0.05900090 1.65719412 0.09875123
v 0.05058209 1.64163777 0.11800450
v 0.04022685 1.64458406 0.12481473
v 0.06085004 1.64076133 0.10058853
v 0.06544785 1.64532205 0.08915210
v 0.06692985 1.60309690 0.09601949
v 0.07111677 1.59675894 0.08698881
v 0.07041937 1.60936695 0.08610820
v 0.06532327 1.61267162 0.09500342
v 0.06497399 1.57550754 0.09799270
v 0.05770432 1.56842665 0.10770018
v 0.05988668 1.55772426 0.09930102
v 0.06617513 1.56482052 0.08784823
v 0.02547701 1.58600977 0.13016585
v 0.03054621 1.57919113 0.13010178
v 0.03456381 1.58590144 0.12702614
v 0.02886666 1.59197692 0.12722956
v 0.01703944 1.59814235 0.13664507
v 0.01820269 1.60293919 0.13140986
v 0.01351705 1.60804518 0.13720116
v 0.01265918 1.60205014 0.14367596
v 0.02091649 1.58092164 0.13401245
v 0.02629190 1.57349975 0.13402031
v 0.02117881 1.59275712 0.13156733
v 0.01932292 1.58848623 0.13612502
v 0.01680345 1.58349467 0.15041857
v 0.01823705 1.58843588 0.14762103
v 0.01466850 1.59010740 0.15517420
v 0.01332272 1.58458087 0.15554215
v 0.01992106 1.58133110 0.13979582
v 0.02006474 1.58505781 0.14209435
v 0.01786305 1.58126293 0.14589053
v 0.01647809 1.57834215 0.14317076
v 0.01637564 1.59357875 0.14171937
v 0.01306575 1.59663352 0.14945948
v 0.00872968 1.59867012 0.15725726
v 0.00976923 1.59053074 0.16259807
v 0.04072679 1.56484463 0.12620283
v 0.03592797 1.57215085 0.12884257
v 0.03180631 1.56715638 0.13306297
v 0.03640161 1.56092765 0.13109116
v 0.01777336 1.57436549 0.14031491
v 0.02106010 1.55671475 0.14413081
v 0.02140317 1.56147019 0.14335004
v 0.01531551 1.56259822 0.14724346
v 0.01559535 1.55804086 0.14787257
v 0.04518335 1.54809985 0.11955582
v 0.04079799 1.54713087 0.12643778
v 0.04079492 1.53885470 0.12461551
v 0.04485063 1.53860687 0.11682547
v 0.03864040 1.53167881 0.12475218
v 0.04338500 1.52882563 0.11594254
v 0.03615615 1.51132831 0.12182967
v 0.03990597 1.51972006 0.11813746
v 0.03538552 1.52499476 0.12764869
v 0.03091775 1.51872360 0.13244449
v 0.01935122 1.52461707 0.14026191
v 0.01318647 1.52318621 0.14304475
v 0.01838259 1.50930493 0.14347029
v 0.02515334 1.51302752 0.13869516
v 0.02031862 1.54920830 0.14055255
v 0.02423363 1.54902088 0.13768142
v 0.02451320 1.55135903 0.13949632
v 0.02063081 1.55254208 0.14305647
v 0.02816994 1.54868095 0.13522686
v 0.02980111 1.54854921 0.13418325
v 0.02945638 1.55037232 0.13534584
v 0.02798163 1.54965240 0.13574667
v 0.02620101 1.54902052 0.13654712
v 0.02518189 1.54669223 0.13751109
v 0.02734105 1.54765364 0.13600786
v 0.02183377 1.54532903 0.14080241
v 0.00866017 1.54453769 0.14907686
v 0.01281383 1.54465221 0.14768437
v 0.01109173 1.54980369 0.14610936
v 0.00767453 1.54965559 0.14705909
v 0.02776068 1.55257713 0.13704812
v 0.03015127 1.55485182 0.13624033
v 0.02663672 1.55816490 0.13952974
v 0.02532960 1.55465177 0.13971490
v 0.03307965 1.55748117 0.13482633
v 0.03177563 1.55180568 0.13418190
v 0.03499979 1.55317539 0.13257900
v 0.02927832 1.54635372 0.13473882
v 0.03203175 1.54458841 0.13297210
v 0.03256394 1.54805341 0.13337257
v 0.03018393 1.54087973 0.13457502
v 0.02707407 1.54407185 0.13654579
v 0.02384332 1.54154435 0.13990424
v 0.01921988 1.53990093 0.14362243
v 0.02162918 1.53444022 0.14047371
v 0.02659224 1.53753105 0.13734568
v 0.02863067 1.56265284 0.13752687
v 0.03637935 1.54749833 0.13080137
v 0.03910040 1.55465866 0.12851410
v 0.03615138 1.54199484 0.13011612
v 0.03416616 1.53663384 0.13088836
v 0.03047072 1.53139418 0.13359150
v 0.02514178 1.52755533 0.13701057
v 0.02074011 1.49907071 0.13277726
v 0.02902769 1.50426970 0.12842183
v 0.03784720 1.63759716 0.12316656
v 0.04669386 1.63571309 0.11974296
v 0.04648483 1.62705680 0.11557452
v 0.04844063 1.62932256 0.11510914
v 0.04335910 1.63170550 0.11835239
v 0.04253969 1.62853691 0.11810898
v 0.06001119 1.61610767 0.10093309
v 0.05500188 1.61889370 0.10529376
v 0.05552656 1.61468248 0.10456780
v 0.06129836 1.60907271 0.10112892
v 0.04802903 1.60708590 0.11381173
v 0.05233156 1.60814012 0.10981926
v 0.04872336 1.61566682 0.11177710
v 0.04556368 1.61521714 0.11464455
v 0.04163496 1.61519924 0.11683385
v 0.03736227 1.61568795 0.11828102
v 0.03778023 1.60968966 0.11865739
v 0.04292253 1.60803165 0.11670946
v 0.03669836 1.63347393 0.11970909
v 0.02911025 1.63300426 0.11985396
v 0.03070352 1.62945679 0.11906160
v 0.03697464 1.62985574 0.11940133
v 0.01992180 1.62156015 0.11605065
v 0.02105405 1.62442267 0.11621725
v 0.01736074 1.62626102 0.11779260
v 0.01679645 1.62128499 0.11830286
v 0.01926843 1.61796978 0.11872136
v 0.02134306 1.61979911 0.11677091
v 0.03888623 1.68764875 0.10413430
v 0.03387818 1.67264189 0.11564913
v 0.05396806 1.67854909 0.09380139
v 0.06381402 1.66546203 0.08453067
v 0.07096656 1.65014105 0.07671648
v 0.05164554 1.55189726 0.11035208
v 0.05233277 1.54148115 0.10567353
v 0.06189504 1.54675169 0.09215365
v 0.06013157 1.53452028 0.08979333
v 0.05017476 1.52948172 0.10450942
v 0.03681457 1.50942786 0.10563861
v 0.04516190 1.51823530 0.10421095
v 0.05440973 1.52240786 0.08650424
v 0.06087838 1.53374506 0.06735057
v 0.06545577 1.54333458 0.07277180
v 0.06417695 1.54708460 0.05257501
v 0.05428783 1.52389768 0.05773430
v 0.06241897 1.54387001 0.04487446
v 0.03725289 1.48439281 0.06208837
v 0.04128486 1.46865871 0.05813070
v 0.05486141 1.47196390 0.04535746
v 0.05252409 1.48699123 0.05062483
v 0.06694596 1.55382000 0.07889087
v 0.07172764 1.61864691 0.07717702
v 0.06783810 1.62084705 0.08812070
v 0.07374470 1.60478433 0.07556366
v 0.07378328 1.67403328 0.05205178
v 0.06940823 1.67208606 0.06951543
v 0.07618135 1.65499231 0.06460764
v 0.08013185 1.65864754 0.04907369
v 0.04552381 1.70972102 0.05648117
v 0.04411271 1.70106988 0.08267131
v 0.05720956 1.68891620 0.07641996
v 0.06027190 1.69500542 0.05506153
v 0.08138585 1.65801528 0.03515777
v 0.08203443 1.65564449 0.01746427
v 0.07823113 1.67191347 0.00961432
v 0.07629900 1.67539575 0.03157166
v 0.06695524 1.69151006 -0.00037793
v 0.06444128 1.69702742 0.02692542
v 0.06314184 1.52889402 0.03666763
v 0.06274878 1.54633587 0.03280184
v 0.04953311 1.50511318 0.05490648
v 0.06109779 1.50902011 0.03891841
v 0.04904455 1.70824909 -0.00825218
v 0.04634966 1.71427540 0.02489294
v 0.07112755 1.62492944 -0.02775834
v 0.07450228 1.64440498 -0.02122102
v 0.07986931 1.63336627 -0.00408195
v 0.07719156 1.61696682 -0.01183116
v 0.06145416 1.63230777 -0.04416932
v 0.06449726 1.65549420 -0.03739347
v 0.05733683 1.56693692 -0.02013325
v 0.04982302 1.54983900 -0.01108003
v 0.04161677 1.55002146 -0.02383271
v 0.04824978 1.56689376 -0.03527751
v 0.05765976 1.63600914 0.11029703
v 0.05301772 1.63125509 0.11485295
v 0.05679563 1.62700881 0.10931241
v 0.06173489 1.62937698 0.10327121
v 0.06516707 1.63118394 0.09351019
v 0.06897712 1.63271218 0.08171473
v 0.07773864 1.63993441 0.05870114
v 0.08147728 1.64490491 0.04545034
v 0.08349877 1.64202125 0.02140517
v 0.08320503 1.64438131 0.03498222
v 0.08132518 1.62177676 0.00484409
v 0.07933644 1.61130590 0.00016355
v 0.06178151 1.55346160 0.01662327
v 0.05910186 1.53125446 0.02097463
v 0.05253272 1.53186174 0.00732875
v 0.05600325 1.55159537 0.00182923
v 0.03586337 1.53240639 -0.01439640
v 0.04433914 1.53201333 -0.00410825
v 0.05548307 1.49224707 0.02193103
v 0.05521919 1.47449826 0.01573512
v 0.05135282 1.47800880 0.00183722
v 0.04929847 1.49361909 0.00897057
v 0.04419781 1.47899413 -0.01017447
v 0.03465528 1.47965760 -0.01920029
v 0.03284487 1.49718642 -0.01260138
v 0.04143955 1.49639544 -0.00305245
v 0.01689214 1.46425831 0.07630056
v 0.01814874 1.45176436 0.07059229
v 0.03047756 1.45349523 0.06326669
v 0.02707351 1.46672684 0.06732331
v 0.05889638 1.46193219 0.00718496
v 0.05495600 1.46724045 -0.00698277
v 0.06339202 1.56764974 -0.00485946
v 0.06707333 1.57086057 0.00657139
v 0.04806269 1.46693216 -0.01899659
v 0.04233912 1.51340689 -0.00128544
v 0.05064381 1.51236195 0.01080401
v 0.02631657 1.53321257 -0.02330058
v 0.03050935 1.55009780 -0.03483486
v 0.02348235 1.59787329 0.12802938
v 0.02743053 1.61326742 0.11962745
v 0.02811969 1.61739860 0.11864958
v 0.02417536 1.61863955 0.11765171
v 0.02297542 1.61540347 0.11913489
v 0.01634890 1.65651451 0.12935509
v 0.01437676 1.64022262 0.13121341
v 0.02806668 1.64421001 0.12949639
v 0.03005810 1.65703931 0.12586726
v 0.05388420 1.58169880 0.11611940
v 0.04447920 1.58834136 0.12198033
v 0.04057786 1.57909901 0.12548644
v 0.04634934 1.57101057 0.12155053
v 0.05184308 1.62083347 0.10786214
v 0.05357017 1.62307701 0.10779387
v 0.05083827 1.62304650 0.11010791
v 0.04333324 1.55686353 0.12344404
v 0.04970447 1.56146386 0.11646981
v 0.07307800 1.58968987 0.07589039
v 0.06375527 1.62212606 0.09781497
v 0.02390843 1.72147650 0.05937413
v 0.02374848 1.70996060 0.08910554
v 0.02731456 1.72084776 -0.01330748
v 0.02503556 1.72509133 0.02372629
v 0.04939506 1.66561862 -0.05184080
v 0.04602838 1.63925759 -0.05907356
v 0.02611607 1.64376551 -0.06927232
v 0.02762333 1.67369231 -0.06144089
v 0.03560025 1.56724551 -0.04697656
v 0.02488198 1.47938711 -0.02246914
v 0.02331403 1.49761377 -0.01972690
v 0.02258326 1.69223925 0.10889558
v 0.01884760 1.67351135 0.12094827
v 0.07351815 1.63540227 0.06963910
v 0.06592404 1.59387876 0.09990953
v 0.06121267 1.60252341 0.10455002
v 0.05865932 1.59816523 0.10977613
v 0.06264688 1.58739904 0.10610570
v 0.06891948 1.58460726 0.09143711
v 0.06930782 1.57532874 0.07929169
v 0.07141913 1.56586404 0.06549697
v 0.06788447 1.55404307 0.05827297
v 0.08094360 1.64798811 0.00296376
v 0.07648134 1.66113926 -0.00946587
v 0.06653236 1.67661509 -0.02341716
v 0.05063410 1.69089402 -0.03532341
v 0.08240694 1.63739129 0.00908835
v 0.02819665 1.70200817 -0.04336769
v 0.01479785 1.56717467 0.14582764
v 0.02184836 1.56751590 0.14056171
v 0.01315885 1.57188081 0.14543083
v 0.01411326 1.53895151 0.14619167
v 0.00933858 1.53846028 0.14746478
v 0.01044779 1.53202976 0.14358625
v 0.01586419 1.53282364 0.14254603
v 0.01839016 1.49825845 0.11433952
v 0.02753760 1.50236607 0.11032376
v 0.01631821 1.47698340 0.08292487
v 0.02499081 1.48009846 0.07294792
v 0.01248658 1.58191382 0.14936265
v 0.01066529 1.58200359 0.14998321
v 0.01053146 1.58136503 0.14737788
v 0.01279503 1.58113209 0.14699445
v 0.02644418 1.55077679 0.13738033
v 0.01051504 1.55818409 0.15022844
v 0.00712784 1.55773810 0.15100062
v 0.00729906 1.55378959 0.14935445
v 0.01081228 1.55407330 0.14871083
v 0.04096169 1.51027620 0.08215136
v 0.03588741 1.49911231 0.06835663
v 0.05907256 1.47139702 0.03162331
v 0.05973305 1.48913652 0.03700205
v 0.05727411 1.51141437 0.02379134
v 0.03306000 1.51534848 -0.01230226
v 0.02495703 1.51508112 -0.02081519
v -0.00043902 1.51929155 -0.02797560
v -0.00039513 1.53547544 -0.03249883
v 0.01364690 1.53402726 -0.03012359
v 0.01203767 1.51725345 -0.02549457
v 0.02554809 1.50134761 0.09242347
v 0.01626468 1.49756658 0.09782317
v 0.01568200 1.49051643 0.08780545
v 0.02426447 1.49360186 0.07996928
v 0.00691239 1.57877186 0.15090414
v 0.00549253 1.57740267 0.15265437
v 0.00615618 1.57503927 0.14975294
v 0.00805032 1.57764364 0.14878620
v 0.01380844 1.57917473 0.14497788
v 0.01136785 1.57814657 0.14507086
v 0.01200143 1.57592826 0.14521711
v 0.01406212 1.58196768 0.14980451
v 0.01468265 1.58052804 0.14681282
v 0.00886265 1.58235765 0.15532241
v 0.01196024 1.58234753 0.15346578
v 0.00854567 1.58273088 0.16043462
v 0.00847880 1.57989281 0.14938848
v 0.00912933 1.57866550 0.14757510
v 0.01257288 1.58019088 0.14551156
v 0.01068420 1.57997200 0.14561693
v 0.00918480 1.58240426 0.15312190
v 0.01119636 1.58223453 0.15168314
v 0.00822583 1.60585317 0.15055877
v 0.00212213 1.60720787 0.15403310
v 0.00200149 1.59980791 0.16069599
v 0.00201067 1.59112780 0.16636266
v 0.00215439 1.58242071 0.16369110
v 0.00764145 1.48912270 0.09151377
v 0.00771577 1.47547819 0.08761834
v 0.00259838 1.67314921 0.12149917
v 0.00257728 1.65501605 0.12962362
v 0.02740478 1.54911681 0.13574727
v 0.02828438 1.63741174 0.12326473
v 0.05228703 1.59642006 0.11551922
v 0.03128055 1.59828627 0.12460940
v 0.03740602 1.59349332 0.12381177
v 0.03840467 1.60141200 0.12114451
v 0.03221451 1.60490172 0.12209999
v 0.01873537 1.63385411 0.12395165
v 0.00955620 1.62923947 0.13111720
v 0.01317525 1.62756458 0.12335588
v 0.01255390 1.62035740 0.12412548
v 0.00986458 1.61964516 0.13466841
v 0.01462429 1.61221208 0.13026645
v 0.01607421 1.61498915 0.12274963
v 0.04909955 1.62540892 0.11256209
v 0.05151394 1.62676158 0.11110851
v 0.01966196 1.60736724 0.12645235
v 0.02528824 1.60295700 0.12482907
v 0.02625375 1.60821825 0.12158853
v 0.02092359 1.61124514 0.12174893
v 0.04491503 1.59835215 0.11870098
v 0.05864413 1.62256237 0.10421723
v 0.05474559 1.61081554 0.10637253
v 0.07045824 1.57724493 0.01493727
v 0.06652724 1.56616390 0.02187457
v 0.07223689 1.55829637 0.04119236
v 0.06955710 1.55455330 0.04357777
v 0.06509985 1.55622321 0.03965711
v 0.07035971 1.56017984 0.03731126
v 0.08294971 1.61229640 0.02114412
v 0.08241753 1.61944778 0.01790360
v 0.08308292 1.62101350 0.02493509
v 0.08233942 1.61330636 0.02386544
v 0.08205381 1.61723394 0.02998095
v 0.08201039 1.62061696 0.03249583
v 0.08144986 1.61248165 0.03361278
v 0.08142540 1.61257410 0.03027463
v 0.08312036 1.63156385 0.03381420
v 0.08084500 1.62992303 0.04344949
v 0.07987990 1.61807382 0.03972674
v 0.07548266 1.61667693 0.06274980
v 0.07556838 1.60461473 0.05021327
v 0.07720779 1.61276367 0.04563061
v 0.07765069 1.62505063 0.05256989
v 0.07040914 1.56028045 0.04701367
v 0.07114507 1.56853349 0.05003402
v 0.06446658 1.55928154 0.03171309
v 0.00100351 1.64618763 -0.07205259
v 0.00120308 1.67838384 -0.06399405
v 0.06787206 1.60476977 -0.02905189
v 0.05764278 1.60927583 -0.04483725
v 0.07437864 1.60048635 -0.01404188
v 0.07642060 1.59835490 -0.00087601
v 0.04309038 1.61326207 -0.05885980
v 0.02367865 1.61573501 -0.06897496
v 0.07556673 1.59903131 0.06326638
v 0.07413031 1.59242284 0.05156777
v 0.06386024 1.58490332 -0.02671301
v 0.05287419 1.58743749 -0.04196498
v 0.06993569 1.58351651 -0.01161132
v 0.07267905 1.58492515 0.00126330
v 0.03884994 1.58929436 -0.05487322
v 0.01870472 1.56621176 -0.05352762
v 0.02181632 1.58891817 -0.06275092
v 0.07494567 1.56951039 0.03939004
v 0.07273121 1.56868541 0.04358015
v 0.07222028 1.56209383 0.04291965
v 0.07596398 1.56363567 0.04153300
v 0.07406672 1.58328063 0.06322454
v 0.07322002 1.58001174 0.05100963
v 0.00919828 1.61270399 0.14369240
v 0.00227796 1.62207542 0.14074042
v 0.00230859 1.61466942 0.14753301
v 0.00242598 1.62995061 0.13501017
v 0.00136123 1.72844385 0.02386461
v 0.00134210 1.72477148 0.06078787
v 0.00131800 1.70628762 -0.04536117
v 0.00139836 1.72384230 -0.01450544
v 0.00787085 1.52295218 0.14475130
v 0.01055853 1.50837350 0.14544796
v 0.00966008 1.56754817 0.14847016
v 0.00622652 1.56653544 0.14901725
v 0.00674706 1.56189950 0.15040184
v 0.01020827 1.56262366 0.14971506
v 0.02202820 1.63034436 0.11885249
v 0.01588075 1.55019971 -0.04143310
v 0.01118317 1.49961083 -0.02276722
v 0.01246496 1.48141710 -0.02278876
v 0.03736531 1.46641422 -0.02682769
v 0.02512725 1.46449822 -0.02864160
v 0.00591615 1.57081281 0.14890167
v 0.00904533 1.57168380 0.14806457
v 0.00851442 1.58192825 0.15147827
v 0.01549418 1.55407639 0.14653319
v 0.00888589 1.57502803 0.14772124
v 0.00946808 1.57745204 0.14717798
v 0.00365852 1.57424415 0.15036617
v 0.00392821 1.57031282 0.14896444
v 0.03249141 1.61149400 0.11973571
v 0.03270887 1.61655038 0.11891210
v 0.00610582 1.57915952 0.15667578
v 0.00704509 1.58040820 0.15396242
v 0.00220865 1.57822648 0.15728601
v 0.04489697 1.45477782 0.05346962
v 0.05613511 1.45641547 0.03907152
v 0.00466374 1.55751486 0.15107809
v 0.00470527 1.55349714 0.14950358
v 0.00132705 1.71256768 0.09080947
v -0.00161934 1.56614136 -0.05321643
v 0.00039323 1.58817993 -0.06363635
v 0.07593745 1.59666486 0.04252585
v 0.07745342 1.59203504 0.03732064
v 0.07911805 1.59908540 0.03517285
v 0.07796236 1.60425698 0.04034622
v 0.00794653 1.46263682 0.08152281
v 0.05993357 1.45785075 0.02263458
v 0.01206137 1.46530790 -0.02780671
v 0.05183669 1.61867913 0.10773555
v 0.05074028 1.61692950 0.10921697
v 0.02493463 1.62755886 0.11742183
v 0.00111480 1.61633676 -0.07160144
v 0.01743448 1.54508396 0.14478543
v 0.01542903 1.54965053 0.14383703
v -0.00081828 1.50253474 -0.02439645
v 0.00845105 1.49632891 0.10031970
v 0.00355370 1.57679857 0.15343189
v -0.00040847 1.55003135 -0.04276869
v 0.08161855 1.60527214 0.02757523
v 0.08339136 1.60378787 0.03067710
v 0.08271075 1.60048234 0.03021020
v 0.08099309 1.60123782 0.02886286
v 0.08455245 1.60756005 0.03515241
v 0.08555040 1.60386692 0.03302391
v 0.08733103 1.60675075 0.03205745
v 0.08601569 1.61076642 0.03330765
v 0.08018244 1.60972893 0.03725051
v 0.08222079 1.60376211 0.03580673
v 0.08834460 1.60868106 0.03036654
v 0.08831140 1.61158494 0.03158940
v 0.08566295 1.61329784 0.03035913
v 0.08209526 1.61328755 0.02703581
v 0.09077940 1.61218967 0.02835844
v 0.08713236 1.61442197 0.02621457
v 0.09368732 1.61103384 0.02369376
v 0.08904666 1.61361848 0.02118802
v 0.09498476 1.60744610 0.01841575
v 0.08938903 1.60948861 0.01577077
v 0.07419205 1.57646932 0.04363714
v 0.07460773 1.57627314 0.03700203
v 0.09558681 1.60169617 0.01532319
v 0.08890150 1.60245328 0.01344511
v 0.09490891 1.59430823 0.01397350
v 0.08832299 1.59463391 0.01281608
v 0.09290919 1.58694794 0.01487676
v 0.08748596 1.58653514 0.01378921
v 0.09114609 1.57963953 0.01704805
v 0.08566570 1.57826170 0.01619538
v 0.08868296 1.57287615 0.02121840
v 0.08287400 1.56914722 0.02042251
v 0.09012359 1.60913976 0.02246370
v 0.09132071 1.60557043 0.01888258
v 0.08091076 1.60811065 0.01961298
v 0.08888147 1.61033668 0.02694397
v 0.08041294 1.59493529 0.02372022
v 0.07868792 1.59752163 0.02326019
v 0.07974533 1.59554301 0.02411061
v 0.07830054 1.59414631 0.02161721
v 0.07618065 1.58412013 0.03762994
v 0.07738069 1.58373477 0.03381749
v 0.07796184 1.58946718 0.03370824
v 0.07564259 1.57942250 0.03362624
v 0.07472903 1.58078564 0.03238534
v 0.07450625 1.58446268 0.03240051
v 0.07412453 1.58910036 0.03196847
v 0.07516888 1.57907684 0.03074384
v 0.07646673 1.57722939 0.03176316
v 0.07404499 1.58037453 0.03011213
v 0.07366170 1.58132828 0.03102989
v 0.07267070 1.58353131 0.03006900
v 0.07357754 1.58694721 0.02776040
v 0.07510039 1.58684746 0.04353808
v 0.07505629 1.58130832 0.02138831
v 0.07210442 1.57251358 0.02528311
v 0.08529290 1.56797526 0.02688203
v 0.08130033 1.56179224 0.02707788
v 0.07903731 1.55973894 0.03986416
v 0.08089789 1.55773772 0.03423204
v 0.07927261 1.60238125 0.01823353
v 0.07892379 1.59556992 0.01722470
v 0.07037981 1.56628159 0.03176354
v 0.07784817 1.58861689 0.01791450
v 0.08701318 1.57723383 0.02212798
v 0.08374813 1.57398133 0.02607598
v 0.08954766 1.58198205 0.01887615
v 0.07757322 1.57363404 0.03396733
v 0.07885127 1.56730065 0.03662298
v 0.08248454 1.56645761 0.03225298
v 0.08027013 1.57268527 0.02996519
v 0.08562181 1.58070224 0.02403664
v 0.08162738 1.57825859 0.02601458
v 0.08220754 1.58379946 0.02361819
v 0.07848384 1.58153499 0.02520911
v 0.07619129 1.57956241 0.02807007
v 0.07815907 1.57699979 0.02875924
v 0.07441210 1.58395249 0.02430418
v 0.07823721 1.58732780 0.02261309
v 0.07377726 1.58140216 0.02784379
v 0.08529932 1.58660494 0.02312245
v 0.08765420 1.59038509 0.02224796
v 0.08524681 1.59317153 0.02438854
v 0.08186429 1.59010031 0.02300621
v 0.09053199 1.58794497 0.01669187
v 0.09011346 1.58874003 0.01987850
v 0.08821966 1.58424941 0.02158502
v 0.09095891 1.59431167 0.01876709
v 0.09132974 1.59465536 0.01585326
v 0.08893325 1.59457037 0.02101506
v 0.08730033 1.59578162 0.02301148
v 0.09040259 1.60360395 0.02080079
v 0.09106787 1.59942291 0.01922566
v 0.09193057 1.60092617 0.01650988
v 0.08967764 1.59833147 0.02164143
v 0.08894830 1.60162864 0.02263747
v 0.08736964 1.59980412 0.02363032
v 0.08817333 1.59808327 0.02252445
v 0.08610577 1.60833293 0.02884777
v 0.08473476 1.60667545 0.03030208
v 0.08737600 1.60818665 0.02623080
v 0.08507463 1.60860639 0.02683810
v 0.08580836 1.60591817 0.02615549
v 0.08353843 1.60766168 0.02709492
v 0.08467629 1.60381870 0.02680969
v 0.08254180 1.60096731 0.02698306
v 0.02423461 1.42526974 0.06157083
v 0.02090355 1.43813707 0.06544163
v 0.00991434 1.43647555 0.06962532
v 0.01173581 1.42451506 0.06357427
v 0.08620723 1.60164015 0.02558964
v 0.08745112 1.60400225 0.02436415
v 0.08894999 1.60673162 0.02322477
v 0.08351414 1.59720236 0.02506181
v 0.08505511 1.59605665 0.02489751
v 0.08616237 1.59764579 0.02461973
v 0.08451957 1.59924487 0.02574879
v 0.07828958 1.59384660 0.03282670
v 0.07640554 1.59200120 0.02960859
v 0.07677231 1.58934722 0.02606649
v 0.05991579 1.40951330 0.03660565
v 0.07276878 1.41593371 0.02213540
v 0.06706839 1.42304984 0.02157255
v 0.05538818 1.41829155 0.03693084
v 0.07243525 1.39583815 0.05392695
v 0.07506390 1.38046498 0.06065523
v 0.09500515 1.38462790 0.05469011
v 0.09272333 1.40020161 0.03626489
v 0.09497689 1.36877040 0.06529162
v 0.07573395 1.36511464 0.06724073
v 0.08618271 1.32425227 0.08570272
v 0.09025642 1.33901800 0.08076157
v 0.07143931 1.33634271 0.07994102
v 0.06787233 1.32194750 0.08455178
v 0.08930103 1.25238929 0.08608821
v 0.07953474 1.25387808 0.08951589
v 0.07198520 1.23819342 0.08703648
v 0.08161872 1.23621059 0.08205642
v 0.16482572 1.34499472 0.06214906
v 0.17396042 1.33433244 0.05703241
v 0.17942278 1.35384183 0.05454980
v 0.16774829 1.36348523 0.05759832
v 0.10144078 1.43031084 -0.00923068
v 0.09217357 1.43395873 -0.01160189
v 0.08881910 1.41889197 0.00685103
v 0.09902634 1.41609062 0.01337333
v 0.13159865 1.26182457 0.05723360
v 0.13327216 1.27124509 0.06767240
v 0.12391901 1.25978718 0.06865237
v 0.12287026 1.25043819 0.06079404
v 0.10722698 1.16653209 0.06907544
v 0.09197154 1.16581719 0.07575000
v 0.08954027 1.14487479 0.07538198
v 0.10511139 1.14528172 0.06827002
v 0.14432515 1.18828577 0.02387472
v 0.14358273 1.16970188 0.02786627
v 0.14579662 1.16923507 0.00678529
v 0.14936373 1.18531027 0.00397626
v 0.12036885 1.32559062 0.08475513
v 0.12474221 1.34024129 0.07864051
v 0.10830241 1.34029731 0.08051816
v 0.10402610 1.32576218 0.08596108
v 0.36385621 1.38107249 0.02387318
v 0.33665333 1.37914038 0.02213049
v 0.33708194 1.36514969 0.02186710
v 0.36421472 1.36654048 0.02349841
v 0.11751212 1.07014824 0.02729260
v 0.11499551 1.05169180 0.02889237
v 0.11337127 1.05660481 0.01196364
v 0.11577057 1.07383184 0.01228620
v 0.22468368 1.41404654 0.03044831
v 0.22369417 1.42988012 0.01291021
v 0.20976025 1.43461545 0.01294426
v 0.21089304 1.41962787 0.03235026
v 0.15892635 1.30780971 0.06171995
v 0.16605433 1.31976819 0.05942870
v 0.16097393 1.32974343 0.06634426
v 0.15481653 1.31593253 0.07019476
v 0.15723315 1.21706493 -0.00119953
v 0.16022469 1.23394203 -0.00500297
v 0.15290200 1.23733458 0.00767526
v 0.14982186 1.22056659 0.01327224
v 0.14711509 1.20410285 0.01824824
v 0.15386577 1.20079570 0.00150546
v 0.14603408 1.32100772 0.07671186
v 0.15066717 1.33626999 0.07144594
v 0.13893059 1.33888166 0.07547397
v 0.13437279 1.32396222 0.08171014
v 0.06529608 1.22290117 0.08569231
v 0.07774689 1.21969962 0.08115393
v 0.11004825 1.04554349 0.04601946
v 0.11120583 1.06543719 0.04320613
v 0.09962217 1.05993489 0.05725592
v 0.09902742 1.03782727 0.06091378
v 0.07755373 1.18519228 0.07941589
v 0.09264926 1.18494005 0.07563834
v 0.09154943 1.20255829 0.07669369
v 0.07783795 1.20327080 0.08124224
v 0.08435060 1.03051342 0.07122060
v 0.08565360 1.05560512 0.06743891
v 0.06923712 1.05560361 0.07266084
v 0.06756175 1.03109021 0.07532119
v 0.09354778 1.35367881 0.07370848
v 0.07419344 1.35077089 0.07413156
v 0.10584372 1.25107819 0.07746651
v 0.09794378 1.25124283 0.08176168
v 0.09051998 1.23613472 0.07669189
v 0.09861909 1.23635449 0.07214210
v 0.16588435 1.30320081 0.03208863
v 0.18073402 1.31211078 0.02993415
v 0.18928583 1.33768156 0.04607784
v 0.17602023 1.31907780 0.04728209
v 0.11379477 1.04041900 0.01191979
v 0.11403722 1.03480282 0.02955418
v 0.08231401 1.01080403 0.06980414
v 0.06553195 1.00869077 0.07344354
v 0.22547096 1.30759063 -0.02399853
v 0.22161247 1.30912788 -0.01403645
v 0.20865848 1.29417791 -0.01141149
v 0.21442194 1.29280327 -0.02189975
v 0.04693766 1.25276040 0.09161628
v 0.05400540 1.23351292 0.08800504
v 0.06396289 1.24692538 0.09064166
v 0.06031601 1.26223473 0.09291241
v 0.09726808 1.22096439 0.06918457
v 0.08855787 1.21988749 0.07504865
v 0.10232548 1.20468667 0.07052764
v 0.03389703 1.24197306 0.08589277
v 0.04291966 1.21586098 0.08462171
v 0.05439831 1.34813659 0.07556663
v 0.05206193 1.33390383 0.07984561
v 0.05586290 1.36212753 0.07119611
v 0.05491386 1.37623319 0.06612137
v 0.03566505 1.37353536 0.07093342
v 0.03598771 1.35951159 0.07422788
v 0.05279764 1.39009782 0.06254265
v 0.03387540 1.38658580 0.06706005
v 0.04395923 1.40619349 0.04811497
v 0.04045158 1.41581837 0.04798795
v 0.16501427 1.30739814 0.04857899
v 0.15577401 1.29740628 0.04995906
v 0.09737005 1.01756308 0.06136891
v 0.11365563 1.36848556 -0.09051516
v 0.13307939 1.37693581 -0.08528892
v 0.13290642 1.35969686 -0.08840460
v 0.11410182 1.35051976 -0.09536428
v 0.11395133 1.41860382 0.01554057
v 0.11277737 1.43055197 -0.00753290
v 0.19361137 1.31795971 -0.05720355
v 0.19454652 1.30658816 -0.05261181
v 0.18556392 1.29550835 -0.05678028
v 0.18384912 1.30967120 -0.06113383
v 0.22470055 1.31417117 -0.03815708
v 0.22150308 1.32038657 -0.04280494
v 0.23717215 1.32840009 -0.04562295
v 0.23961274 1.32295891 -0.03986444
v 0.10959216 1.06073397 -0.00432160
v 0.11093230 1.07701316 -0.00347438
v 0.13517947 1.19511175 -0.05040252
v 0.14482903 1.21194417 -0.05017052
v 0.15156379 1.20546231 -0.03322796
v 0.14413809 1.18912897 -0.03295680
v 0.01269313 1.32884022 -0.08478821
v 0.03107515 1.33400624 -0.09166287
v 0.03190201 1.31946301 -0.09505312
v 0.01304820 1.31503883 -0.08786627
v 0.06980280 1.36516576 -0.09350118
v 0.04843695 1.35619281 -0.09525528
v 0.04656515 1.37047958 -0.09080693
v 0.06850614 1.38012017 -0.08824451
v 0.09246594 1.35852969 -0.09480567
v 0.09318386 1.34029586 -0.09890293
v 0.15891639 1.21843292 -0.01697454
v 0.16326120 1.23386684 -0.01935930
v 0.17333918 1.25524294 -0.02306720
v 0.18025794 1.26205427 -0.02473668
v 0.17721521 1.26342260 -0.01282482
v 0.17013366 1.25666096 -0.01071502
v 0.08473503 1.43922009 -0.01250684
v 0.09058780 1.44309278 -0.03127260
v 0.08138305 1.44650195 -0.03275114
v 0.04288914 1.41901720 -0.06504008
v 0.05427903 1.42391321 -0.06276321
v 0.05538130 1.41804385 -0.06694332
v 0.04224196 1.41267565 -0.06968080
v 0.04187835 1.25153736 -0.09618595
v 0.04582302 1.23207921 -0.09216039
v 0.01923510 1.23118324 -0.09006907
v 0.01787206 1.25127578 -0.09325883
v 0.18979519 1.27078639 -0.03659379
v 0.18801522 1.27572760 -0.04449827
v 0.19922686 1.28638590 -0.04266039
v 0.20121432 1.27982212 -0.03627152
v 0.17968895 1.26796899 -0.04536907
v 0.18086895 1.26383502 -0.03564531
v 0.17415613 1.25636063 -0.03481905
v 0.17312714 1.26027351 -0.04604905
v 0.15444244 1.22715190 -0.04952360
v 0.16296187 1.24129409 -0.04795075
v 0.16441170 1.23688639 -0.03343051
v 0.15847553 1.22198790 -0.03309138
v 0.01975454 1.16561990 -0.07590487
v 0.01971491 1.18967369 -0.08009380
v 0.04310382 1.18791300 -0.08411946
v 0.04160360 1.16401030 -0.08030980
v 0.23158971 1.32517258 -0.00029064
v 0.25025914 1.33159030 -0.00431978
v 0.24633257 1.33533224 0.00594697
v 0.23004795 1.33023525 0.00981743
v 0.24370206 1.34715006 -0.05803680
v 0.24213171 1.35285005 -0.06027823
v 0.25528763 1.35669879 -0.06102546
v 0.25616336 1.35125750 -0.05984530
v 0.27452169 1.33332320 -0.01452837
v 0.29548805 1.33482466 -0.01479616
v 0.29183039 1.33890982 -0.00580483
v 0.26960008 1.33574683 -0.00603035
v 0.12009748 1.43475076 -0.03085718
v 0.10939229 1.43870579 -0.03060752
v 0.12366076 1.43369526 -0.00545907
v 0.25893747 1.32517568 -0.02847897
v 0.25731805 1.32513794 -0.03578502
v 0.27590553 1.32711793 -0.03902939
v 0.27704796 1.32716488 -0.03011139
v 0.36420126 1.39559549 0.01630547
v 0.33763574 1.39340911 0.01411419
v 0.32190434 1.33103617 -0.02372954
v 0.29819208 1.33020562 -0.02287989
v 0.29925734 1.32760191 -0.03216573
v 0.32397216 1.32939513 -0.03495708
v 0.13747311 1.17235800 -0.03209786
v 0.12650005 1.17777237 -0.04925379
v 0.09317531 1.06672629 -0.03684357
v 0.09361489 1.08413376 -0.03466839
v 0.10322979 1.08082985 -0.01981602
v 0.10305240 1.06446190 -0.02145469
v 0.11076838 1.04539151 -0.00627922
v 0.09439382 1.04898172 -0.03819813
v 0.10475800 1.04773391 -0.02320678
v 0.06692871 1.45315127 -0.02520367
v 0.07370218 1.45061307 -0.03076733
v 0.06175601 1.44786831 -0.04494487
v 0.05705422 1.45405885 -0.03786659
v 0.14313074 0.95062942 -0.02204076
v 0.14865129 0.94879057 0.00355723
v 0.15282350 0.92768553 -0.00722416
v 0.14487198 0.92631517 -0.02990068
v 0.02837945 1.43208984 -0.05086073
v 0.02646644 1.44240302 -0.04275156
v 0.04229704 1.44879585 -0.04280089
v 0.04612226 1.43995920 -0.04963105
v 0.13765922 0.97167898 -0.01620862
v 0.14182777 0.96969211 0.00801677
v 0.07011282 1.44656099 -0.00784347
v 0.07766009 1.44287697 -0.01133502
v 0.06774046 1.43690824 0.00810874
v 0.07472823 1.43102563 0.00464544
v 0.06195229 1.43224456 0.02511707
v 0.15106331 0.94437970 0.02558222
v 0.15898431 0.91912707 0.01926241
v 0.05215564 1.45920027 -0.02862108
v 0.03983240 1.45620033 -0.03519758
v 0.02576784 1.45252504 -0.03558816
v 0.01182532 1.45174951 -0.03477380
v -0.00256879 1.45323684 -0.03467054
v -0.00151035 1.46679573 -0.02753443
v 0.11399988 1.02695489 0.01282968
v 0.11276314 1.02989995 -0.00614443
v 0.11013443 0.81840148 -0.10201287
v 0.11236882 0.80080579 -0.09215832
v 0.08172322 0.80284213 -0.10471817
v 0.08393033 0.81475295 -0.10965537
v 0.02144759 0.83180473 -0.11533043
v 0.05318562 0.81997729 -0.11658146
v 0.05047164 0.81193395 -0.10803784
v 0.01943615 0.82663819 -0.10471601
v 0.02609491 0.93594919 -0.10959321
v 0.02519573 0.95630923 -0.10076760
v 0.05025560 0.95798123 -0.10083982
v 0.05270506 0.93696397 -0.11084931
v 0.10718264 1.03229018 -0.02415710
v 0.09615930 1.03301325 -0.03878725
v 0.11182544 1.02141918 0.02971936
v 0.17070390 0.76190361 0.03070614
v 0.17083076 0.72366068 0.02950392
v 0.17029425 0.73318656 -0.00629327
v 0.17417777 0.77384179 -0.00621247
v 0.13893061 0.74459266 -0.06313005
v 0.10822632 0.75020849 -0.07620086
v 0.10973920 0.77838127 -0.08269272
v 0.14037756 0.77813508 -0.06702789
v 0.04999994 1.00745612 0.07753919
v 0.04747432 0.98772208 0.07188537
v 0.06276910 0.99109491 0.06903868
v 0.01108741 0.99839628 0.08461561
v 0.00939699 0.97916067 0.07795750
v 0.02168873 0.98210683 0.07692574
v 0.02443469 1.00271435 0.08471145
v 0.01440636 0.88179720 0.09485637
v 0.01713020 0.90261026 0.08575273
v 0.00584112 0.89963687 0.08853046
v 0.00390825 0.87853626 0.09608313
v 0.14668418 0.93573047 0.04443107
v 0.13416873 0.95449115 0.04827281
v 0.11811710 0.94514374 0.05929326
v 0.12845647 0.92610159 0.05867127
v 0.04660883 0.80280796 -0.09559227
v 0.01958620 0.82265424 -0.08861581
v 0.15682712 0.75454333 0.06454819
v 0.15695861 0.71643443 0.06255116
v 0.13023208 0.71301748 0.08727198
v 0.13082015 0.74936416 0.08835834
v 0.09910994 0.74960540 0.09401022
v 0.09703232 0.71797616 0.09285467
v 0.00296333 0.81678026 0.04593648
v 0.00463570 0.80558754 0.04349088
v 0.01632082 0.81719528 0.06563601
v 0.00988512 0.83377127 0.07319582
v 0.02519665 0.85449333 -0.12063927
v 0.05357856 0.84935122 -0.12363552
v 0.05376797 0.83365978 -0.12281247
v 0.02438012 0.83949831 -0.11761537
v 0.08128479 1.03198205 -0.04854506
v 0.08025098 1.04907970 -0.04858333
v 0.06407102 1.04882772 -0.05467656
v 0.06484377 1.06857731 -0.05484868
v 0.08028151 1.06700469 -0.04773224
v 0.09232082 1.19563137 -0.07458480
v 0.10221069 1.21405426 -0.07833624
v 0.12093294 1.20279077 -0.06576300
v 0.11105957 1.18572619 -0.06328645
v 0.04999874 1.34155340 -0.09926341
v 0.05142182 1.32597747 -0.10251359
v 0.07545721 0.76434540 -0.08133666
v 0.07789926 0.72568536 -0.07548894
v 0.04643946 0.73653987 -0.07238360
v 0.03798670 0.78456284 -0.07839589
v 0.13527213 0.71086210 -0.05879936
v 0.16143251 0.74065575 -0.03933893
v 0.15435911 0.70377089 -0.03819538
v 0.16827218 0.68747512 0.02802527
v 0.16679081 0.69605164 -0.00676895
v 0.12762811 0.67925157 0.08579663
v 0.09427277 0.68582678 0.09001825
v 0.01944384 0.73873049 0.03842606
v 0.01846341 0.71382949 0.03163291
v 0.03805663 0.70491096 0.05479177
v 0.03948622 0.73212023 0.06060048
v 0.04681944 0.88278817 0.08112925
v 0.05832780 0.85394706 0.08320983
v 0.08471996 0.87195695 0.07730078
v 0.07738246 0.89991824 0.07165463
v 0.02686141 1.02948862 0.08940939
v 0.01582550 1.02509991 0.08920819
v 0.05178102 1.03237212 0.07984557
v 0.03863799 1.03188056 0.08606338
v 0.03679959 1.00446925 0.08178916
v 0.03234462 1.12829094 0.08615384
v 0.02872303 1.10707434 0.08502507
v 0.04444737 1.10521757 0.08187851
v 0.04920241 1.12589226 0.08296751
v 0.05460880 1.14804303 0.08449431
v 0.03685255 1.15020548 0.08712056
v 0.04181110 1.19111966 0.08303208
v 0.06037021 1.18762718 0.08187950
v 0.06133468 1.20635729 0.08405260
v 0.03468419 1.34470883 0.07689786
v 0.03315184 1.33052747 0.07987921
v 0.15574276 0.91044024 0.04115571
v 0.01153456 0.77433930 -0.05200362
v 0.01996114 0.73872183 -0.05557849
v 0.00443803 0.73404229 -0.03142472
v -0.00157005 0.76252587 -0.02604690
v 0.14129135 0.96349447 0.03020122
v 0.10877508 1.02660506 0.04687357
v 0.10607387 1.01205381 0.04590019
v 0.13276411 1.19494318 0.04378563
v 0.13471661 1.17103986 0.04629708
v 0.07241801 1.25688134 0.09122761
v 0.07295645 1.26851570 0.09247155
v 0.16367440 0.77899575 -0.04176056
v 0.12303680 0.64836339 0.08121525
v 0.08946884 0.65426964 0.08459634
v 0.08401325 0.62495878 0.07749670
v 0.11615239 0.62047520 0.07468377
v 0.00880693 0.69102031 0.00343553
v 0.01538820 0.65928397 -0.00417232
v 0.02437375 0.65550301 0.01743434
v 0.01892610 0.68440132 0.02378816
v 0.02213229 0.62849045 -0.00814694
v 0.02619903 0.59811037 -0.01228461
v 0.02774404 0.59189985 0.00752603
v 0.02767875 0.62321300 0.01246495
v 0.15453315 0.67909374 0.06228361
v 0.15739456 0.62418251 0.02748218
v 0.16401256 0.65312115 0.02877747
v 0.14930875 0.64724953 0.06049322
v 0.14313258 0.61868291 0.05615440
v 0.10684064 0.71552257 -0.06913926
v 0.00666422 0.74518259 0.01714666
v 0.00750294 0.72104110 0.01050098
v 0.02132699 0.66433486 -0.04080207
v 0.01176075 0.69836189 -0.03680528
v 0.02740125 0.69892115 -0.05801299
v 0.03634536 0.66405309 -0.05907951
v 0.12886832 0.64871147 -0.05374316
v 0.13139231 0.67860713 -0.05530819
v 0.15010037 0.67240909 -0.03376777
v 0.14445807 0.64314770 -0.03192933
v 0.16164732 0.66341700 -0.00448412
v 0.15492259 0.63399854 -0.00354234
v 0.14268066 0.56541581 0.02247451
v 0.15081067 0.59392799 0.02532125
v 0.13541272 0.58933258 0.05198789
v 0.12555636 0.56159632 0.04775769
v 0.14076601 0.57493366 -0.00616798
v 0.14760392 0.60512754 -0.00440319
v 0.13566270 0.58533012 -0.03096911
v 0.13944099 0.61469182 -0.03085709
v 0.12394941 0.59240148 -0.05024381
v 0.12663700 0.62133717 -0.05216753
v 0.10623333 0.59768937 -0.06289312
v 0.10645932 0.62619256 -0.06461160
v 0.08495496 0.63021376 -0.07064623
v 0.08711244 0.60080049 -0.06912241
v 0.06890024 0.60403800 -0.06536799
v 0.06357874 0.63252853 -0.06908631
v 0.03696525 0.60368842 -0.04433491
v 0.02989645 0.63307761 -0.04269270
v 0.04355597 0.63350641 -0.05915757
v 0.05081732 0.60444828 -0.05762065
v 0.05811114 0.48705034 -0.05419483
v 0.05197680 0.51731258 -0.05122557
v 0.06633884 0.51868266 -0.05804828
v 0.06977962 0.48843034 -0.06235726
v 0.08337326 0.49005256 -0.06650265
v 0.07929800 0.51838529 -0.06527914
v 0.09290692 0.51670158 -0.06664174
v 0.09688632 0.48939308 -0.06531098
v 0.12170791 0.50937298 -0.04696875
v 0.12586799 0.48314221 -0.04805905
v 0.11115279 0.48770663 -0.05891224
v 0.10721027 0.51432936 -0.05892030
v 0.13721936 0.50311579 -0.03240903
v 0.13837845 0.47715271 -0.03260315
v 0.13577890 0.49560816 -0.00935834
v 0.13422975 0.46966669 -0.00991745
v 0.12477332 0.48813347 0.01686049
v 0.12675739 0.46322485 0.01682404
v 0.03069128 0.50259936 -0.01445912
v 0.03091010 0.50822089 -0.02888326
v 0.03702799 0.47825621 -0.03407023
v 0.03499267 0.47205629 -0.01835775
v 0.05421169 0.49080705 0.02334008
v 0.05713222 0.46440150 0.01594612
v 0.06911469 0.46157074 0.03848964
v 0.06678868 0.48769157 0.04748989
v 0.13304837 0.53968170 0.01889933
v 0.13541906 0.54771552 -0.00750624
v 0.13294514 0.55720219 -0.03144788
v 0.12114451 0.56450833 -0.04801047
v 0.04212331 0.57517561 -0.04744402
v 0.05634608 0.57601717 -0.05804028
v 0.02757160 0.56133214 0.00120484
v 0.02738731 0.56754426 -0.01717528
v 0.09178729 0.50972396 0.05537606
v 0.11559261 0.50945474 0.04370519
v 0.11707116 0.53601315 0.04314410
v 0.09392953 0.53592918 0.05749307
v 0.13537317 0.52146417 -0.00927551
v 0.13387082 0.52995083 -0.03187304
v 0.12011850 0.53698845 -0.04616754
v 0.09046931 0.54461755 -0.06625544
v 0.10615195 0.54271509 -0.05844817
v 0.07591904 0.54639629 -0.06449552
v 0.04659630 0.54628512 -0.05014914
v 0.06125682 0.54725567 -0.05875707
v 0.02957830 0.53137425 -0.00684106
v 0.02848495 0.53759076 -0.02340283
v 0.09308306 0.45928777 0.04890879
v 0.11572734 0.45952163 0.03973602
v 0.11592757 0.48370202 0.04381991
v 0.09124024 0.48403972 0.05503530
v 0.09395346 0.43819014 0.03705095
v 0.07482248 0.44067220 0.02554123
v 0.10278053 0.46276040 -0.07037696
v 0.08790519 0.46230954 -0.07130105
v 0.11739580 0.46075807 -0.06432311
v 0.13613994 0.44331693 -0.00854681
v 0.13893488 0.45123477 -0.03362706
v 0.12500864 0.43743190 0.01622320
v 0.11212674 0.43805758 0.03255097
v 0.05545419 0.42269896 -0.04339368
v 0.05275560 0.41868363 -0.02868550
v 0.04369105 0.44554254 -0.02251333
v 0.04754136 0.45021018 -0.03745605
v 0.06823912 0.42884621 -0.06820261
v 0.06505958 0.45651985 -0.05836155
v 0.07557849 0.46040257 -0.06797161
v 0.07799860 0.43247123 -0.07947586
v 0.10949156 0.43501080 -0.08026542
v 0.09309069 0.43486620 -0.08266986
v 0.12517013 0.43383713 -0.07211596
v 0.14373901 0.42389967 -0.03405314
v 0.13885127 0.43060554 -0.05751525
v 0.13123945 0.45698914 -0.05200025
v 0.13899315 0.41641529 -0.00608163
v 0.12136992 0.38026372 0.01015761
v 0.14209369 0.38710807 -0.00669247
v 0.11931247 0.40963888 0.01417868
v 0.10023818 0.28340000 0.00167525
v 0.09980061 0.24898711 -0.00397679
v 0.11975977 0.24998620 -0.00292108
v 0.12254578 0.28439762 0.00293553
v 0.05322200 0.39337442 -0.05109513
v 0.05494697 0.39068574 -0.03437556
v 0.07988128 0.40398797 -0.08922250
v 0.06619616 0.40048414 -0.07920197
v 0.15381607 0.36407322 -0.03872632
v 0.15049526 0.36986049 -0.06555908
v 0.14585267 0.40147995 -0.06100965
v 0.14944687 0.39504238 -0.03541864
v 0.05145898 0.29542047 -0.04517008
v 0.04691784 0.32839399 -0.04174516
v 0.04746315 0.33092095 -0.06129143
v 0.05095763 0.29759250 -0.06277222
v 0.07996519 0.37280146 -0.09660688
v 0.08051127 0.33925599 -0.10003072
v 0.06400255 0.33660666 -0.09090215
v 0.06393546 0.36943561 -0.08673184
v 0.14908244 0.29447682 -0.04299741
v 0.14674026 0.29932400 -0.06739832
v 0.15057741 0.33575528 -0.06899065
v 0.15342318 0.33009391 -0.04160381
v 0.12379739 0.35004129 0.00945243
v 0.12459644 0.31757050 0.00696086
v 0.14431043 0.32361268 -0.01217875
v 0.14469988 0.35615780 -0.00950086
v 0.09994028 0.34895803 0.00738037
v 0.10051648 0.31707888 0.00608841
v 0.06619827 0.22489242 -0.06099587
v 0.06463240 0.22051802 -0.04729204
v 0.05919278 0.25882212 -0.04625145
v 0.06049018 0.26236016 -0.06129676
v 0.08336322 0.30413825 -0.09815317
v 0.08639676 0.26717856 -0.09197805
v 0.07324450 0.26584275 -0.08517992
v 0.06736867 0.30204895 -0.09055358
v 0.13931973 0.21841453 -0.04393283
v 0.13545339 0.22155493 -0.06402239
v 0.14140534 0.26029470 -0.06623788
v 0.14389970 0.25682045 -0.04420382
v 0.11694713 0.21294772 -0.00970574
v 0.13411793 0.21493278 -0.02223938
v 0.13883545 0.25327514 -0.01814568
v 0.09914209 0.21225082 -0.00963753
v 0.09860226 0.17602122 -0.01312672
v 0.11323150 0.17629232 -0.01244890
v 0.07034942 0.18818178 -0.06081679
v 0.07131572 0.18496065 -0.04742394
v 0.07695518 0.19153496 -0.07858347
v 0.07640180 0.22835488 -0.08060127
v 0.08736117 0.22946572 -0.08725207
v 0.08662441 0.19300804 -0.08478551
v 0.11621514 0.22608823 -0.08609127
v 0.11302454 0.18975651 -0.08245943
v 0.09950072 0.19230003 -0.08615223
v 0.10156340 0.22850701 -0.08899943
v 0.13059054 0.18570135 -0.06206341
v 0.12259601 0.18792228 -0.07426150
v 0.12776089 0.22346457 -0.07883784
v 0.13381985 0.18247777 -0.04386549
v 0.12847881 0.17838850 -0.02331281
v -0.00289717 0.80729479 -0.03004693
v 0.00402184 0.79967953 -0.04246468
v -0.00479928 0.78234192 -0.01691541
v -0.00646292 0.79215236 -0.00489268
v 0.03857933 0.64455022 0.04195898
v 0.03828720 0.67589437 0.04863040
v 0.03386158 0.58232065 0.03001416
v 0.03703278 0.61237053 0.03719155
v 0.03524934 0.55309623 0.02217749
v 0.04170099 0.49523537 0.00319842
v 0.03874153 0.52428248 0.01281625
v 0.04326447 0.46767542 -0.00269868
v 0.04905614 0.44065682 -0.00740222
v 0.05831833 0.41447391 -0.01281023
v 0.06217556 0.35761024 -0.02196858
v 0.06456169 0.38741039 -0.01961121
v 0.05009924 0.36031664 -0.03803585
v 0.06220435 0.29140515 -0.02584253
v 0.06011229 0.32561904 -0.02335361
v 0.07190335 0.21633804 -0.03231373
v 0.06627407 0.25428712 -0.02853856
v 0.07830519 0.18092724 -0.03381355
v 0.07037723 0.78065230 0.08103128
v 0.06844791 0.80436473 0.08158457
v 0.04380180 0.79681776 0.07054178
v 0.04517102 0.78000189 0.06558643
v -0.00379372 0.81152201 0.01758559
v -0.00554140 0.80724715 0.01645459
v -0.00195655 0.80369704 0.02936441
v -0.00097299 0.80954355 0.02964723
v 0.12629826 0.51418975 0.01665947
v 0.10672994 0.57035232 -0.06048856
v 0.07294493 0.57513458 -0.06380990
v 0.08894243 0.57282006 -0.06665033
v 0.04732368 0.51606559 0.03644566
v 0.06712553 0.51294677 0.05095473
v 0.06718289 0.53851430 0.05774812
v 0.04853926 0.54462966 0.04290305
v 0.09864328 0.37662561 0.01071164
v 0.07953300 0.38199451 -0.00386255
v 0.08141139 0.35302110 -0.00932012
v 0.09736489 0.40094165 0.01705208
v 0.13309276 0.40537552 -0.07968240
v 0.11575461 0.40675450 -0.09001902
v 0.09925418 0.37514782 -0.10097450
v 0.09724011 0.40623785 -0.09306207
v 0.12026577 0.37603252 -0.09798144
v 0.05244981 0.60199082 0.05933835
v 0.04892319 0.57331050 0.05117336
v 0.07200904 0.56671058 0.06328963
v 0.07775049 0.59569337 0.07099485
v 0.09905566 1.10202330 -0.03586015
v 0.10937474 1.09794153 -0.02164643
v 0.11378585 1.22927838 0.05809969
v 0.10536414 1.22407418 0.06370100
v 0.11253330 1.20836253 0.06313597
v 0.12200095 1.21452619 0.05366926
v 0.12881858 1.22446635 0.04535431
v 0.12242375 1.23795033 0.05324020
v 0.13353209 1.23766213 0.03782458
v 0.12962956 1.24990991 0.04713360
v 0.16268932 1.29317261 0.01685315
v 0.17770548 1.29868059 0.01492007
v 0.02298608 1.19012630 0.08361315
v 0.02139376 1.17078136 0.08568446
v 0.03998646 1.17040496 0.08517447
v 0.03422827 0.98457900 0.07469772
v 0.04885393 0.91205978 0.07352948
v 0.03038431 0.90647100 0.07945440
v 0.02742046 0.88247153 0.09111733
v 0.00063454 0.83149522 0.07106145
v -0.00281566 0.82355035 0.05430762
v -0.00300001 0.81376908 0.03372217
v -0.00425788 0.81206638 0.02215368
v 0.06306140 1.15991210 -0.07771280
v 0.06636719 1.18381523 -0.08108448
v 0.01215516 1.34195947 -0.08154041
v 0.03010877 1.34761491 -0.08785868
v 0.02635288 1.37400716 -0.08021692
v 0.01024787 1.36734773 -0.07411302
v 0.00914549 1.37941518 -0.07043104
v 0.02448968 1.38597736 -0.07611845
v 0.01134782 1.43921560 -0.04238121
v 0.01154510 1.42736822 -0.05015740
v -0.00661509 0.81406101 0.00046253
v -0.00664121 0.81266996 -0.00686867
v -0.00690004 0.80288906 0.01402083
v 0.02132793 0.76194308 0.04449441
v 0.02393841 0.77920261 0.04930694
v 0.00760260 0.77974885 0.03332274
v 0.00706812 0.76502956 0.02543919
v 0.17324561 0.81286447 -0.00278744
v 0.17030146 0.80166207 0.03341069
v 0.07885596 0.78600086 -0.09291609
v 0.37647370 1.33835373 -0.03511046
v 0.34984635 1.33328469 -0.03579123
v 0.35187715 1.33852546 -0.04681092
v 0.37862620 1.34410363 -0.04449528
v 0.06716851 1.25479861 -0.09761567
v 0.07767218 1.23040684 -0.08913796
v 0.08126711 1.42551713 0.00465797
v 0.15102207 1.43911695 0.00059797
v 0.13646826 1.43688845 -0.00274959
v 0.14186364 1.42744787 0.02136510
v 0.15471560 1.43133689 0.02557333
v 0.14914674 1.39925894 -0.07368176
v 0.13372171 1.39463816 -0.07823282
v 0.13336024 1.40951821 -0.06716903
v 0.14763137 1.41145010 -0.06213645
v 0.05314189 0.91420169 -0.11965550
v 0.02594168 0.91332122 -0.11887189
v 0.03379150 1.09319388 -0.07454181
v 0.03697090 1.11606237 -0.07653875
v 0.05529541 1.11271327 -0.07114848
v 0.05160918 1.09079052 -0.06720073
v 0.10325774 1.24406761 -0.09088447
v 0.11876875 1.22958609 -0.07869838
v 0.02980369 1.26635645 0.08838899
v 0.04484792 1.27332598 0.09183068
v 0.04513456 1.29042401 0.08937989
v 0.02906154 1.28571393 0.08732474
v 0.31574468 1.35456426 -0.06147943
v 0.32398318 1.34199580 -0.05625487
v 0.29801203 1.33615905 -0.05320794
v 0.29145048 1.34371414 -0.05837217
v 0.14093489 0.80746371 -0.07605307
v 0.16311979 0.82347376 -0.04700176
v 0.13397197 1.13435741 -0.01030533
v 0.12641542 1.11416763 -0.00876856
v 0.11916538 1.11800643 -0.02665105
v 0.12590914 1.13835765 -0.02889845
v 0.14876570 1.18617366 -0.01468821
v 0.14426058 1.17019144 -0.01336950
v 0.15404864 1.20211323 -0.01571816
v 0.22561196 1.30943523 -0.03249604
v 0.21486290 1.29376346 -0.03042890
v 0.21273933 1.29850923 -0.03694600
v 0.04286827 0.75812175 0.06400034
v 0.03516628 0.83403031 0.08091675
v 0.02748367 0.85142225 0.08842495
v -0.00507184 0.81811878 0.00193459
v -0.00414126 0.81735127 0.00330211
v 0.05838065 1.44350465 0.03164536
v 0.06274279 1.44610241 0.01462332
v 0.27666870 1.32948780 -0.02229988
v 0.25797178 1.32645482 -0.02140936
v 0.18709178 1.26889692 -0.01563315
v 0.20055205 1.27673175 -0.01908138
v 0.19346170 1.28007610 -0.00783154
v 0.17952635 1.27327574 -0.00429926
v 0.19004670 1.26846554 -0.02656861
v 0.20244088 1.27706018 -0.02829293
v 0.15372900 1.35163496 0.06510128
v 0.15514502 1.36826138 0.05912689
v 0.14152449 1.36998646 0.06033674
v 0.14055627 1.35460850 0.06816922
v 0.12695623 1.35534022 0.07063592
v 0.12750250 1.37088874 0.06159370
v 0.11225541 1.37078217 0.06317121
v 0.11116817 1.35520177 0.07269323
v 0.08087714 1.41181714 0.02839846
v 0.06654306 1.40606035 0.04541609
v 0.04863208 1.40009757 0.05540266
v 0.03155202 1.39611498 0.06161674
v 0.01123350 1.41547776 -0.05696517
v 0.03108234 1.42164779 -0.06055043
v 0.02502558 1.40897286 -0.06710740
v 0.00945144 1.40323113 -0.06244525
v -0.00487545 1.39974523 -0.05954787
v -0.00486705 1.41237485 -0.05480394
v 0.05158961 1.42934381 0.04123890
v 0.03777726 1.42738683 0.05356481
v 0.02632989 1.41353953 0.05711263
v 0.36677004 1.40657167 0.00215191
v 0.34093694 1.40394597 -0.00087651
v 0.06045469 1.45831170 -0.01633773
v 0.06372368 1.45238973 -0.00113891
v 0.36922797 1.41116317 -0.01549506
v 0.34256731 1.40986042 -0.01771517
v 0.13021608 1.40631775 0.03648598
v 0.14408587 1.41151162 0.03977124
v 0.12831863 1.42287843 0.01806787
v 0.04832846 1.44164851 0.04723654
v 0.03487234 1.43979535 0.05905763
v 0.17083248 0.85493227 0.00267130
v 0.16760776 0.84310638 0.03518442
v 0.12178502 1.08866430 0.02734522
v 0.11506410 1.08472077 0.04216689
v 0.00036432 1.12847703 0.08213141
v 0.00011124 1.10804134 0.08112584
v 0.01413075 1.10731023 0.08430412
v 0.01626949 1.12906057 0.08518409
v 0.00326965 1.18784509 0.08047960
v 0.00249894 1.16922102 0.08273879
v 0.00859718 1.44924609 0.07558189
v 0.02652789 1.05965387 0.08742013
v 0.02722343 1.08501311 0.08561916
v 0.01308625 1.08317969 0.08483924
v 0.01285127 1.05455673 0.08640664
v 0.00704455 1.02463722 0.08757627
v 0.00562917 1.00948328 0.08760573
v 0.01051063 0.86542346 0.09981041
v 0.00268702 0.86408050 0.09975809
v 0.26949667 1.37874567 0.02125421
v 0.27058454 1.39648535 0.01644910
v 0.25263340 1.40217137 0.02162124
v 0.25231989 1.38185504 0.02494133
v 0.05338018 1.05883475 0.07763492
v 0.03951757 1.06021235 0.08414784
v 0.15517299 1.29580994 0.03275311
v 0.15103855 1.28633993 0.01776375
v 0.02283407 1.21146606 0.08083395
v 0.06019447 1.27896539 0.09315828
v 0.06183331 1.29385896 0.09088638
v 0.07468775 1.28218503 0.09230403
v 0.07805399 1.29601827 0.09123028
v -0.00399572 0.82970846 -0.01788953
v -0.00490744 0.81601343 -0.00078045
v 0.24826227 1.38581239 -0.05949973
v 0.25084501 1.37810938 -0.06157662
v 0.23578872 1.37463520 -0.06368521
v 0.23354771 1.38371408 -0.06178966
v -0.00178895 0.75375257 -0.00107775
v -0.00255335 0.77120281 0.00692307
v 0.01537587 0.81837103 -0.06877558
v -0.00040009 0.82198684 -0.05390704
v -0.00231491 0.82489266 -0.05163236
v -0.00249116 0.83485423 -0.06947729
v 0.06349741 0.69419507 0.07679241
v 0.06567791 0.72492373 0.08175058
v 0.06018760 0.66421029 0.07104471
v 0.05744043 0.63340805 0.06538548
v 0.06251344 0.43954770 0.00771820
v 0.07469714 0.41169747 0.00393612
v 0.08133198 0.32106403 -0.01117540
v 0.08126256 0.28709344 -0.01298858
v 0.08286602 0.25111319 -0.01707643
v 0.08722608 0.17754373 -0.02129801
v 0.08508753 0.21343251 -0.02005726
v 0.37180828 1.40646995 -0.03128255
v 0.37549621 1.39970725 -0.04441248
v 0.34714856 1.39923076 -0.04804460
v 0.34311431 1.40734829 -0.03483894
v 0.31933659 1.33671143 -0.01506511
v 0.34393097 1.33861730 -0.01500301
v 0.34150033 1.34434949 -0.00616501
v 0.31633083 1.34267584 -0.00676936
v 0.36978160 1.34001228 -0.01471370
v 0.34683367 1.33355361 -0.02452188
v 0.37315307 1.33686881 -0.02466979
v 0.37882503 1.35394893 -0.05161686
v 0.35253513 1.34808074 -0.05474496
v 0.34982940 1.36072725 -0.05933866
v 0.37857267 1.36568359 -0.05677074
v 0.37746976 1.38969100 -0.05303610
v 0.37872130 1.37812751 -0.05729201
v 0.35072251 1.37543058 -0.05970162
v 0.35063738 1.38812614 -0.05564947
v 0.36423667 1.35495405 0.01688161
v 0.33778065 1.35435311 0.01486031
v 0.33867176 1.34848275 0.00448475
v 0.36486968 1.34837957 0.00695259
v 0.27152931 1.41086561 0.00389756
v 0.25299228 1.41855359 0.00851505
v 0.19512221 1.32255545 0.02327267
v 0.20880685 1.32817795 0.01566582
v 0.21464117 1.34159273 0.02608049
v 0.20151003 1.34006319 0.03418887
v 0.31236611 1.39139919 0.01328639
v 0.31492493 1.40150536 -0.00230025
v 0.29168082 1.40327466 0.00004907
v 0.29010303 1.39176863 0.01368985
v 0.31212254 1.35310768 0.01252580
v 0.28714008 1.34996196 0.01197595
v 0.28837308 1.34300531 0.00340330
v 0.31315559 1.34726626 0.00274390
v 0.29877975 1.32855982 -0.04311357
v 0.32466510 1.33194435 -0.04686226
v 0.25030210 1.36111816 0.02113305
v 0.26779686 1.36087557 0.01934631
v 0.14693729 1.28680265 0.03420445
v 0.16910050 1.26800364 -0.00206888
v 0.16195740 1.26087234 0.00018390
v 0.10615376 1.23804549 0.06792932
v 0.11246616 1.25117851 0.07302199
v 0.14405906 1.24369722 0.01917116
v 0.14124527 1.22731190 0.02637733
v 0.11702999 1.25138877 0.06896772
v 0.11407294 1.24208825 0.06419353
v 0.07567870 1.16674868 0.08011259
v 0.02842568 1.40369609 0.05606187
v 0.28706555 1.36151467 0.01873030
v 0.28851640 1.37735476 0.02032846
v 0.27178682 1.33824510 -0.05453080
v 0.27470032 1.33170249 -0.04802678
v 0.25509938 1.32838392 -0.04336866
v 0.25370367 1.33434736 -0.05007653
v 0.14256832 1.26757916 -0.08677566
v 0.15137743 1.25644605 -0.07531612
v 0.13491153 1.24300041 -0.07798548
v 0.12334866 1.25547301 -0.08989188
v 0.25188933 1.40016354 -0.05057823
v 0.23633760 1.40113034 -0.05132037
v 0.23923239 1.40925675 -0.04168441
v 0.25686390 1.40606155 -0.04197796
v 0.24441819 1.41705172 -0.02783394
v 0.25088208 1.42411493 -0.01062535
v 0.27001529 1.41651976 -0.01359177
v 0.26393315 1.41168352 -0.02934356
v 0.15726647 0.89825730 -0.01483814
v 0.14717269 0.90025952 -0.03880584
v 0.07917810 0.99538448 0.06529720
v 0.09474402 1.00209631 0.05818627
v 0.07226249 0.92299728 0.06973035
v 0.00558955 0.79700249 0.04217311
v 0.01977651 0.80245114 0.06157280
v 0.00029100 0.72686394 -0.00938748
v 0.16326174 0.89363447 0.00951567
v 0.01531313 0.66248856 -0.02264643
v 0.00603864 0.69527048 -0.01609007
v 0.05840448 0.66274427 -0.07026933
v 0.05215986 0.69559587 -0.07057612
v 0.07929571 0.69021085 -0.07317022
v 0.08236910 0.65909564 -0.07332045
v 0.10687757 0.68398771 -0.06746132
v 0.10656691 0.65414651 -0.06688796
v 0.09994369 0.56351000 0.06147920
v 0.10070586 0.34102372 -0.10440100
v 0.12019365 0.30413708 -0.09729730
v 0.10175743 0.30468761 -0.10111255
v 0.12140640 0.34187265 -0.10111255
v 0.13858024 0.37388522 -0.08612252
v 0.13911235 0.33970145 -0.08850091
v 0.14183100 0.28927354 -0.01368945
v 0.10208583 0.26726718 -0.09432512
v 0.11811650 0.26546735 -0.09020880
v 0.13649938 0.30254822 -0.08525236
v 0.13259282 0.26346777 -0.08129872
v -0.00249012 0.78276005 0.01623465
v -0.00162632 0.83710983 -0.08456637
v 0.15128051 0.82588847 0.06723067
v 0.15525943 0.79075485 0.06491933
v 0.06441672 0.82734015 0.08367347
v 0.09108223 0.84042027 0.08275830
v 0.08865893 1.07728581 0.06501548
v 0.07236273 1.07803523 0.07031060
v 0.10172652 1.12184686 0.06789159
v 0.09519179 1.09862024 0.06633012
v 0.10974325 1.10143387 0.05630276
v 0.11647673 1.12378708 0.05780284
v 0.13627140 1.12834541 0.02966162
v 0.12828826 1.10825539 0.02858417
v 0.12802690 1.11136360 0.01109449
v 0.13566118 1.13140063 0.01013232
v 0.11755275 1.09447691 -0.00585898
v 0.12132673 1.09178332 0.01158026
v 0.07805849 1.13197204 -0.06742157
v 0.08254641 1.15490198 -0.06994725
v 0.09947458 1.14964217 -0.05857222
v 0.09390107 1.12765436 -0.05504425
v 0.01884250 0.86176945 0.09632442
v -0.00314142 0.79755192 0.02899448
v 0.06849970 0.75430615 0.08276467
v 0.09883463 0.78156542 0.09181897
v 0.12990646 0.78338448 0.08741067
v 0.25521781 1.32901042 -0.01299985
v 0.17705756 1.28521427 -0.06112144
v 0.17501562 1.29868908 -0.06677040
v 0.29056249 1.41030642 -0.01762814
v 0.28445800 1.40885708 -0.03374705
v 0.26577626 1.34673359 0.01336649
v 0.23775906 1.40808610 0.02685814
v 0.22403009 1.39062516 0.03898275
v 0.23795173 1.38598097 0.03189165
v 0.10452547 0.91415671 0.06591991
v 0.11321231 0.88582009 0.07153131
v 0.13745223 0.89911204 0.06039055
v -0.00314876 0.82085685 -0.03696883
v -0.00210619 0.82707976 -0.04315683
v 0.04102532 0.81365284 0.07659851
v 0.02746214 0.60073160 -0.03008708
v 0.02229627 0.63111285 -0.02587352
v 0.03150311 0.57155208 -0.03467918
v 0.03505244 0.54276099 -0.03822829
v 0.03881715 0.51324310 -0.04222855
v 0.04515914 0.48440692 -0.04693236
v 0.05591603 0.45489066 -0.04833476
v 0.06103474 0.42563614 -0.05570493
v 0.04945215 0.36307507 -0.05706052
v 0.05730935 0.39724743 -0.06609372
v 0.05429190 0.36633273 -0.07317182
v 0.05353548 0.33373815 -0.07767569
v 0.06502711 0.26415871 -0.07488294
v 0.05686636 0.29974059 -0.07842575
v 0.06997599 0.22730343 -0.07159675
v 0.07198003 0.19019399 -0.07046781
v -0.00481833 0.82350363 -0.01571865
v -0.00398907 0.82234009 -0.02544550
v 0.11475395 1.40063264 0.03317655
v 0.16918593 1.28251644 0.00537792
v 0.18329607 1.28786807 0.00271422
v 0.24785154 1.34439868 0.01646718
v -0.00150958 0.83997344 -0.09831744
v -0.00165504 0.84491628 -0.10994483
v 0.32427440 1.38498928 -0.05735478
v 0.31969175 1.39746123 -0.05168582
v 0.26539553 1.33890013 0.00418313
v 0.19438443 1.30905136 0.01124968
v 0.20842331 1.31984774 0.00670534
v 0.58800837 1.41097714 -0.01129287
v 0.60916889 1.40642876 -0.01200403
v 0.60841487 1.41126072 -0.02338702
v 0.58672867 1.41502795 -0.02413014
v 0.58807725 1.40143126 -0.00228292
v 0.60873676 1.39681505 -0.00476478
v 0.58445494 1.34529907 -0.02189388
v 0.60645253 1.34782283 -0.02726576
v 0.60593192 1.35378563 -0.01556893
v 0.58401060 1.35253705 -0.01005155
v 0.62805064 1.38314452 -0.00447115
v 0.60761712 1.38576576 -0.00108806
v 0.60638889 1.37411249 -0.00278721
v 0.62729339 1.37269766 -0.00724328
v 0.58397933 1.34707468 -0.05181644
v 0.56235067 1.34361860 -0.04752190
v 0.56074496 1.35296734 -0.05901453
v 0.58252103 1.35656002 -0.06179487
v 0.49473882 1.34854158 0.00226292
v 0.47706334 1.35144599 0.00792447
v 0.47911534 1.34205974 -0.00147739
v 0.49664852 1.33901674 -0.00747346
v 0.54501931 1.42031255 -0.00965432
v 0.56660739 1.41572048 -0.01041661
v 0.56478383 1.41859939 -0.02456676
v 0.54238819 1.42086786 -0.02449822
v 0.54184513 1.38246301 0.00875739
v 0.51784562 1.38572102 0.01043442
v 0.51597069 1.37076965 0.00640940
v 0.53957540 1.36698439 0.00477546
v 0.51910726 1.42045383 -0.02476051
v 0.52175146 1.42401918 -0.01004994
v 0.58508392 1.37594533 0.00238613
v 0.56394651 1.37897707 0.00644252
v 0.56201953 1.36442603 0.00204577
v 0.58361962 1.36336610 -0.00268631
v 0.62705629 1.35520271 -0.05640154
v 0.60555991 1.35098916 -0.05487970
v 0.60421107 1.36001865 -0.06364793
v 0.62590229 1.36361793 -0.06431189
v 0.62709386 1.36308631 -0.01222750
v 0.60544401 1.36317465 -0.00800825
v 0.62753992 1.35510562 -0.02002783
v 0.62805312 1.40460153 -0.04629819
v 0.60552248 1.40609241 -0.04916724
v 0.60678638 1.41068186 -0.03635500
v 0.62886688 1.40858307 -0.03455544
v 0.53943018 1.34241447 -0.00881777
v 0.56195390 1.34301056 -0.01537248
v 0.56167803 1.35180030 -0.00457452
v 0.53897632 1.35292252 -0.00017604
v 0.54535978 1.41116554 0.00246001
v 0.56691123 1.40622963 0.00035381
v 0.58256152 1.40654829 -0.05178110
v 0.55917560 1.40599473 -0.05304774
v 0.56200443 1.41385600 -0.03830360
v 0.58463945 1.41281923 -0.03752709
v 0.53478004 1.39048145 -0.06364230
v 0.55762280 1.39397933 -0.06380491
v 0.55743992 1.37892829 -0.06693720
v 0.53500464 1.37508306 -0.06607796
v 0.51760801 1.33783083 -0.01585519
v 0.51616662 1.34532375 -0.00326479
v 0.54046737 1.34047944 -0.04118331
v 0.51875035 1.33735563 -0.03303676
v 0.51793085 1.34467571 -0.04847893
v 0.53913951 1.34917824 -0.05477389
v 0.47709964 1.40788181 0.01216050
v 0.49708029 1.40547301 0.01190533
v 0.49846478 1.41889644 0.00298075
v 0.47764618 1.42032108 0.00120520
v 0.49782274 1.42454991 -0.01203536
v 0.47681366 1.42330229 -0.01518921
v 0.44452312 1.40818145 -0.03436845
v 0.45782600 1.41123910 -0.03163610
v 0.45497262 1.39882501 -0.04067061
v 0.44295482 1.39651086 -0.04357441
v 0.49164106 1.37808737 -0.06536146
v 0.51253826 1.38525913 -0.06511644
v 0.51338060 1.36925604 -0.06469812
v 0.49306405 1.36209352 -0.06139938
v 0.47856641 1.34535029 -0.04619411
v 0.49559173 1.35028993 -0.05214255
v 0.49811702 1.34135016 -0.04017987
v 0.48146805 1.33837054 -0.03282775
v 0.41880234 1.34312659 -0.02647828
v 0.43668965 1.34281509 -0.02849683
v 0.43508782 1.34218797 -0.01709202
v 0.41682512 1.34394536 -0.01618110
v 0.42919211 1.35053298 0.00624787
v 0.42858032 1.35750102 0.01650191
v 0.41091439 1.35661932 0.01829999
v 0.41164440 1.35052061 0.00728348
v 0.41634610 1.40932084 0.00545832
v 0.43120588 1.40935565 0.00660818
v 0.43150855 1.41717031 -0.00861398
v 0.41699726 1.41459513 -0.01186343
v 0.47459939 1.37097055 -0.06459061
v 0.47420189 1.35415584 -0.05807707
v 0.44607208 1.34861045 0.00468970
v 0.46243283 1.34508758 0.00177255
v 0.46015159 1.35398492 0.01083387
v 0.44430477 1.35675824 0.01365503
v 0.44239395 1.38111643 0.01771788
v 0.45850016 1.37909120 0.01465267
v 0.45891124 1.39373905 0.01389151
v 0.44424624 1.39473196 0.01452502
v 0.44452874 1.40957501 0.00802897
v 0.45988153 1.40916966 0.01020821
v 0.46001574 1.42013618 -0.00175582
v 0.44447875 1.41876115 -0.00487346
v 0.46301555 1.36736921 -0.06268485
v 0.45427139 1.36410302 -0.06044096
v 0.45259674 1.37743124 -0.05808776
v 0.46159907 1.38168266 -0.05822909
v 0.46654640 1.33663104 -0.02662826
v 0.46463079 1.34214258 -0.03942622
v 0.47534190 1.37681859 0.01127579
v 0.45956180 1.36603592 0.01504936
v 0.47575076 1.36302911 0.01150233
v 0.45953166 1.42070204 -0.01798402
v 0.42066835 1.34593029 -0.03594551
v 0.40213566 1.34288803 -0.03488951
v 0.40313831 1.34893417 -0.04275683
v 0.42115145 1.35096248 -0.04411976
v 0.40033128 1.34010115 -0.02530768
v 0.39720906 1.34224650 -0.01500188
v 0.39033747 1.35583378 0.01840513
v 0.39119734 1.34988706 0.00774870
v 0.39011368 1.36756883 0.02415338
v 0.41094723 1.36842664 0.02398071
v 0.41121722 1.38176286 0.02355034
v 0.38973396 1.38140901 0.02466180
v 0.39263114 1.40840724 0.00447717
v 0.39462103 1.41236716 -0.01331179
v 0.41840153 1.40824574 -0.02616804
v 0.39799220 1.40587302 -0.02820892
v 0.43230787 1.34598101 -0.00526751
v 0.44897715 1.34280173 -0.00769729
v 0.58086979 1.39591657 -0.06306353
v 0.60413596 1.39683075 -0.06059572
v 0.60298125 1.38425852 -0.06651866
v 0.58009799 1.38183717 -0.06725106
v 0.60296676 1.37154433 -0.06748316
v 0.62495471 1.37441485 -0.06659982
v 0.56605745 1.39351211 0.00608268
v 0.58696427 1.38943608 0.00256164
v 0.62909477 1.39368205 -0.00578234
v 0.47556116 1.39134891 0.01401335
v 0.49444690 1.38868934 0.01209587
v 0.44290344 1.38667676 -0.05354541
v 0.43272017 1.38442536 -0.05466157
v 0.43207308 1.39402935 -0.04595673
v 0.47340368 1.38800063 -0.05718326
v 0.47064056 1.40016700 -0.04162091
v 0.49302134 1.40642124 -0.03899415
v 0.49199820 1.39493212 -0.05507393
v 0.44612601 1.36224762 -0.05688348
v 0.43521784 1.36075996 -0.05351892
v 0.43397337 1.37257835 -0.05671853
v 0.44420561 1.37466654 -0.05760564
v 0.41339124 1.39620160 0.01715945
v 0.42961071 1.39529047 0.01527126
v 0.40252764 1.39113582 -0.05113281
v 0.40143267 1.39854069 -0.04104629
v 0.41929532 1.40008740 -0.03761252
v 0.41954849 1.39217073 -0.04803208
v 0.43244834 1.40380192 -0.03599915
v 0.40266008 1.38032984 -0.05650217
v 0.41978718 1.38253346 -0.05540363
v 0.39075360 1.39659062 0.01894014
v 0.42072035 1.35936308 -0.05196722
v 0.40301786 1.35740392 -0.05096070
v 0.40283829 1.36853839 -0.05632309
v 0.42055108 1.37073798 -0.05624543
v 0.58083832 1.36857712 -0.06683682
v 0.55875041 1.36522273 -0.06535908
v 0.48148573 1.33608962 -0.01680345
v 0.49849501 1.33496421 -0.02400340
v 0.46524311 1.33838273 -0.01143735
v 0.58454131 1.34292476 -0.03700602
v 0.60630021 1.34651834 -0.04143556
v 0.54028749 1.33761034 -0.02389549
v 0.56274163 1.34001597 -0.03110800
v 0.53603388 1.40429405 -0.05328532
v 0.45064902 1.34586592 -0.04372514
v 0.46161568 1.34756415 -0.04977359
v 0.45153440 1.34047725 -0.03402241
v 0.39310233 1.34625212 -0.00392569
v 0.41395677 1.34687913 -0.00480839
v 0.46415139 1.35756802 -0.06156927
v 0.36691080 1.34492290 -0.00470904
v 0.47422453 1.41455028 -0.02956604
v 0.43249866 1.41282457 -0.02403121
v 0.44510003 1.41693731 -0.02087353
v 0.62968768 1.40861587 -0.02219516
v 0.54401381 1.39745291 0.00841069
v 0.49347032 1.37411052 0.00835828
v 0.49374902 1.36049245 0.00653071
v 0.43702885 1.34634533 -0.03825450
v 0.43655565 1.35145963 -0.04646263
v 0.44852698 1.35181483 -0.05130785
v 0.42827555 1.36885290 0.02227238
v 0.42752981 1.38207288 0.02079669
v 0.62771775 1.35098159 -0.04424360
v 0.44428486 1.36839233 0.01925397
v 0.49537490 1.41796430 -0.02630390
v 0.01132118 1.35477596 -0.07791803
v -0.00431014 1.33921727 -0.07933231
v -0.00427566 1.35175613 -0.07572011
v 0.13739356 1.21196981 0.03369010
v 0.10664941 1.18643043 0.06995712
v 0.11919877 1.18998848 0.06021641
v 0.15852532 1.27695352 0.00695574
v 0.15202760 1.26910791 0.00979368
v 0.21418537 1.31328916 -0.00363723
v 0.19996433 1.29943666 -0.00006168
v 0.13700230 1.25215104 0.03017031
v 0.08094996 1.61439732 0.01287238
v 0.07866722 1.60695142 0.01019995
v 0.08302484 1.62805104 0.01337738
v 0.00648725 1.04109419 0.08494406
v -0.00208959 1.00596534 0.08708049
v -0.00259928 0.99112314 0.08316337
v 0.08093374 1.59836935 0.02569671
v 0.07854619 1.59172596 0.02116186
v 0.08304138 1.59476150 0.02458581
v 0.08105434 1.60053667 0.02767297
v 0.08063353 1.59949171 0.02731995
v 0.08406624 1.63107228 0.02358265
v 0.07618982 1.59808531 0.00993077
v 0.07389725 1.58825540 0.01142607
v 0.08231319 1.61758285 0.02774926
v 0.03251436 1.02450493 -0.06175274
v 0.03666815 1.00915481 -0.06782025
v 0.01784615 1.00561322 -0.07158084
v 0.01528615 1.02054834 -0.06691223
v -0.00478504 0.99289954 -0.08200339
v -0.00416014 1.00442836 -0.07299433
v 0.02170974 0.99139136 -0.08077186
v 0.11884424 0.96712408 -0.06090343
v 0.11303818 0.98629844 -0.05470659
v 0.12414677 0.98840431 -0.03449383
v 0.13038850 0.97079372 -0.03936504
v 0.12278387 1.00415199 -0.00879521
v 0.13127651 0.98866720 -0.01200148
v 0.11583456 1.00476621 -0.02935434
v 0.12542776 1.00104849 0.01231010
v 0.13346169 0.98584580 0.01051148
v 0.12398786 0.99394351 0.03106362
v 0.13146655 0.97821352 0.03086722
v 0.12444168 0.96956521 0.04791509
v 0.11053692 0.96057940 0.06053308
v 0.09657925 0.93592700 0.06621554
v 0.09058902 0.95154321 0.06833393
v 0.06861350 0.94350455 0.07172459
v 0.04919744 0.93511755 0.07356967
v 0.03279065 0.92947803 0.07715925
v 0.01878689 0.92402670 0.08109299
v 0.00693696 0.92141149 0.08385254
v -0.00397178 0.92012936 0.08456115
v -0.00459061 0.89815448 0.08955645
v 0.11264030 1.38553763 0.05056087
v 0.07935749 1.43731472 -0.04884238
v 0.09935015 1.44122022 -0.02995368
v 0.08837952 1.43394118 -0.04933238
v 0.11437349 1.38720205 -0.08326827
v 0.09267474 1.37694694 -0.08928928
v 0.09200464 1.39250104 -0.08156236
v 0.11414211 1.40336861 -0.07326837
v 0.06806895 1.42611611 -0.06002525
v 0.06409764 1.42934230 -0.05838250
v 0.07343466 1.42145174 -0.06278241
v 0.05817880 1.41162127 -0.07239349
v 0.03978520 1.40447383 -0.07446160
v 0.14786539 1.43588030 -0.02498203
v 0.16266539 1.43836799 -0.02126223
v 0.15945705 1.42670537 -0.04206831
v 0.14776464 1.42627320 -0.04698372
v 0.15006799 1.38477419 -0.08040135
v 0.16217854 1.38857767 -0.07680895
v 0.16325528 1.37414671 -0.07942139
v 0.15041417 1.36898879 -0.08273873
v 0.20384387 1.43615433 -0.01017794
v 0.21882232 1.43321448 -0.00913018
v 0.21200062 1.42728665 -0.02962845
v 0.19797060 1.42976077 -0.03159998
v 0.16002976 1.40079083 -0.06968604
v 0.09095002 1.26103142 -0.10107701
v 0.11254026 1.27056738 -0.09838197
v 0.13177993 1.27981969 -0.09524717
v 0.17191856 1.31289744 -0.07110169
v 0.16574973 1.28778744 -0.07336352
v 0.16198064 1.30224843 -0.07807504
v 0.18145473 1.32329647 -0.06660236
v 0.18940994 1.32885862 -0.06187134
v 0.21042966 1.39572692 0.04381414
v 0.20736286 1.36574897 0.04490911
v 0.22023002 1.36330268 0.03620408
v 0.21186791 1.33622734 -0.05390493
v 0.21522128 1.33107177 -0.05037618
v 0.20251726 1.32313471 -0.05073517
v 0.19954754 1.33051325 -0.05444230
v 0.13291063 1.43388439 -0.02812575
v 0.20833035 1.41680626 -0.04535638
v 0.20609711 1.40528147 -0.05554302
v 0.19200143 1.40504708 -0.05799839
v 0.19491163 1.41774836 -0.04726062
v 0.20495384 1.39417396 -0.06320300
v 0.20430123 1.38180573 -0.06806067
v 0.19249117 1.38095588 -0.07093372
v 0.19274400 1.39404270 -0.06612057
v 0.21131516 1.34367719 -0.05782469
v 0.19676024 1.33825307 -0.05856703
v 0.23733035 1.42471087 0.01148167
v 0.18143794 1.44290663 0.00955817
v 0.16634089 1.44247562 0.00502689
v 0.16856963 1.43218012 0.02951021
v 0.18243034 1.42966566 0.03250905
v 0.23506034 1.32064124 -0.00968324
v 0.23954075 1.31858545 -0.01969627
v 0.24138365 1.31811572 -0.02771618
v 0.20938132 1.30601219 -0.04261973
v 0.24168660 1.31905046 -0.03406196
v 0.23030439 1.34185066 0.01998263
v 0.23468789 1.36187926 0.02672468
v 0.16907581 1.41160426 0.04607162
v 0.18202384 1.40671242 0.04687780
v 0.23366662 1.42930551 -0.00969191
v 0.22711696 1.42261951 -0.02890298
v 0.24601904 1.34213248 -0.05634633
v 0.23148941 1.33622627 -0.05265565
v 0.22838889 1.34065992 -0.05537777
v 0.19673631 1.29571433 -0.04813499
v 0.20524307 1.31552917 -0.04679627
v 0.17652702 1.43907285 -0.01680484
v 0.22113148 1.40227509 -0.05408531
v 0.22228961 1.41268970 -0.04400454
v 0.18190523 1.39201537 -0.06936195
v 0.17199795 1.38997930 -0.07307342
v 0.17059319 1.40295497 -0.06489885
v 0.18092825 1.40442122 -0.06094866
v 0.22083949 1.37249719 -0.06600688
v 0.21891560 1.38327282 -0.06491224
v 0.17325229 1.37605945 -0.07687469
v 0.18276562 1.37886611 -0.07402188
v 0.22628039 1.34657694 -0.05854531
v 0.15692758 1.41376599 0.04322791
v 0.14298831 1.39016090 0.05142325
v 0.15667057 1.39162536 0.05316254
v 0.16897289 1.38773685 0.05434510
v 0.18195003 1.38071027 0.05362022
v 0.19565564 1.37182254 0.05066761
v 0.12900187 1.38739254 0.04987368
v 0.45814527 1.35407029 -0.05703337
v 0.25104807 1.33953026 -0.05416562
v 0.26013761 1.34785773 -0.05903197
v 0.26602771 1.34347791 -0.05741310
v 0.32311564 1.37132823 -0.06079932
v 0.00564324 1.53831420 0.14781262
v 0.00611185 1.53176171 0.14434458
v 0.00425344 1.56536984 0.14917582
v 0.00451672 1.56126131 0.15036111
v 0.45271485 1.38932276 -0.05159730
v 0.46077308 1.39121117 -0.05063742
v 0.51336819 1.40028327 -0.05360529
v 0.51582714 1.41158951 -0.03869208
v 0.53885497 1.41375939 -0.03872964
v 0.52212466 1.41541154 0.00376482
v 0.52051979 1.40137999 0.01055936
v 0.51557934 1.35641219 0.00279502
v 0.51565025 1.35595376 -0.05805458
v 0.67177989 1.39811882 -0.00933121
v 0.69294242 1.39491043 -0.00927371
v 0.69345887 1.40143892 -0.01813350
v 0.67201368 1.40262079 -0.01966035
v 0.71373157 1.39221935 -0.00686905
v 0.69208368 1.38525452 -0.00670327
v 0.71246702 1.38152012 -0.00624011
v 0.69055559 1.37558530 -0.01027203
v 0.71079498 1.37259762 -0.01098978
v 0.70945883 1.36547604 -0.01772112
v 0.68965965 1.36746609 -0.01582946
v 0.69004335 1.36123837 -0.02169458
v 0.70961368 1.36106768 -0.02415436
v 0.66991180 1.35719457 -0.02667199
v 0.67018845 1.35582878 -0.03684865
v 0.69092629 1.35855529 -0.03889837
v 0.69071298 1.35826285 -0.02945691
v 0.70906942 1.36828971 -0.05569003
v 0.69006563 1.36577778 -0.05731412
v 0.68952077 1.37357673 -0.06078799
v 0.70872694 1.37542216 -0.05781670
v 0.66949411 1.39036915 -0.05985242
v 0.69066474 1.39237624 -0.05866038
v 0.68966426 1.38288782 -0.06053525
v 0.66851676 1.38018037 -0.06292880
v 0.71022258 1.39469566 -0.05966927
v 0.69182113 1.39836098 -0.05172574
v 0.71138661 1.40115571 -0.05196621
v 0.64990441 1.39109146 -0.00569019
v 0.65066748 1.40050539 -0.01100487
v 0.62961117 1.40263398 -0.01215353
v 0.66902981 1.36933988 -0.01285292
v 0.66961143 1.37826132 -0.00779988
v 0.64873647 1.38082594 -0.00647162
v 0.64794133 1.37114483 -0.01033243
v 0.62767885 1.35018445 -0.03140873
v 0.64922424 1.35352444 -0.03443364
v 0.64853149 1.35607178 -0.02371917
v 0.66925897 1.36184598 -0.01878288
v 0.64798000 1.36244359 -0.01598679
v 0.67001526 1.35791885 -0.04798908
v 0.69060326 1.36101887 -0.04917998
v 0.67193293 1.40272312 -0.03108980
v 0.69323002 1.40106604 -0.02955193
v 0.69291182 1.40048003 -0.04111177
v 0.67147474 1.40129948 -0.04201026
v 0.64908547 1.35499023 -0.04637510
v 0.65046187 1.40563086 -0.03264431
v 0.65003894 1.40306730 -0.04378990
v 0.67072167 1.39790964 -0.05253170
v 0.64912806 1.39766515 -0.05476542
v 0.71323373 1.40237800 -0.02805633
v 0.71416020 1.40040212 -0.01566754
v 0.65092894 1.40625502 -0.02073653
v 0.66937067 1.36242688 -0.05784026
v 0.64831654 1.35898800 -0.05748257
v 0.64731463 1.36698312 -0.06411264
v 0.66863297 1.37044962 -0.06313997
v 0.62561990 1.38623354 -0.06453025
v 0.64789896 1.38824651 -0.06182837
v 0.64692674 1.37727106 -0.06472493
v 0.70924070 1.38448022 -0.05965320
v 0.62698094 1.39735061 -0.05765080
v 0.80119921 1.35823999 -0.02093819
v 0.80652847 1.35687982 -0.01102510
v 0.79658235 1.35305497 -0.00872173
v 0.79099265 1.35505653 -0.01936543
v 0.77430358 1.34430131 -0.00062583
v 0.78316894 1.34582951 0.00960264
v 0.77538486 1.34985752 0.01657385
v 0.76505681 1.34835633 0.00748711
v 0.81029400 1.35884036 -0.00170229
v 0.80090412 1.35372793 0.00041721
v 0.80908088 1.36448647 0.00504973
v 0.81849487 1.36397610 -0.00312677
v 0.81784751 1.37169484 0.00085115
v 0.82613579 1.37521066 -0.00177787
v 0.82427872 1.38465566 -0.00568625
v 0.81179365 1.38333554 -0.00124354
v 0.80457746 1.39491524 -0.02723378
v 0.82000600 1.39282151 -0.02745045
v 0.81694876 1.39311094 -0.03891425
v 0.80126048 1.39481428 -0.03835086
v 0.80673372 1.38745286 -0.05844670
v 0.79223333 1.38953100 -0.05618139
v 0.79711673 1.39228759 -0.04728901
v 0.81301004 1.39010427 -0.04859725
v 0.79426251 1.36147011 -0.03642098
v 0.79649838 1.36049933 -0.03005190
v 0.78627700 1.35825215 -0.02961695
v 0.78344293 1.35979092 -0.03650695
v 0.80583050 1.36936216 0.01650702
v 0.80743112 1.36512732 0.01457502
v 0.80800383 1.37260922 0.00690023
v 0.80157813 1.37667569 0.00856293
v 0.75525546 1.35272216 -0.04800094
v 0.75518209 1.35348122 -0.03991446
v 0.74401746 1.35617016 -0.03659891
v 0.74287560 1.35563499 -0.04529867
v 0.74917235 1.35068848 -0.00904586
v 0.74524353 1.36329612 -0.00106314
v 0.73828075 1.36456509 -0.00688847
v 0.74376006 1.35515437 -0.01717819
v 0.75619971 1.34872150 -0.00118430
v 0.76202151 1.36001527 0.01200122
v 0.75244870 1.36128858 0.00519988
v 0.77316138 1.35959165 0.02030228
v 0.74088532 1.35872134 -0.05530457
v 0.74961849 1.35566960 -0.06019761
v 0.87813963 1.36440970 -0.00650861
v 0.87198889 1.36505602 -0.00629895
v 0.87265695 1.36326912 -0.01190203
v 0.87900191 1.36301723 -0.01195232
v 0.74721060 1.37392957 -0.06916063
v 0.74018286 1.37340679 -0.06567928
v 0.74132774 1.38257292 -0.06523570
v 0.74907492 1.38312427 -0.06622470
v 0.75658567 1.37458033 -0.07315107
v 0.75907314 1.38393621 -0.06767888
v 0.88107793 1.37830514 -0.00467918
v 0.87463802 1.37975965 -0.00541367
v 0.87330290 1.37497391 -0.00292469
v 0.87949194 1.37342942 -0.00259756
v 0.81104119 1.36012695 -0.02085908
v 0.81583309 1.35939749 -0.01141133
v 0.83487803 1.36134357 -0.01534955
v 0.83354720 1.36333380 -0.00879928
v 0.82486145 1.36143468 -0.01013590
v 0.82265297 1.36103073 -0.02022355
v 0.81432292 1.36279653 -0.04102433
v 0.81917831 1.36224159 -0.03354289
v 0.80780916 1.36232904 -0.03305992
v 0.80329948 1.36278331 -0.04090274
v 0.79908743 1.36035578 -0.05335479
v 0.79854562 1.35825378 -0.05982881
v 0.80778463 1.35927154 -0.06120869
v 0.80970161 1.36111698 -0.05413239
v 0.83182158 1.36281535 -0.04900093
v 0.83015297 1.36275063 -0.05486573
v 0.83990770 1.36550248 -0.05524143
v 0.84199683 1.36511560 -0.04979753
v 0.73301571 1.37416572 -0.06269094
v 0.73367091 1.38354306 -0.06393464
v 0.79620113 1.37981159 -0.07632151
v 0.80623449 1.37886559 -0.08015323
v 0.80154660 1.37110071 -0.08669987
v 0.79130857 1.37195565 -0.08261747
v 0.75248863 1.39071125 -0.05927159
v 0.74423360 1.39110133 -0.05927201
v 0.88261340 1.38094364 -0.00981510
v 0.87616163 1.38263222 -0.01049279
v 0.77569467 1.37030902 0.01867970
v 0.76410260 1.37240853 0.00974975
v 0.75426919 1.37431642 0.00267106
v 0.74660506 1.37582946 -0.00220527
v 0.73928071 1.37717681 -0.00421563
v 0.82803438 1.36141786 -0.02567867
v 0.80478959 1.36122787 -0.02847780
v 0.79215862 1.36164315 -0.04112636
v 0.78526653 1.35354356 -0.07154846
v 0.78848129 1.35474254 -0.06386334
v 0.78087346 1.35346639 -0.06069595
v 0.77640861 1.35305704 -0.07091471
v 0.79003919 1.36271519 -0.08391727
v 0.80025186 1.36255998 -0.08651335
v 0.80186157 1.35726143 -0.08140969
v 0.79246406 1.35657806 -0.07942571
v 0.80308685 1.37243527 0.02078656
v 0.79484795 1.37747261 0.01282331
v 0.74722757 1.36396766 -0.06733812
v 0.73983012 1.36494929 -0.06238717
v 0.73280291 1.36699647 -0.05801962
v 0.76910377 1.35621975 -0.03901791
v 0.77111729 1.35541642 -0.03456272
v 0.75702451 1.35102005 -0.02894163
v 0.75549224 1.35320094 -0.03498681
v 0.77972485 1.34896209 -0.01703880
v 0.78632982 1.34737834 -0.00595178
v 0.76649182 1.34521535 -0.01161492
v 0.74402589 1.35555783 -0.02881841
v 0.73516444 1.35902637 -0.02662069
v 0.73506230 1.35956122 -0.03515163
v 0.73423113 1.36005407 -0.04389098
v 0.73320511 1.36221353 -0.05219180
v 0.72508651 1.36066416 -0.02622712
v 0.72524229 1.36025056 -0.03442222
v 0.72480618 1.36215324 -0.04315960
v 0.72408801 1.36454990 -0.05082238
v 0.72442719 1.39521705 -0.05984964
v 0.73518634 1.39261048 -0.05945359
v 0.72371056 1.38490073 -0.06174063
v 0.72710617 1.36846970 -0.00898001
v 0.72570162 1.36387182 -0.01852356
v 0.73575941 1.36065304 -0.01744796
v 0.72913473 1.37831388 -0.00519437
v 0.78963981 1.34826904 0.01711442
v 0.79662559 1.35097094 0.01141454
v 0.80149408 1.35173094 0.01770192
v 0.79600908 1.34960941 0.02319398
v 0.82597137 1.36728114 -0.00384143
v 0.83384758 1.36898044 -0.00433440
v 0.83449836 1.37654874 -0.00343039
v 0.75866709 1.35410552 -0.06543588
v 0.76374717 1.35239714 -0.05427658
v 0.83741205 1.36170172 -0.02137572
v 0.86688449 1.38083770 -0.00616418
v 0.85390887 1.38210103 -0.00671892
v 0.85228165 1.37618238 -0.00403147
v 0.86568879 1.37578242 -0.00338413
v 0.84720136 1.36602489 -0.02498821
v 0.85539365 1.36785620 -0.02304321
v 0.85289083 1.36393491 -0.01856571
v 0.84445764 1.36328444 -0.01950736
v 0.82758757 1.36159352 -0.06181080
v 0.83569445 1.36374645 -0.06199964
v 0.83511587 1.38704762 -0.02781535
v 0.82195851 1.39175027 -0.01555478
v 0.83425350 1.38957344 -0.01608874
v 0.81158360 1.36227648 -0.04790566
v 0.82015788 1.36160905 -0.05462581
v 0.82186575 1.36219348 -0.04858107
v 0.83168959 1.36182509 -0.02843012
v 0.82763463 1.36218336 -0.03363630
v 0.83593740 1.36306994 -0.03258531
v 0.83856163 1.36266621 -0.02644528
v 0.77783716 1.36113869 -0.08088871
v 0.77927872 1.37357581 -0.07938239
v 0.87222001 1.36955384 -0.00323214
v 0.87841343 1.36853177 -0.00334299
v 0.72350040 1.37567049 -0.05871953
v 0.72352043 1.36886404 -0.05570528
v 0.80067467 1.36209295 -0.04702678
v 0.80761161 1.39191835 -0.01472796
v 0.78993162 1.36065542 -0.04608099
v 0.82525373 1.37883164 -0.06903109
v 0.83404203 1.37895868 -0.06978519
v 0.83311925 1.37226439 -0.07154072
v 0.82484607 1.37211083 -0.07318896
v 0.86798147 1.36950112 -0.02149200
v 0.87578573 1.37023472 -0.02076377
v 0.87432061 1.36549694 -0.01724749
v 0.86618623 1.36477935 -0.01750248
v 0.84215560 1.36293404 -0.01411564
v 0.85105838 1.36286124 -0.01308131
v 0.85018849 1.36502731 -0.00772565
v 0.84093010 1.36481110 -0.00839517
v 0.84134060 1.36997435 -0.00496038
v 0.85089743 1.37024570 -0.00470986
v 0.86951182 1.37645434 -0.02219300
v 0.85756156 1.37554705 -0.02345903
v 0.85640968 1.38294876 -0.01980422
v 0.86935978 1.38234651 -0.01793226
v 0.77802400 1.39170069 -0.05387465
v 0.78795852 1.38610144 -0.06534958
v 0.77437778 1.38821006 -0.06243960
v 0.82018110 1.38574521 -0.06050771
v 0.81407457 1.37958498 -0.07014127
v 0.80147015 1.38382416 -0.06810315
v 0.78386560 1.38173247 -0.07275679
v 0.84573243 1.37610348 -0.03087474
v 0.84441587 1.38240893 -0.03242674
v 0.84554219 1.38207948 -0.02354671
v 0.78759639 1.35797463 -0.05318048
v 0.86452056 1.37009602 -0.00371700
v 0.75147403 1.39516447 -0.01409755
v 0.76081125 1.39323237 -0.01353910
v 0.76215957 1.39956437 -0.02759737
v 0.75142902 1.40061018 -0.02613522
v 0.86474553 1.36314854 -0.01197693
v 0.86419754 1.36484591 -0.00654282
v 0.82660373 1.36183453 -0.06908187
v 0.82773077 1.36438256 -0.07464651
v 0.83386985 1.36625100 -0.07229305
v 0.83380612 1.36420029 -0.06785163
v 0.77091621 1.38366318 -0.06984537
v 0.81319509 1.37818719 -0.08373709
v 0.80999733 1.37023208 -0.08977107
v 0.76203213 1.38999554 -0.06040610
v 0.75544872 1.39579037 -0.04987124
v 0.76521442 1.39395980 -0.05172814
v 0.82954107 1.38578283 -0.04921755
v 0.78204036 1.39433386 -0.04586636
v 0.76882989 1.39669246 -0.04368208
v 0.75808689 1.39878683 -0.04047866
v 0.74914930 1.40035290 -0.03874241
v 0.74698429 1.39699428 -0.04905030
v 0.86831352 1.38385835 -0.01148982
v 0.87717728 1.38153589 -0.01686091
v 0.72577549 1.40053930 -0.05025461
v 0.73718674 1.39826460 -0.04893042
v 0.72716940 1.40180324 -0.03851513
v 0.73925336 1.40157450 -0.03819423
v 0.77502164 1.39778909 -0.02516368
v 0.77237989 1.39827171 -0.03470117
v 0.78952272 1.39630028 -0.02669125
v 0.78599185 1.39647707 -0.03724976
v 0.83137522 1.39073767 -0.03908100
v 0.89261988 1.37515525 -0.01826047
v 0.89179329 1.37037429 -0.01957380
v 0.88272725 1.37035891 -0.02040233
v 0.88393859 1.37586522 -0.01934389
v 0.87705243 1.37638711 -0.02068420
v 0.88376591 1.38032334 -0.01577071
v 0.79265833 1.39224314 -0.01378460
v 0.84420123 1.36559650 -0.03180383
v 0.77601280 1.39025536 -0.01007168
v 0.78670461 1.38443035 0.00342536
v 0.79807892 1.38652936 -0.00042270
v 0.76844475 1.38277040 0.00351131
v 0.75760348 1.38539850 -0.00232688
v 0.74127968 1.38771022 -0.00635017
v 0.74888601 1.38676736 -0.00567980
v 0.73025930 1.38897108 -0.00621722
v 0.77967785 1.37913828 0.01226463
v 0.88710878 1.36251293 -0.01271657
v 0.88629371 1.36314545 -0.00699027
v 0.74249410 1.39633168 -0.01378672
v 0.73047178 1.39845085 -0.01376517
v 0.79249003 1.34852797 0.00377128
v 0.77938836 1.35880631 -0.04460391
v 0.77704016 1.35606666 -0.04981221
v 0.77288291 1.35262016 -0.05778847
v 0.76787839 1.35322366 -0.06896202
v 0.72908827 1.40355636 -0.02632785
v 0.71025488 1.35953054 -0.03192608
v 0.71005336 1.36117167 -0.04112627
v 0.71216505 1.40243206 -0.04011275
v 0.88681464 1.36686276 -0.00364665
v 0.84384976 1.37222930 -0.05400927
v 0.84557467 1.37135677 -0.05174162
v 0.78340465 1.35112231 0.02309045
v 0.79189860 1.35238154 0.02828178
v 0.79521792 1.36640041 0.03103606
v 0.78528298 1.36835393 0.02599743
v 0.78218111 1.35907932 0.02679580
v 0.79207365 1.35868636 0.03112774
v 0.76788895 1.35563669 -0.04251027
v 0.76669661 1.35420762 -0.04756174
v 0.76748906 1.37461259 -0.07643110
v 0.76624387 1.36258376 -0.07760443
v 0.84244860 1.37664857 -0.00424250
v 0.84341261 1.38294152 -0.00765521
v 0.83459568 1.38443906 -0.00729824
v 0.85497709 1.38533328 -0.01311081
v 0.84931900 1.37374957 -0.02571746
v 0.84732929 1.37118621 -0.03011922
v 0.77466350 1.35273053 -0.02720642
v 0.76091344 1.34791010 -0.02123585
v 0.80586808 1.35831795 0.01351864
v 0.80257822 1.35622908 0.00762716
v 0.82398067 1.36236725 -0.04114436
v 0.84295309 1.38483711 -0.04665838
v 0.84281398 1.38832283 -0.03902824
v 0.83301437 1.36300927 -0.04096106
v 0.88829783 1.37145765 -0.00263189
v 0.88981538 1.37625872 -0.00449661
v 0.84414935 1.38689132 -0.01495164
v 0.81785066 1.36019056 -0.06193413
v 0.84494445 1.37851200 -0.05018108
v 0.83756361 1.38123630 -0.05377428
v 0.80777630 1.36280182 -0.08823986
v 0.74164287 1.40186067 -0.02551345
v 0.88066013 1.36520312 -0.01755885
v 0.88903331 1.36497013 -0.01785427
v 0.89205939 1.37838772 -0.01495437
v 0.89081138 1.37906340 -0.00956980
v 0.75621722 1.36338924 -0.07298334
v 0.78139324 1.35995376 -0.04067129
v 0.70952734 1.36380822 -0.04972540
v 0.78946552 1.37575161 0.02045492
v 0.79926477 1.37212973 0.02694131
v 0.84141665 1.36436573 -0.04102101
v 0.81883786 1.37673832 -0.07678892
v 0.84192149 1.38229350 -0.05683963
v 0.83736858 1.38432721 -0.06360125
v 0.82974067 1.38473174 -0.06222839
v 0.84511425 1.37713393 -0.05523113
v 0.89825909 1.37800862 -0.00931982
v 0.89924259 1.37743529 -0.01462091
v 0.89756839 1.37520504 -0.00418232
v 0.89527334 1.37037677 -0.00285039
v 0.89319205 1.36617070 -0.00395681
v 0.89955241 1.37430961 -0.01785200
v 0.89834843 1.36995994 -0.01905645
v 0.89528049 1.36498492 -0.01748038
v 0.90547926 1.37334628 -0.01784479
v 0.90649635 1.37624416 -0.01447392
v 0.91132123 1.37164437 -0.00343447
v 0.91312149 1.37390601 -0.00552124
v 0.90927291 1.37484582 -0.00592352
v 0.90563365 1.37427235 -0.00411506
v 0.91651484 1.37018077 -0.00423353
v 0.91794476 1.37297013 -0.00592734
v 0.91356634 1.37569307 -0.00934814
v 0.90880153 1.37624492 -0.00902399
v 0.91880705 1.37502930 -0.00979938
v 0.91844853 1.37438109 -0.01393814
v 0.91337368 1.37493132 -0.01341442
v 0.90942389 1.37579676 -0.01240722
v 0.90479022 1.37706390 -0.00907413
v 0.92099284 1.36965972 -0.00634795
v 0.92368013 1.37049182 -0.01080170
v 0.92298830 1.37372907 -0.01017048
v 0.92130735 1.37239435 -0.00674458
v 0.90202950 1.36957499 -0.00299514
v 0.90899262 1.36805764 -0.00363868
v 0.91493799 1.36667223 -0.00491773
v 0.91969020 1.36639576 -0.00738234
v 0.90797926 1.36436221 -0.00523062
v 0.91414175 1.36390952 -0.00686540
v 0.91810668 1.36407140 -0.00911880
v 0.90779196 1.36188822 -0.00847762
v 0.91403744 1.36244916 -0.00968055
v 0.89958217 1.36548290 -0.00433517
v 0.89852755 1.36251391 -0.00759847
v 0.91692872 1.36317949 -0.01064219
v 0.92232252 1.36747869 -0.01181830
v 0.91245376 1.37399139 -0.01632242
v 0.91785296 1.37262420 -0.01661640
v 0.91161751 1.37165539 -0.01815949
v 0.91708668 1.37028764 -0.01799280
v 0.92208780 1.37387637 -0.01392191
v 0.92224136 1.37165195 -0.01543542
v 0.89225533 1.36285479 -0.00733801
v 0.89310843 1.36261641 -0.01304472
v 0.89922562 1.36222257 -0.01293997
v 0.90816804 1.36160218 -0.01361548
v 0.90120095 1.36482573 -0.01724150
v 0.90428285 1.36924918 -0.01885725
v 0.91079623 1.36850473 -0.01865228
v 0.90917234 1.36451749 -0.01759291
v 0.91599818 1.36734559 -0.01803051
v 0.91495432 1.36450860 -0.01684676
v 0.91442955 1.36254817 -0.01362116
v 0.91930591 1.36634618 -0.01628484
v 0.92101614 1.36888996 -0.01628520
v 0.91995146 1.36519601 -0.01271811
v 0.91761514 1.36368251 -0.01329175
v 0.91768895 1.36467977 -0.01570310
v 0.88598849 1.36694846 -0.04106564
v 0.87798684 1.36764448 -0.03967375
v 0.87763191 1.36672939 -0.04493644
v 0.88584839 1.36622463 -0.04648125
v 0.88686884 1.38076912 -0.03693837
v 0.87942639 1.38217335 -0.03637254
v 0.87905569 1.37618031 -0.03496182
v 0.88657177 1.37465451 -0.03593535
v 0.88655246 1.38392798 -0.04295699
v 0.87914926 1.38560022 -0.04247305
v 0.87054647 1.38311387 -0.03541081
v 0.85566207 1.38265961 -0.03418434
v 0.85556154 1.37613071 -0.03335061
v 0.87026065 1.37692666 -0.03424108
v 0.85443063 1.37141012 -0.05144195
v 0.85265626 1.36733824 -0.04803787
v 0.87852354 1.37113327 -0.03667070
v 0.88634927 1.36985515 -0.03763370
v 0.86929482 1.37198541 -0.05253182
v 0.87877734 1.37226005 -0.05354360
v 0.87806173 1.36829917 -0.05010516
v 0.86848200 1.36793170 -0.04902634
v 0.85233119 1.36584502 -0.04171539
v 0.85339064 1.36672367 -0.03544710
v 0.85487202 1.37083376 -0.03330654
v 0.87013368 1.37811766 -0.05279008
v 0.85575288 1.37833085 -0.05125734
v 0.85550331 1.38475884 -0.04718320
v 0.87051305 1.38387007 -0.04880222
v 0.86954609 1.37145056 -0.03533449
v 0.86802355 1.36653556 -0.04333474
v 0.86871046 1.36740867 -0.03796159
v 0.87022489 1.38654839 -0.04172949
v 0.87932042 1.38290033 -0.04957250
v 0.89732989 1.37654183 -0.05390586
v 0.89734341 1.37182126 -0.05534586
v 0.88687980 1.37198085 -0.05463985
v 0.88726181 1.37713133 -0.05375991
v 0.87941707 1.37755518 -0.05332402
v 0.88684791 1.38187081 -0.04967537
v 0.89715272 1.36550705 -0.04855919
v 0.89700896 1.36585699 -0.04288838
v 0.89725274 1.36842566 -0.03927757
v 0.85537609 1.38782687 -0.04008916
v 0.89719115 1.37283877 -0.03777989
v 0.89712714 1.37885012 -0.03828798
v 0.88625027 1.36782184 -0.05163580
v 0.89698005 1.36736394 -0.05327853
v 0.89682162 1.38048671 -0.05008887
v 0.89640621 1.38227524 -0.04385967
v 0.90512725 1.38061277 -0.04509980
v 0.90513313 1.37913161 -0.05084795
v 0.90590290 1.37771735 -0.03967349
v 0.90511209 1.37213926 -0.03899934
v 0.90434004 1.36809414 -0.04048747
v 0.90532937 1.37588409 -0.05419073
v 0.90482967 1.37185909 -0.05558697
v 0.90376951 1.36753755 -0.05386769
v 0.91289094 1.37514648 -0.05509149
v 0.91402699 1.37818067 -0.05211452
v 0.92703639 1.37345552 -0.04344887
v 0.92794987 1.37661669 -0.04484241
v 0.92241174 1.37709553 -0.04406418
v 0.92115630 1.37491817 -0.04178208
v 0.91843111 1.37807593 -0.04401229
v 0.91486538 1.37718827 -0.04143841
v 0.92246748 1.37891562 -0.04803376
v 0.91765609 1.37899754 -0.04726449
v 0.92847765 1.37908733 -0.04903718
v 0.92744695 1.37814390 -0.05309832
v 0.92145546 1.37786675 -0.05164998
v 0.91750593 1.37819458 -0.05055614
v 0.93225280 1.37353263 -0.04613710
v 0.93205378 1.37637870 -0.04609708
v 0.91295979 1.37978883 -0.04650714
v 0.91198675 1.37204892 -0.04042953
v 0.91959896 1.37098503 -0.04173901
v 0.92650509 1.37012326 -0.04391832
v 0.93142304 1.37025341 -0.04704962
v 0.91856105 1.36701544 -0.04330138
v 0.92561755 1.36705258 -0.04550144
v 0.92965126 1.36786226 -0.04852896
v 0.91789328 1.36444805 -0.04690715
v 0.92489497 1.36533987 -0.04868192
v 0.91025212 1.36779804 -0.04175151
v 0.90921874 1.36528074 -0.04517383
v 0.92810832 1.36666545 -0.04998751
v 0.93322367 1.37185208 -0.05137378
v 0.93455947 1.37520327 -0.05060351
v 0.93390206 1.37874902 -0.04975515
v 0.92062090 1.37630570 -0.05384247
v 0.92695480 1.37581050 -0.05479953
v 0.92018168 1.37441018 -0.05612773
v 0.92664590 1.37378852 -0.05648769
v 0.93206571 1.37829216 -0.05366199
v 0.93217140 1.37592307 -0.05453026
v 0.90370211 1.36573465 -0.04410935
v 0.90346570 1.36548865 -0.04927360
v 0.90897030 1.36500562 -0.05023745
v 0.91759861 1.36461701 -0.05205092
v 0.90945473 1.36744769 -0.05465997
v 0.91152913 1.37171499 -0.05634434
v 0.91904265 1.37140534 -0.05702294
v 0.91784709 1.36754436 -0.05596013
v 0.92550059 1.37111431 -0.05683548
v 0.92448095 1.36805920 -0.05598363
v 0.92443286 1.36550498 -0.05298049
v 0.92963895 1.37050702 -0.05549745
v 0.93137453 1.37312225 -0.05533133
v 0.93093358 1.36914976 -0.05221381
v 0.92836894 1.36717265 -0.05279170
v 0.92782738 1.36848410 -0.05517794
v 0.87347343 1.36748293 -0.06590414
v 0.86713755 1.36820319 -0.06436548
v 0.86525484 1.36574060 -0.06891189
v 0.87179455 1.36496917 -0.07061836
v 0.87457203 1.37986917 -0.06598624
v 0.86737503 1.38138639 -0.06374959
v 0.86851597 1.37717961 -0.06186454
v 0.87512350 1.37636796 -0.06400016
v 0.87333687 1.38128209 -0.07099349
v 0.86552497 1.38282216 -0.06943374
v 0.86004301 1.38196006 -0.06169912
v 0.84956318 1.38216665 -0.05919309
v 0.85121576 1.37663665 -0.05744788
v 0.86167782 1.37713530 -0.05970074
v 0.86840155 1.37248401 -0.06224631
v 0.87484385 1.37190379 -0.06405992
v 0.85544859 1.36813677 -0.07541687
v 0.86355825 1.36863037 -0.07716325
v 0.86398292 1.36606998 -0.07379493
v 0.85594908 1.36579047 -0.07186075
v 0.84465212 1.36513364 -0.06391138
v 0.84760331 1.36712759 -0.05932309
v 0.85013355 1.37123465 -0.05768161
v 0.85568214 1.37353514 -0.07698167
v 0.84320016 1.37295327 -0.07367149
v 0.84425757 1.37973218 -0.07179307
v 0.85614881 1.38002057 -0.07417547
v 0.86157540 1.37209517 -0.06031542
v 0.85763974 1.36518067 -0.06695330
v 0.85998719 1.36763995 -0.06236989
v 0.85757266 1.38336676 -0.06770798
v 0.86407136 1.37954339 -0.07542632
v 0.88209605 1.37352801 -0.08123967
v 0.88165993 1.36897756 -0.08147013
v 0.87065193 1.36850465 -0.07913197
v 0.87108720 1.37359101 -0.07959835
v 0.86357003 1.37360806 -0.07847503
v 0.87204051 1.37873693 -0.07654428
v 0.88179240 1.36448049 -0.07336341
v 0.88304933 1.36626151 -0.06861985
v 0.88420914 1.37046220 -0.06671268
v 0.84671073 1.38400079 -0.06538021
v 0.84261213 1.36733746 -0.07240426
v 0.88482269 1.37436544 -0.06666425
v 0.88475422 1.37781701 -0.06836413
v 0.87071959 1.36555843 -0.07569269
v 0.88107748 1.36544137 -0.07845746
v 0.88272206 1.37778706 -0.07813715
v 0.88355407 1.37981121 -0.07301413
v 0.89107458 1.37881059 -0.07453201
v 0.89012802 1.37725811 -0.07976067
v 0.89249491 1.37696714 -0.06984381
v 0.89204267 1.37318020 -0.06848059
v 0.89082139 1.36948638 -0.06861826
v 0.88951218 1.37316102 -0.08255023
v 0.88899111 1.36921609 -0.08262580
v 0.88754232 1.36568636 -0.07974789
v 0.89502607 1.37262934 -0.08397684
v 0.89688092 1.37624048 -0.08109880
v 0.91096486 1.37306131 -0.07371929
v 0.91114319 1.37497455 -0.07541057
v 0.90603900 1.37495565 -0.07433706
v 0.90579465 1.37383563 -0.07216651
v 0.90230240 1.37600763 -0.07380494
v 0.89947210 1.37599622 -0.07157284
v 0.90547445 1.37690552 -0.07789844
v 0.90095018 1.37723512 -0.07673348
v 0.91051782 1.37665566 -0.07931284
v 0.90870973 1.37522036 -0.08309797
v 0.90370033 1.37540097 -0.08150128
v 0.90022161 1.37646636 -0.07999972
v 0.91499446 1.37302888 -0.07634570
v 0.91438616 1.37492980 -0.07693535
v 0.89697433 1.37774004 -0.07584080
v 0.89773227 1.37231917 -0.06986371
v 0.90447392 1.37094860 -0.07127376
v 0.91020341 1.37013462 -0.07326326
v 0.91391927 1.36977952 -0.07633574
v 0.90288032 1.36762255 -0.07200708
v 0.90867191 1.36722859 -0.07415501
v 0.91186619 1.36704977 -0.07689901
v 0.90127849 1.36486087 -0.07393482
v 0.90727964 1.36508831 -0.07605820
v 0.89605149 1.36862879 -0.07030140
v 0.89408927 1.36566361 -0.07220390
v 0.91006079 1.36581490 -0.07769040
v 0.91453640 1.37001543 -0.08130710
v 0.91570918 1.37355033 -0.08106390
v 0.91477767 1.37632409 -0.08053492
v 0.90207439 1.37405960 -0.08385820
v 0.90749287 1.37326022 -0.08502778
v 0.90091096 1.37153232 -0.08505663
v 0.90680038 1.37093595 -0.08576182
v 0.91248495 1.37539034 -0.08352387
v 0.91239686 1.37348613 -0.08454206
v 0.88914277 1.36627728 -0.07049637
v 0.88769769 1.36476282 -0.07475883
v 0.89282894 1.36452036 -0.07595526
v 0.90034892 1.36399536 -0.07798926
v 0.89248804 1.36570994 -0.08068488
v 0.89388076 1.36897436 -0.08343297
v 0.90020337 1.36842632 -0.08457938
v 0.89949369 1.36559838 -0.08217646
v 0.90598913 1.36820828 -0.08516982
v 0.90560945 1.36580131 -0.08318267
v 0.90623492 1.36449543 -0.07962033
v 0.91008993 1.36802814 -0.08424707
v 0.91139272 1.37075904 -0.08489870
v 0.91239233 1.36742583 -0.08085202
v 0.90995588 1.36577444 -0.08036838
v 0.90881694 1.36630172 -0.08303488
v 0.84280540 1.36554408 -0.06865033
v 0.84650717 1.36369527 -0.09343659
v 0.84187862 1.36428174 -0.09052176
v 0.83977386 1.36235560 -0.09353306
v 0.84428771 1.36168168 -0.09643317
v 0.84739726 1.37466113 -0.09574088
v 0.84212069 1.37580291 -0.09249598
v 0.84363166 1.37233836 -0.08947995
v 0.84875317 1.37151678 -0.09279347
v 0.84456114 1.37486582 -0.10061340
v 0.83901153 1.37606651 -0.09771383
v 0.83581300 1.37601012 -0.08864811
v 0.82596240 1.37645618 -0.08217278
v 0.82900415 1.37186303 -0.07996993
v 0.83766649 1.37225980 -0.08569046
v 0.81383943 1.36323088 -0.08950141
v 0.82072694 1.36315170 -0.09257205
v 0.82306246 1.36127551 -0.08906761
v 0.81534533 1.36042331 -0.08547374
v 0.84343020 1.36796934 -0.08895976
v 0.84821174 1.36738213 -0.09229477
v 0.83019418 1.36350011 -0.09752144
v 0.83590283 1.36369912 -0.10078661
v 0.83774965 1.36215425 -0.09723546
v 0.83240830 1.36171365 -0.09407154
v 0.81880440 1.35988606 -0.08116041
v 0.82571532 1.36136994 -0.08537740
v 0.82782736 1.36330348 -0.08186783
v 0.82270952 1.36106883 -0.07701864
v 0.82934171 1.36653718 -0.08030185
v 0.82897733 1.36749093 -0.09942531
v 0.81928743 1.36704364 -0.09427802
v 0.81874181 1.37255565 -0.09349305
v 0.82974613 1.37270570 -0.09850346
v 0.83781834 1.36777534 -0.08554928
v 0.83462789 1.36203986 -0.09047152
v 0.83654754 1.36418015 -0.08719709
v 0.83234266 1.37660166 -0.09371858
v 0.83633498 1.37235412 -0.10178786
v 0.84688132 1.36590450 -0.10945867
v 0.84695152 1.36260136 -0.10783960
v 0.84066139 1.36314664 -0.10396249
v 0.84019924 1.36692871 -0.10593604
v 0.83507476 1.36752576 -0.10289498
v 0.84175398 1.37149601 -0.10473311
v 0.85008018 1.36082468 -0.10025426
v 0.85274761 1.36280988 -0.09732611
v 0.85432124 1.36626569 -0.09616807
v 0.82152715 1.37782873 -0.08780092
v 0.85511097 1.36992739 -0.09679506
v 0.85410266 1.37291268 -0.09943150
v 0.84226102 1.36151518 -0.10026848
v 0.84821260 1.36086651 -0.10420474
v 0.84847034 1.37009443 -0.10820566
v 0.85119049 1.37321731 -0.10400426
v 0.85671761 1.37247156 -0.10692429
v 0.85408751 1.36943122 -0.11118532
v 0.85934202 1.37186705 -0.10227298
v 0.85982764 1.36903078 -0.09957041
v 0.85846849 1.36546335 -0.09909316
v 0.85214845 1.36509947 -0.11209384
v 0.85195153 1.36238337 -0.11019539
v 0.85265402 1.36100119 -0.10665877
v 0.85721630 1.36469851 -0.11441239
v 0.85981754 1.36870614 -0.11370904
v 0.87322964 1.36759222 -0.10797621
v 0.87258337 1.36912051 -0.10961432
v 0.86922304 1.36945156 -0.10823193
v 0.86933867 1.36864844 -0.10586511
v 0.86592006 1.37054457 -0.10742611
v 0.86431059 1.37058570 -0.10486059
v 0.86752935 1.37046633 -0.11154818
v 0.86401678 1.37083120 -0.11010613
v 0.87141805 1.37015696 -0.11348551
v 0.86943083 1.36761787 -0.11686457
v 0.86563829 1.36842792 -0.11524818
v 0.86300689 1.36954410 -0.11332394
v 0.87609208 1.36706316 -0.11094638
v 0.87519753 1.36889853 -0.11142625
v 0.86108342 1.37149725 -0.10886852
v 0.86401746 1.36815793 -0.10205496
v 0.86904140 1.36677789 -0.10427733
v 0.87377574 1.36537279 -0.10720566
v 0.87601603 1.36434833 -0.11092108
v 0.86753375 1.36418199 -0.10404706
v 0.87213411 1.36298181 -0.10722074
v 0.87427350 1.36225742 -0.11054882
v 0.86527185 1.36177435 -0.10472771
v 0.87007594 1.36115206 -0.10781765
v 0.86239340 1.36526765 -0.10123475
v 0.86002644 1.36253189 -0.10199533
v 0.87237151 1.36113376 -0.11013326
v 0.87523367 1.36379222 -0.11460600
v 0.87574058 1.36652878 -0.11528119
v 0.87474394 1.36943034 -0.11520884
v 0.86405340 1.36646305 -0.11668877
v 0.86869633 1.36531238 -0.11816175
v 0.86234768 1.36374758 -0.11635565
v 0.86815153 1.36281163 -0.11760255
v 0.87249304 1.36768676 -0.11760006
v 0.87276031 1.36550510 -0.11790429
v 0.85668847 1.36254700 -0.10009894
v 0.85446685 1.36084787 -0.10269311
v 0.85786648 1.36059973 -0.10465942
v 0.86318935 1.36000876 -0.10707429
v 0.85647440 1.36061405 -0.10865558
v 0.85617641 1.36201009 -0.11222286
v 0.86178023 1.36139480 -0.11440220
v 0.86192670 1.35986195 -0.11101959
v 0.86758958 1.36089921 -0.11567086
v 0.86766938 1.35980328 -0.11289525
v 0.86856489 1.35988793 -0.10977733
v 0.87173512 1.36131434 -0.11519359
v 0.87248531 1.36299048 -0.11697882
v 0.87380305 1.36182266 -0.11334506
v 0.87193640 1.36066423 -0.11187628
v 0.87086726 1.36043442 -0.11353331
v 0.81346388 1.36653788 -0.09135954
v 0.81292905 1.37017844 0.02727008
v 0.81482121 1.36721601 0.02269021
v 0.81278293 1.35597145 0.02098193
v 0.80883523 1.35097866 0.02447596
v 0.80456797 1.34985101 0.03008108
v 0.80281979 1.35312422 0.03465454
v 0.80320051 1.35833334 0.03720653
v 0.81518858 1.36228928 0.02045946
v 0.80943416 1.37029767 0.03301889
v 0.80556050 1.36533832 0.03705903
v 0.81480322 1.36461645 0.04367701
v 0.81821343 1.36994285 0.03916143
v 0.81215904 1.35755180 0.04406210
v 0.81091089 1.35204864 0.04044904
v 0.81133758 1.34919494 0.03487725
v 0.82084215 1.37001013 0.03227628
v 0.82175413 1.36673382 0.02706478
v 0.82086822 1.36106418 0.02453672
v 0.82817363 1.36982114 0.03792261
v 0.82851291 1.36957445 0.04609337
v 0.83186691 1.35430400 0.05578273
v 0.83223178 1.35868090 0.05780059
v 0.82828920 1.35871633 0.05540891
v 0.82680955 1.35439489 0.05352739
v 0.82589824 1.35973999 0.05348130
v 0.82182426 1.35684068 0.05063697
v 0.83062914 1.36484623 0.05552443
v 0.82801328 1.36457956 0.05312616
v 0.83371621 1.36939443 0.05249257
v 0.83043050 1.36861441 0.05142327
v 0.83441463 1.36483925 0.05846939
v 0.83589632 1.35915606 0.05955474
v 0.83812128 1.36356817 0.05961145
v 0.83695241 1.35622953 0.05783090
v 0.82400021 1.36423557 0.04985033
v 0.81872422 1.35128080 0.04549235
v 0.82587043 1.35062550 0.04952065
v 0.83255750 1.35127819 0.05229287
v 0.83825078 1.35407240 0.05376809
v 0.82693255 1.34864873 0.04385741
v 0.83408755 1.35059173 0.04716870
v 0.83860199 1.35372165 0.04915846
v 0.82879996 1.35000027 0.03826303
v 0.83533387 1.35222715 0.04316550
v 0.81787308 1.34829428 0.03889105
v 0.81958817 1.34947810 0.03259960
v 0.83857562 1.35422763 0.04599141
v 0.84203415 1.35922354 0.05331388
v 0.84129923 1.36115629 0.05782749
v 0.83509747 1.37023511 0.04801173
v 0.83709394 1.36897686 0.05525355
v 0.83930815 1.36917832 0.05105356
v 0.83526187 1.36908786 0.04246086
v 0.84028835 1.36724021 0.04668374
v 0.83958409 1.36738377 0.05742485
v 0.84181905 1.36649108 0.05455713
v 0.81399921 1.35016367 0.02884073
v 0.81788531 1.35460285 0.02518107
v 0.82331705 1.35439523 0.02884276
v 0.83155597 1.35483306 0.03473914
v 0.82668916 1.36100943 0.02839334
v 0.82825061 1.36695215 0.03187823
v 0.83533515 1.36599505 0.03789053
v 0.83411244 1.36083589 0.03471554
v 0.84006225 1.36409966 0.04310650
v 0.83893258 1.36030664 0.04097687
v 0.83729438 1.35588586 0.04113496
v 0.84184076 1.36155857 0.04691717
v 0.84266120 1.36407437 0.05056294
v 0.84117338 1.35777963 0.04911369
v 0.83989087 1.35691452 0.04551835
v 0.84060912 1.35971241 0.04461727
v 0.80918403 1.35822624 -0.08321778
v 0.81239641 1.35773752 -0.07751477
v 0.80438426 1.35665740 -0.07535548
v 0.79488354 1.35482161 -0.07340921
v 0.78454951 1.35571665 -0.07776016
v 0.79725536 1.35618343 -0.06646363
v 0.80668879 1.35785482 -0.06879891
v 0.81730578 1.35928262 -0.07092422
v 0.79163103 1.35689323 -0.05880573
v 0.04200087 1.62573380 0.11679850
v 0.04520000 1.62547100 0.11452125
v 0.04685219 1.61882555 0.11220497
v 0.04432546 1.61855925 0.11439809
v 0.04099100 1.61852930 0.11627131
v 0.03703294 1.61873681 0.11740041
v 0.03173698 1.62704279 0.11800508
v 0.03723701 1.62739667 0.11810729
v 0.02155564 1.62105540 0.11542624
v 0.02356999 1.62275728 0.11498000
v 0.02241072 1.61993408 0.11593676
v 0.02868269 1.61940485 0.11721221
v 0.02485728 1.61991583 0.11606701
v 0.04909939 1.62275996 0.11035571
v 0.04997354 1.62139975 0.10917159
v 0.04748037 1.62410643 0.11238975
v 0.03276135 1.61901608 0.11760835
v 0.04988838 1.61996287 0.10911274
v 0.04875487 1.61910245 0.11020243
v 0.02695694 1.62543124 0.11647689
v 0.04133968 1.62110684 0.11578089
v 0.03729677 1.62153465 0.11727644
v 0.03259335 1.62440614 0.11812294
v 0.03745947 1.62440888 0.11757491
v 0.02910115 1.62167269 0.11717260
v 0.02661574 1.62139297 0.11626542
v 0.04423122 1.62082631 0.11397561
v 0.03297277 1.62171727 0.11773852
v 0.04166179 1.62401466 0.11568625
v 0.02603564 1.62241577 0.11638308
v 0.02837236 1.62382853 0.11722312
v 0.04914955 1.62161716 0.10953855
v 0.04907461 1.62110423 0.10958938
v 0.01801989 1.36972887 0.07061005
v 0.01751684 1.35510571 0.07354652
v 0.04458685 1.62352189 0.11370774
v 0.04808038 1.62084075 0.11046331
v 0.04640467 1.62109413 0.11189969
v 0.04671609 1.62280651 0.11190120
v 0.04826775 1.62215327 0.11042567
v 0.31085281 1.37733439 0.02104170
v 0.31092928 1.36347069 0.01985582
v 0.31519671 1.40914754 -0.01966133
v 0.31011762 1.40765739 -0.03978716
v 0.04117641 1.08435199 0.08189245
v 0.10744026 1.12261527 -0.04171916
v 0.11383902 1.14386734 -0.04485016
v 0.03968090 1.13859387 -0.07773592
v 0.05989442 1.13563421 -0.07564471
v 0.12934975 1.12635925 0.04558789
v 0.12179202 1.10503368 0.04341067
v 0.08528124 1.12164840 0.07469803
v 0.07837658 1.09849697 0.07210393
v 0.10300379 1.08036063 0.05510094
v 0.06784335 1.08972268 -0.05824655
v 0.07249998 1.11057274 -0.06279531
v 0.08687177 1.10710910 -0.05057516
v 0.08171261 1.08713527 -0.04739974
v 0.01762771 1.11781965 -0.07354602
v 0.01888285 1.14081423 -0.07315837
v 0.14142587 1.14942187 0.02923296
v 0.14139432 1.15132003 0.00890763
v 0.13113695 1.15695129 -0.03037057
v 0.11920737 1.16238823 -0.04700390
v 0.08695594 1.17718837 -0.07233105
v 0.10460807 1.16991584 -0.06054820
v 0.07242826 1.14601951 0.08037667
v 0.05803458 1.16801909 0.08285361
v 0.13407423 1.14851836 0.04697267
v 0.01902931 1.15109339 0.08604570
v 0.04447829 1.21116356 -0.08826477
v 0.07026406 1.20696535 -0.08488516
v 0.13919867 1.15338182 -0.01166182
v 0.03107881 1.31588895 0.08301450
v 0.02968146 1.30123795 0.08547361
v 0.04708290 1.30527954 0.08690108
v 0.04959155 1.31981154 0.08388113
v 0.06449681 1.30789798 0.08792066
v 0.08176045 1.30991576 0.08896673
v 0.09866354 1.31130178 0.08944299
v 0.13906321 1.30707604 0.08081893
v 0.12789647 1.30999568 0.08574217
v 0.15124245 1.29631496 0.06431118
v 0.14724996 1.30283359 0.07397292
v 0.14745311 1.28676670 0.05135123
v 0.13996314 1.27631485 0.03643123
v 0.13983667 1.26435916 0.02397242
v 0.14365004 1.27716893 0.01981413
v 0.13443059 1.26366854 0.04053284
v 0.13962133 1.27511628 0.05386534
v 0.14231422 1.28456989 0.06670356
v 0.01588318 1.25988391 0.07923474
v 0.01956601 1.23574003 0.07733260
v 0.01710523 1.38250740 0.06577604
v 0.53686060 1.36121895 -0.06255269
v 0.67087406 1.38836363 -0.00566746
v 0.02376053 1.39723755 -0.07205476
v 0.00857235 1.39124958 -0.06643404
v -0.00425475 1.37597887 -0.06746066
v -0.00454523 1.38768362 -0.06379830
v 0.09782875 1.42904002 -0.05173668
v 0.08195681 1.41607372 -0.06731336
v 0.06063427 1.40391338 -0.07748210
v 0.04174945 1.39448407 -0.08036393
v 0.12223895 1.16903147 0.06011807
v 0.02844928 1.36207669 -0.08351104
v 0.04458801 1.38409603 -0.08565453
v 0.06615170 1.39411994 -0.08254966
v 0.08839912 1.40637698 -0.07289004
v 0.11256138 1.42206828 -0.05705243
v 0.13320120 1.42520270 -0.05152333
v 0.15959773 1.41518252 -0.05762388
v 0.17023544 1.41582646 -0.05322319
v 0.17238109 1.42828316 -0.03804134
v 0.18515416 1.42991147 -0.03472470
v 0.18230071 1.41848693 -0.04995301
v 0.27468253 1.40463652 -0.04493239
v 0.28956355 1.40131358 -0.04992815
v 0.29850970 1.39353893 -0.05576962
v 0.30277911 1.38237584 -0.05911543
v 0.30125714 1.36990837 -0.06135454
v 0.29333083 1.35734781 -0.06199852
v 0.28013991 1.34864882 -0.06032909
v 0.23500289 1.33439729 -0.05043784
v 0.21872007 1.32782439 -0.04765695
v 0.18719181 1.28418284 -0.05120953
v 0.17868777 1.27495368 -0.05389901
v 0.14643297 1.23439788 -0.06374037
v 0.15872701 1.24771173 -0.06192453
v 0.13308650 1.21940684 -0.06507589
v 0.07594796 0.99984511 -0.07007307
v 0.06833488 1.01514937 -0.05985109
v 0.08401211 1.01695029 -0.05241649
v 0.09144518 1.00138655 -0.06122477
v 0.01452540 1.04287739 -0.06749109
v 0.03142674 1.04513409 -0.06441651
v 0.11644869 1.01598280 0.01398324
v 0.11475086 1.01723591 -0.00637820
v 0.10885633 1.01784813 -0.02486830
v 0.09807227 1.01773346 -0.04024480
v 0.11373923 1.00928463 0.03012640
v 0.04787878 0.97268675 0.07276988
v 0.06317956 0.97719062 0.06976352
v 0.00842103 0.96276793 0.08114247
v 0.02059852 0.96548380 0.07808296
v 0.10767238 1.00018273 0.04521521
v 0.03373737 0.96913317 0.07512126
v 0.08055646 0.98294244 0.06541551
v 0.09651005 0.99088235 0.05722908
v 0.06474600 1.02985180 -0.05454689
v 0.04837792 1.02766143 -0.05777398
v 0.04728185 1.04665334 -0.05912835
v 0.03701526 1.27058962 -0.09800415
v 0.05892579 1.27386546 -0.10293649
v 0.08080108 1.27875260 -0.10594090
v 0.09690148 1.30321365 -0.10405887
v 0.11826175 1.31255777 -0.10005280
v 0.12285626 1.29487923 -0.09937346
v 0.10203022 1.28600164 -0.10321132
v 0.15269236 1.33376013 -0.08264730
v 0.16574882 1.34383136 -0.07747474
v 0.16814856 1.32771417 -0.07476964
v 0.15692199 1.31734030 -0.08120332
v 0.17886232 1.33684746 -0.07087056
v 0.18664535 1.34256502 -0.06633857
v 0.19686343 1.34763157 -0.06263244
v 0.21024792 1.35125994 -0.06202057
v 0.20586991 1.37178908 -0.06890801
v 0.19370847 1.36855785 -0.07149241
v 0.15089857 1.35212028 -0.08280344
v 0.13410675 1.34173032 -0.09026105
v 0.03221955 1.30433282 -0.09771407
v 0.01349457 1.30077762 -0.09062340
v 0.14715041 1.25667954 0.01362346
v 0.15714126 1.25020034 0.00359933
v 0.16441262 1.24656414 -0.00810642
v 0.16794217 1.24565678 -0.02092262
v 0.16915318 1.24762334 -0.03392227
v 0.16812746 1.25145123 -0.04680809
v 0.16565921 1.25784875 -0.05924197
v 0.17164367 1.26657155 -0.05679642
v 0.16164853 1.26621991 -0.07076903
v 0.16915221 1.27563818 -0.06626262
v 0.15582259 1.27716548 -0.08048343
v 0.14804988 1.29026977 -0.08767373
v 0.14150784 1.30579451 -0.09124581
v 0.13675280 1.32321080 -0.09174362
v 0.09430719 1.32166202 -0.10223978
v 0.11557802 1.33148532 -0.09845179
v 0.07111168 1.33226460 -0.10235384
v 0.07026914 1.34907588 -0.09818218
v 0.07505852 1.29660528 -0.10715343
v 0.07277056 1.31456808 -0.10542273
v 0.06717008 1.43957448 -0.04975637
v 0.04985711 1.43105764 -0.05636648
v 0.26759160 1.35948459 -0.06162082
v 0.27938222 1.35957804 -0.06174645
v 0.27138822 1.35268073 -0.06067199
v 0.26477267 1.35440707 -0.06085274
v 0.28398191 1.36876213 -0.06165177
v 0.26884037 1.37520582 -0.06116900
v 0.28429558 1.37921363 -0.06054488
v 0.26933054 1.36716039 -0.06201563
v 0.28091173 1.38836558 -0.05841440
v 0.26602304 1.38363444 -0.05997997
v 0.27452851 1.39505957 -0.05495901
v 0.26216167 1.39004101 -0.05771955
v 0.25850468 1.39395252 -0.05525997
v 0.26481753 1.39884360 -0.05194831
v 0.21949066 1.39257524 -0.06081627
v 0.23375454 1.39276468 -0.05771371
v 0.24828296 1.39314377 -0.05586344
v 0.22535969 1.35441667 -0.06167258
v 0.24109189 1.35955626 -0.06217349
v 0.25575612 1.36398644 -0.06200180
v 0.25437318 1.37139206 -0.06217343
v 0.23925813 1.36700978 -0.06334059
v 0.22340966 1.36269824 -0.06460224
v 0.03308148 1.28933713 -0.09873861
v 0.05338002 1.29199697 -0.10463210
v 0.17673876 1.35032000 -0.07410476
v 0.18577047 1.35422625 -0.07100922
v 0.19543350 1.35717445 -0.06815705
v 0.20759708 1.36068012 -0.06643357
v 0.18464252 1.36718302 -0.07390925
v 0.17537377 1.36404478 -0.07637651
v 0.16426547 1.35913096 -0.07912352
v 0.05252969 1.30913908 -0.10438911
v 0.01409619 1.28691138 -0.09310660
v 0.19625561 1.40099480 0.04653992
v 0.19665550 1.42466839 0.03342272
v 0.19623078 1.43897310 0.01225796
v 0.19030622 1.43790586 -0.01260156
v -0.00463734 1.42541391 -0.04909334
v 0.45131343 1.33853982 -0.02105865
v -0.00329022 1.23323594 -0.08665536
v -0.00318969 1.25178173 -0.08984767
v -0.00186742 1.16632751 -0.06985310
v -0.00236278 1.19021031 -0.07525454
v 0.03214112 1.06876190 -0.06971201
v 0.01452516 1.06842556 -0.06981104
v 0.01552944 1.09324869 -0.07265658
v -0.00368543 1.01933254 -0.06627202
v -0.00385741 1.04162231 -0.06510276
v -0.00220993 1.09270648 -0.06758681
v -0.00182359 1.11925296 -0.06807970
v 0.01934858 1.21202928 -0.08535828
v 0.01585526 1.27005175 -0.09393967
v -0.00359874 1.28618341 -0.09081127
v -0.00364463 1.30099476 -0.08851638
v -0.00349110 1.31473263 -0.08557658
v 0.10108029 1.28227131 0.08962836
v 0.10763563 1.29681807 0.09007528
v 0.09345060 1.29693976 0.09109504
v 0.08861453 1.28300580 0.09141479
v 0.12239241 1.28025032 0.08254159
v 0.13102605 1.29389036 0.08260719
v 0.12044645 1.29595659 0.08725520
v 0.11235971 1.28159770 0.08661616
v 0.13862825 1.29009025 0.07584712
v 0.12974595 1.27703119 0.07626434
v 0.09540274 1.26757963 0.08929154
v 0.10511320 1.26697506 0.08495919
v 0.08426657 1.26857937 0.09149763
v 0.12042896 1.26401527 0.07530215
v 0.11377369 1.26608207 0.08056233
v 0.01050178 1.49633428 0.11657600
v 0.01181733 1.49771124 0.13429755
v 0.00522340 1.54447426 0.14922110
v 0.00489972 1.54951370 0.14739505
v 0.00045803 1.48831469 0.09120522
v -0.00032735 1.47546709 0.08807068
v 0.00276853 1.52251645 0.14549537
v 0.00305683 1.50765789 0.14501038
v 0.00230984 1.57399165 0.15033120
v 0.00234492 1.57001813 0.14883848
v 0.00258940 1.55748269 0.15087257
v 0.00266570 1.55309633 0.14940144
v -0.00072530 1.46185063 0.08227865
v 0.00154789 1.49608184 0.09954471
v 0.00027674 1.43589360 0.06991127
v 0.00114057 1.42390923 0.06346302
v 0.01323994 1.41332721 0.05857456
v 0.01466371 1.40249170 0.05717911
v 0.01430186 1.27948980 0.08125749
v 0.01520041 1.32582500 0.07854716
v 0.01424800 1.31089412 0.08049365
v 0.01651577 1.34035524 0.07631015
v 0.01596951 1.39262311 0.06027064
v -0.00049275 1.44886237 0.07572241
v 0.00259250 1.53896830 0.14758892
v 0.00257671 1.53249832 0.14407864
v 0.00242094 1.56549350 0.14900402
v 0.00246747 1.56154509 0.14994369
v 0.00133061 1.36708951 0.06833857
v 0.00068029 1.35303495 0.07181271
v 0.01379568 1.29593828 0.08134539
v 0.00228256 1.25658917 0.07267639
v 0.00329679 1.23150997 0.07055379
v 0.00172732 1.37939552 0.06389565
v 0.00421569 1.20638396 0.07701550
v 0.14685449 0.84332244 -0.06848266
v 0.13203923 0.82705757 -0.08758492
v 0.12226201 0.84133298 -0.09480616
v 0.13395046 0.85398816 -0.08159438
v 0.13531682 0.89813587 -0.06035192
v 0.13472200 0.92293442 -0.05048767
v 0.13425550 0.94855329 -0.04413654
v 0.10446687 0.83316245 -0.10613891
v 0.08044796 0.84732393 -0.11987144
v 0.08252749 0.83025847 -0.11690074
v 0.12272531 0.94301155 -0.06662833
v 0.12403452 0.91755636 -0.07311365
v 0.12596615 0.85800480 -0.08835080
v 0.12705718 0.87192895 -0.08571929
v 0.13843033 0.87280502 -0.07181270
v 0.10150533 0.84900047 -0.11007569
v 0.11739323 0.85278574 -0.09853190
v 0.04206039 0.99373920 -0.07823004
v 0.04701302 0.97629091 -0.08900452
v 0.02421745 0.97382099 -0.08989979
v 0.10562524 1.00425619 -0.04566199
v 0.09896527 0.98466791 -0.06972570
v -0.00183672 0.85001651 -0.11580887
v 0.11560546 0.86917522 -0.09962890
v 0.07856820 0.86794242 -0.12065756
v 0.09997909 0.86764654 -0.11188348
v 0.07543844 0.93801428 -0.10762988
v 0.09476689 0.93865739 -0.09854091
v 0.09641674 0.91460923 -0.10532022
v 0.07711885 0.91504973 -0.11511209
v 0.11016525 0.93970210 -0.08514390
v 0.10541802 0.96384121 -0.07778620
v 0.07182502 0.95987894 -0.09824660
v 0.09016642 0.96157896 -0.08983960
v 0.08323661 0.98247488 -0.08036152
v 0.11183307 0.91395495 -0.09204449
v 0.07759927 0.89013764 -0.12022947
v 0.05211055 0.89071263 -0.12441767
v 0.02520547 0.89141800 -0.12205919
v -0.00108749 0.88942680 -0.12194854
v -0.00158920 0.91285526 -0.11889521
v 0.06657048 0.97998800 -0.08563042
v 0.05248458 1.01304329 -0.06308482
v 0.05963506 0.99720144 -0.07472941
v 0.04885762 1.06923163 -0.06184532
v 0.10800633 0.59202408 0.06795421
v -0.00579525 0.80920819 -0.01644225
v -0.00701117 0.79814490 0.00720246
v 0.16396881 0.87833939 0.04122315
v 0.16263969 0.86380737 -0.02777863
v 0.14879514 0.87016775 -0.05087190
v 0.00679203 0.78881479 0.03985662
v 0.02252019 0.79144100 0.05555591
v 0.14528492 0.86435924 0.06453245
v 0.09594398 0.81087433 0.08694624
v -0.00311844 0.79049054 0.02517256
v 0.12604632 0.89384497 -0.07984955
v 0.11350885 0.89053774 -0.09646182
v 0.09786983 0.89015461 -0.10968542
v 0.05308637 0.86892132 -0.12450796
v 0.02528224 0.87045001 -0.12185455
v -0.00115333 0.86938986 -0.11961339
v 0.00898185 0.84763035 0.09236200
v 0.00194729 0.85377177 0.09620829
v 0.00710546 0.85488704 0.09904994
v -0.00419750 0.86362913 0.09791265
v -0.00355689 0.85276253 0.09157603
v 0.00178699 0.84312893 0.08509456
v -0.00286653 0.84256773 0.08045994
v -0.00279471 0.82898648 0.07292353
v 0.04963838 0.95522910 0.07562656
v 0.06656678 0.96099198 0.07230639
v 0.00821643 0.94332559 0.08502739
v 0.02060975 0.94596653 0.08195460
v 0.11637575 0.98453350 0.04704487
v 0.03441269 0.95016353 0.07822316
v 0.08639476 0.96778594 0.06834023
v 0.10422832 0.97476339 0.05968810
v -0.00310341 0.95675588 -0.10146924
v -0.00390288 0.97493153 -0.08907649
v -0.00361834 0.94207281 0.08651557
v 0.00270499 1.49806341 0.13413653
v 0.00234928 1.49680047 0.11587117
v 0.00191546 1.69315971 0.11085779
v -0.00106554 1.48487873 -0.02346403
v 0.00254375 1.64076591 0.13335762
v 0.00256288 1.54957450 0.14685747
v 0.00225007 1.57628391 0.15351382
v 0.00170921 1.41235696 0.05622422
v 0.00188224 1.39932879 0.05197948
v -0.00338785 0.82804314 -0.02361127
v 0.00184440 1.38893846 0.05614166
v -0.00256105 0.82675569 -0.03152968
v -0.00197379 1.14203145 -0.06673618
v 0.07481966 0.15267598 -0.04398149
v 0.07390260 0.15531757 -0.05776848
v 0.07543663 0.12515436 -0.05244909
v 0.07261802 0.12313090 -0.03886765
v 0.08440366 0.15976427 -0.08290865
v 0.07634692 0.15801467 -0.07632777
v 0.09686857 0.15932364 -0.08409680
v 0.10874743 0.15764317 -0.07909640
v 0.10287525 0.12699294 -0.07462929
v 0.09339499 0.12855743 -0.08347919
v 0.11874311 0.15586008 -0.07104740
v 0.12307725 0.12347166 -0.05894220
v 0.12611797 0.15300276 -0.06136229
v 0.12641506 0.15061666 -0.04332234
v 0.11994897 0.12251423 -0.04120650
v 0.12155908 0.14631795 -0.02255955
v 0.11748461 0.11887698 -0.02043406
v 0.10906061 0.14454180 -0.01139369
v 0.07918750 0.14836675 -0.02983695
v 0.07551373 0.12002993 -0.02261828
v 0.08245839 0.12891862 -0.08314485
v 0.07872536 0.12677450 -0.07429349
v 0.07788592 0.12617523 -0.06261947
v 0.07457404 0.15654890 -0.06833068
v 0.06910063 0.09570112 -0.04826488
v 0.06215750 0.09567959 -0.03144389
v 0.07967495 0.09909800 -0.08427885
v 0.08070161 0.09720783 -0.06903212
v 0.09514645 0.09818209 -0.07033490
v 0.09089157 0.09968117 -0.08612101
v 0.12256473 0.09643935 -0.05783987
v 0.11036024 0.09728262 -0.06559322
v 0.11458086 0.12568967 -0.06807882
v 0.12194445 0.09516869 -0.03940033
v 0.11702892 0.09328940 -0.01579044
v 0.07032867 0.09347996 -0.01300088
v 0.07545345 0.09569718 -0.05861441
v 0.12456202 0.00713892 0.14692799
v 0.12334983 0.01152270 0.14558844
v 0.11854411 0.01183486 0.14571301
v 0.11712700 0.00678275 0.14741195
v 0.07829363 0.01078568 0.15198815
v 0.07556300 0.02107924 0.15282348
v 0.06770191 0.01930478 0.14915585
v 0.06692365 0.00781089 0.14762183
v 0.09912946 0.00759118 0.15490801
v 0.10114384 0.00448264 0.15185203
v 0.10642749 0.00421642 0.15219729
v 0.10805051 0.00732022 0.15616587
v 0.15299040 0.00626281 0.11634844
v 0.15387246 0.00125096 0.11424365
v 0.15860613 0.00157230 0.11336142
v 0.15953105 0.00567196 0.11461883
v 0.13475547 0.00574862 0.13520156
v 0.13595794 0.00114002 0.13228971
v 0.14041819 0.00158203 0.13129449
v 0.14174831 0.00498617 0.13279682
v 0.08479165 0.02072101 0.12799667
v 0.07164035 0.02209968 0.12335117
v 0.06891226 0.01941789 0.13833155
v 0.08014571 0.02186987 0.14270738
v 0.06272717 0.01124264 0.13474114
v 0.06494620 0.01190659 0.11897259
v 0.07319571 0.00561004 0.11914403
v 0.07102827 0.00671993 0.13350074
v 0.08601455 0.00531503 0.12415164
v 0.08235668 0.00636421 0.13724152
v 0.09156791 0.01157470 0.12866461
v 0.08906586 0.01396340 0.14397479
v 0.11264184 0.01061427 0.13331754
v 0.10736961 0.01644314 0.13238352
v 0.10730726 0.01455470 0.14707655
v 0.11387817 0.00895536 0.14744748
v 0.09610467 0.01737566 0.13260010
v 0.09907389 0.01451272 0.14650096
v 0.09279412 0.00855779 0.13176361
v 0.09909889 0.00337601 0.12964628
v 0.09951083 0.00422256 0.14404120
v 0.09295571 0.00928537 0.14654772
v 0.10862241 0.00341633 0.13050176
v 0.10906277 0.00342735 0.14429015
v 0.12731220 0.01522828 0.12699099
v 0.11609014 0.01496692 0.12788645
v 0.11755441 0.01247770 0.13894581
v 0.12541873 0.01245674 0.13905362
v 0.11291716 0.00539620 0.13957523
v 0.11292779 0.00580480 0.12842491
v 0.11917131 0.00196230 0.12707258
v 0.11904987 0.00256273 0.13889214
v 0.12887169 0.00253483 0.12700891
v 0.12683676 0.00193968 0.13908988
v 0.13259408 0.01001353 0.12897396
v 0.13054228 0.00746097 0.14044560
v 0.15019701 0.00897320 0.11592575
v 0.14677725 0.01459535 0.11522994
v 0.14370373 0.01115206 0.12586091
v 0.14706426 0.00573595 0.12577420
v 0.13806234 0.01428437 0.11813449
v 0.13696893 0.01194862 0.12778928
v 0.13208755 0.00799971 0.12836440
v 0.13432659 0.00975505 0.12073201
v 0.13779947 0.00183518 0.11769471
v 0.13525902 0.00091145 0.12662866
v 0.14675497 0.00149425 0.11516079
v 0.14353922 0.00023395 0.12515642
v 0.16515668 0.01508668 0.10024420
v 0.16218922 0.01224119 0.10965084
v 0.16450600 0.00642009 0.10848529
v 0.16690309 0.00815531 0.09719012
v 0.15718397 0.01535345 0.10432839
v 0.15556672 0.01275840 0.11107994
v 0.15141350 0.00768574 0.11086109
v 0.15399496 0.00955040 0.10573137
v 0.15477104 0.00107994 0.10276322
v 0.15292075 0.00000000 0.10915392
v 0.16240153 0.00201253 0.09911374
v 0.16101173 0.00044919 0.10758540
v 0.09212448 0.01882286 0.11422006
v 0.07556370 0.02405856 0.10905158
v 0.07081226 0.00745747 0.14344579
v 0.06929822 0.01235859 0.10508275
v 0.07710104 0.00740143 0.14545177
v 0.09406004 0.00336091 0.11262752
v 0.07786566 0.00445421 0.10527043
v 0.09291495 0.01031258 0.12225781
v 0.10620640 0.01237340 0.15462460
v 0.11545069 0.00190670 0.11365670
v 0.11294562 0.00724048 0.12237031
v 0.10096661 0.01234752 0.15410963
v 0.11230971 0.01624513 0.11444671
v 0.13291083 0.01414896 0.10777871
v 0.11982741 0.00282386 0.14511271
v 0.12409642 0.00245054 0.14506482
v 0.13556971 0.00147232 0.10889638
v 0.13515257 0.01038177 0.11859978
v 0.14096994 0.00921736 0.13225201
v 0.15288730 0.00130761 0.09904815
v 0.15389761 0.01016886 0.10600510
v 0.13697937 0.00988886 0.13305388
v 0.15268775 0.01618411 0.09836152
v 0.15844837 0.00931213 0.11396278
v 0.16500745 0.00218488 0.08733440
v 0.17014799 0.00976693 0.08306199
v 0.15485787 0.01007697 0.11515704
v 0.16665639 0.01734016 0.08768892
v 0.08463346 0.11726485 -0.00962406
v 0.08634627 0.14534601 -0.01699458
v 0.09660821 0.14333064 -0.01027023
v 0.09524561 0.11581150 -0.00338512
v 0.10695117 0.11674129 -0.00695859
v 0.08401574 0.09223343 -0.00019267
v 0.09524685 0.09227728 0.00480905
v 0.10624356 0.09173838 -0.00146753
v 0.12394362 0.07271585 -0.04300983
v 0.12365581 0.07557071 -0.06186951
v 0.10555960 0.07571108 -0.06613292
v 0.09440977 0.07554847 -0.07676806
v 0.09074449 0.07728374 -0.09236962
v 0.07243634 0.07018061 -0.00800152
v 0.08303342 0.07344568 0.01060929
v 0.09657123 0.07598424 0.01722529
v 0.11109487 0.07442243 0.00842620
v 0.07408032 0.02918068 0.09350663
v 0.09277389 0.02896421 0.09450725
v 0.09120289 0.03934237 0.07679158
v 0.07660382 0.02864994 0.07410832
v 0.11195258 0.02374445 0.09253196
v 0.11121643 0.03653580 0.07371146
v 0.13160891 0.02088298 0.08671740
v 0.12979198 0.03241259 0.06686002
v 0.15053532 0.02070837 0.07843148
v 0.14627736 0.02922657 0.05767056
v 0.16654919 0.02098695 0.06999064
v 0.16043635 0.02580983 0.04843090
v 0.17290258 0.01253910 0.06490962
v 0.16907119 0.01710584 0.04246401
v 0.06816847 0.01241725 0.08891379
v 0.07116942 0.01402265 0.06908166
v 0.07967738 0.00295604 0.08742090
v 0.08106627 0.00227151 0.06651037
v 0.09817592 0.00220147 0.08738670
v 0.09944244 0.00186168 0.06543500
v 0.16434166 0.00434147 0.04527698
v 0.16669012 0.00185718 0.06866012
v 0.11856353 0.00167443 0.08503510
v 0.11923011 0.00253482 0.06211707
v 0.13702072 0.00050745 0.08054408
v 0.13653521 0.00140370 0.05670632
v 0.15314904 0.00012136 0.07478964
v 0.15166371 0.00161817 0.05082175
v 0.08701306 0.04640407 0.05507111
v 0.10626708 0.05087142 0.05368394
v 0.12321389 0.04614255 0.04482197
v 0.13943938 0.04174668 0.03446274
v 0.15123679 0.03233146 0.02387353
v 0.16169449 0.02290651 0.01777142
v 0.13472715 0.05521796 0.00601717
v 0.14006117 0.03500242 -0.00251035
v 0.14936681 0.02417352 -0.00617371
v 0.13978600 0.02452852 -0.03011314
v 0.13360940 0.03664983 -0.02875203
v 0.12050322 0.03734862 -0.07059257
v 0.12783269 0.03811638 -0.05231871
v 0.13400685 0.02530362 -0.05414410
v 0.12740534 0.02372518 -0.07386543
v 0.12999285 0.05424580 -0.02421242
v 0.12353261 0.05550955 -0.04735779
v 0.11361551 0.05655478 -0.06224021
v 0.10881057 0.02259372 -0.09738630
v 0.10716013 0.03911732 -0.09671079
v 0.11482994 0.03791812 -0.08453591
v 0.12025587 0.02315114 -0.08781416
v 0.09180226 0.02133754 -0.10068077
v 0.09022709 0.03845695 -0.10298898
v 0.07520212 0.03637985 -0.09009987
v 0.07554880 0.02006031 -0.08989453
v 0.10159481 0.05819124 -0.08736864
v 0.10574701 0.05629676 -0.07405788
v 0.09131308 0.05878827 -0.09607543
v 0.07746455 0.05616882 -0.08680693
v 0.07011814 0.03392058 -0.07029058
v 0.07630871 0.05358364 -0.06816134
v 0.06879078 0.01893048 -0.07053086
v 0.07567275 0.03051898 0.05037067
v 0.07417195 0.01797948 0.04588813
v 0.11811347 0.06228735 0.02555311
v 0.10054612 0.06518784 0.03439948
v 0.08086606 0.05629890 0.02715155
v 0.07109477 0.03358961 0.02386029
v 0.07478339 0.01945507 0.01998634
v 0.06700661 0.03282629 -0.00108438
v 0.07379772 0.02011870 -0.00356478
v 0.08357472 0.00784755 0.04253321
v 0.08538039 0.01304543 0.01715187
v 0.08329976 0.01454113 -0.00599540
v 0.06571525 0.03270879 -0.02297643
v 0.07068322 0.01986518 -0.02428080
v 0.06854672 0.03306398 -0.04104386
v 0.06898271 0.01966052 -0.04120967
v 0.06816450 0.01906728 -0.05513841
v 0.06995273 0.03298904 -0.05507466
v 0.07091978 0.05220618 -0.04206074
v 0.07314994 0.05361931 -0.05466738
v 0.06792859 0.05032953 -0.02434065
v 0.06969104 0.05134742 -0.00189717
v 0.15793880 0.00873428 0.01952187
v 0.14828246 0.01223256 -0.00525054
v 0.13770681 0.01511685 -0.02871075
v 0.13087865 0.01378353 -0.05213001
v 0.12310537 0.01245817 -0.07038846
v 0.11578789 0.01183865 -0.08197508
v 0.10614408 0.01197298 -0.09023455
v 0.09238340 0.01274349 -0.09121544
v 0.08060909 0.01135591 -0.08449385
v 0.07569577 0.00938708 -0.06956002
v 0.07517389 0.00835829 -0.05585854
v 0.07952307 0.01274595 -0.02655231
v 0.07621396 0.00958753 -0.04240824
v 0.06456807 0.07083932 -0.02680293
v 0.06706352 0.07278905 -0.04462870
v 0.07227431 0.07368371 -0.05602524
v 0.08000816 0.07570670 -0.08424068
v 0.07984194 0.07456242 -0.06668046
v 0.09993023 0.00465854 0.03999231
v 0.11780054 0.00508030 0.03574160
v 0.13366893 0.00447137 0.02995161
v 0.14694673 0.00519103 0.02437030
v 0.13944966 0.00813541 -0.00144257
v 0.12745698 0.00729744 0.00321621
v 0.11288712 0.00757778 0.00872508
v 0.09825791 0.01014500 0.01398628
v 0.12996381 0.00930390 -0.02500084
v 0.11963053 0.00783963 -0.02047222
v 0.10638006 0.00804626 -0.01555347
v 0.09424456 0.01052244 -0.00971024
v 0.08877766 0.00765948 -0.03030621
v 0.09934564 0.00642569 -0.03657632
v 0.11121784 0.00708149 -0.04143903
v 0.12088567 0.00916158 -0.04682943
v 0.11390527 0.00860024 -0.06371064
v 0.10473524 0.00720404 -0.05757984
v 0.09424246 0.00619878 -0.05253898
v 0.08534669 0.00626654 -0.04673268
v 0.10836004 0.00870524 -0.07363000
v 0.09354685 0.00892630 -0.08308855
v 0.10196402 0.00887763 -0.08037467
v 0.08567370 0.00776137 -0.07917178
v 0.08339697 0.00675041 -0.06879612
v 0.08371116 0.00618044 -0.05805001
v 0.09030787 0.00719995 -0.06975875
v 0.09179024 0.00668074 -0.06208688
v 0.10081505 0.00768825 -0.06694606
v 0.09728107 0.00810413 -0.07349896
v 0.08998907 0.00783400 -0.07565883
v 0.09360271 0.00825137 -0.07746610
v 0.11900795 0.07135334 -0.01376440
v -0.00418499 1.43988127 -0.04152878
v -0.00425473 1.36431259 -0.07182999
v 0.08273325 0.42486560 0.01692953
v 0.09520481 0.42125416 0.02391258
v 0.11008034 0.42170846 0.02645196
v 0.11949111 0.85206978 0.07892736
v 0.05599727 1.08167292 0.07550005
v 0.06675456 1.12333739 0.07836255
v 0.06069994 1.10171106 0.07611537
v 0.12550046 0.81666316 0.08446370
v 0.12058592 1.14671798 0.05940477
v -0.00133292 0.85569532 -0.11554292
v -0.00404590 1.32813164 -0.08246891
v 0.11428811 1.31142791 0.08836314
v -0.00229927 0.93504746 -0.11071814
v 0.08296479 1.60109273 0.03306045
v 0.08034812 1.59925672 0.03132842
v 0.07957021 1.59565860 0.03029170
v 0.07866453 1.59362500 0.02666417
v 0.07811617 1.59163738 0.02357922
v 0.07754142 1.59075620 0.02125110
v 0.08120892 1.59628140 0.02806405
v 0.07924431 1.59910136 0.02507906
v 0.08048572 1.59925883 0.02816028
v 0.08178199 1.59823655 0.02954697
v 0.00049187 1.33782558 0.07391898
v -0.00019008 1.32239210 0.07476822
v -0.00020387 1.30754398 0.07606892
v 0.00014436 1.29256390 0.07624163
v 0.00250507 1.54441318 0.14913886
v -0.00194069 1.02365463 0.08639586
v -0.00102733 1.04505253 0.07954099
v -0.00367814 1.06465364 -0.06476789
v -0.00347688 0.97729650 0.07952175
v -0.00095632 1.06303232 0.08053845
v -0.00303635 1.21260369 -0.08154097
v 0.00128656 1.27644200 0.07517356
v -0.00351699 0.96113858 0.08264606
v -0.00333059 1.26974371 -0.09105878
v -0.00066701 1.08663019 0.08013921
v -0.00492691 0.87853625 0.09633518
v 0.00087498 1.14968552 0.08273233
v -0.04247221 1.66456046 0.10529234
v -0.05424653 1.65519080 0.09655124
v -0.04914956 1.64722991 0.10713383
v -0.03734412 1.65286078 0.11537859
v -0.04572301 1.64007255 0.11492770
v -0.03495036 1.64304408 0.12119111
v -0.06115185 1.64384872 0.08726171
v -0.05704867 1.63941867 0.09871758
v -0.06246638 1.60193614 0.09414794
v -0.06087677 1.61161012 0.09329496
v -0.06645342 1.60844878 0.08460040
v -0.06681599 1.59525357 0.08537800
v -0.05995492 1.57476645 0.09593833
v -0.06117415 1.56470852 0.08633749
v -0.05475423 1.55757705 0.09767932
v -0.05276440 1.56777825 0.10562308
v -0.02149364 1.58547666 0.12847059
v -0.02471373 1.59139978 0.12511604
v -0.03021362 1.58544733 0.12445011
v -0.02647122 1.57885505 0.12821270
v -0.01339431 1.59758578 0.13534928
v -0.00888779 1.60173976 0.14244893
v -0.00983257 1.60736730 0.13587531
v -0.01477456 1.60250089 0.12995376
v -0.01712213 1.58025059 0.13342787
v -0.02234447 1.57317660 0.13277256
v -0.01598660 1.58785631 0.13546805
v -0.01753445 1.59214144 0.13024909
v -0.01282107 1.58335497 0.14966554
v -0.00940271 1.58451175 0.15499135
v -0.01064179 1.59032540 0.15432655
v -0.01436110 1.58819564 0.14692055
v -0.01629293 1.58074724 0.13909409
v -0.01245246 1.57797180 0.14239434
v -0.01390619 1.58094296 0.14508764
v -0.01614308 1.58459799 0.14142478
v -0.01287568 1.59295141 0.14102459
v -0.00940928 1.59641120 0.14890109
v -0.00475199 1.59827607 0.15662613
v -0.00540108 1.59043154 0.16185575
v -0.03608133 1.56393136 0.12443368
v -0.03213005 1.56027088 0.12981779
v -0.02757827 1.56643239 0.13162718
v -0.03154697 1.57137763 0.12684539
v -0.01338740 1.57394982 0.13915984
v -0.01600037 1.55583641 0.14346295
v -0.01037027 1.55761076 0.14707925
v -0.01029114 1.56185177 0.14622790
v -0.01655555 1.56054625 0.14233061
v -0.04086761 1.54785755 0.11756281
v -0.04018308 1.53887106 0.11453775
v -0.03542536 1.53889759 0.12249881
v -0.03621923 1.54643544 0.12466934
v -0.03306996 1.53188572 0.12285601
v -0.03775461 1.52941576 0.11343870
v -0.03083569 1.51093079 0.11987386
v -0.02495980 1.51876337 0.13005547
v -0.02946360 1.52502023 0.12508132
v -0.03471395 1.52012875 0.11544618
v -0.01317595 1.52468623 0.13849828
v -0.01904279 1.51329308 0.13620026
v -0.01240913 1.50967087 0.14196750
v -0.00749659 1.52305205 0.14222130
v -0.01498798 1.54855674 0.14009178
v -0.01538068 1.55187978 0.14253758
v -0.01961111 1.55051200 0.13928745
v -0.01912815 1.54821268 0.13753065
v -0.02331418 1.54768633 0.13466527
v -0.02320595 1.54847122 0.13540000
v -0.02494500 1.54927109 0.13494054
v -0.02517337 1.54751446 0.13359375
v -0.02128765 1.54783151 0.13601918
v -0.02228337 1.54652091 0.13532664
v -0.02002603 1.54546512 0.13703529
v -0.01662889 1.54488890 0.14011889
v -0.00332170 1.54384972 0.14819301
v -0.00222547 1.54910766 0.14637055
v -0.00547943 1.54907096 0.14496189
v -0.00742278 1.54405807 0.14681017
v -0.02325578 1.55129430 0.13691043
v -0.02060342 1.55351888 0.13961517
v -0.02203022 1.55741037 0.13888860
v -0.02567911 1.55382395 0.13597649
v -0.02867031 1.55657771 0.13413463
v -0.03084259 1.55182435 0.13177215
v -0.02755487 1.55050530 0.13389135
v -0.02425957 1.54533041 0.13389485
v -0.02799547 1.54707185 0.13227764
v -0.02702301 1.54374490 0.13161240
v -0.02508633 1.54020423 0.13334911
v -0.02209878 1.54319751 0.13592183
v -0.01859593 1.54131388 0.13907594
v -0.02140394 1.53703303 0.13619152
v -0.01606729 1.53444472 0.13934284
v -0.01381164 1.53958656 0.14279232
v -0.02425878 1.56173157 0.13666243
v -0.03169449 1.54665898 0.12936110
v -0.03482900 1.55382881 0.12737025
v -0.03089363 1.54128387 0.12805161
v -0.02879009 1.53630590 0.12908635
v -0.01959295 1.52769835 0.13503864
v -0.02513564 1.53147254 0.13171702
v -0.02375130 1.50422566 0.12599087
v -0.01507773 1.49928560 0.13106815
v -0.04160037 1.63405567 0.11592272
v -0.03264477 1.63605156 0.11900520
v -0.04181339 1.62586492 0.11292993
v -0.03821546 1.62725491 0.11522159
v -0.03861836 1.63025798 0.11500183
v -0.04335009 1.62810100 0.11191509
v -0.05528462 1.61512949 0.09906475
v -0.05671530 1.60801069 0.09949464
v -0.05130646 1.61342621 0.10341403
v -0.05049560 1.61772116 0.10361874
v -0.04350158 1.60590812 0.11189613
v -0.04151527 1.61358080 0.11314920
v -0.04464475 1.61431388 0.11038792
v -0.04789935 1.60694396 0.10843852
v -0.03763893 1.61332527 0.11526463
v -0.03857161 1.60610242 0.11480081
v -0.03363539 1.60755206 0.11688187
v -0.03337374 1.61384681 0.11647932
v -0.03186118 1.63156102 0.11674788
v -0.03263693 1.62804609 0.11681957
v -0.02634573 1.62790220 0.11611656
v -0.02456759 1.63158459 0.11685776
v -0.01614292 1.62013541 0.11423296
v -0.01326638 1.62012815 0.11710283
v -0.01352482 1.62396598 0.11669287
v -0.01688550 1.62223076 0.11406313
v -0.01756767 1.61745765 0.11536561
v -0.01561930 1.61583946 0.11752646
v -0.03371520 1.68593135 0.10088274
v -0.04831927 1.67619155 0.09184633
v -0.02841810 1.67063602 0.11310531
v -0.05982924 1.66327030 0.08313875
v -0.06615559 1.64849479 0.07475203
v -0.05593872 1.54724217 0.09071426
v -0.04715290 1.54190195 0.10345636
v -0.04682936 1.55177586 0.10803910
v -0.05420719 1.53585300 0.08713608
v -0.04437201 1.53083162 0.10126938
v -0.03332409 1.50998729 0.10229299
v -0.03992061 1.52002209 0.10036234
v -0.06031194 1.54425481 0.06969391
v -0.05671464 1.53564169 0.06307993
v -0.04919672 1.52492131 0.08220387
v -0.06173143 1.54853636 0.04756779
v -0.05967189 1.54509230 0.03921298
v -0.05017118 1.52674000 0.05304592
v -0.03824795 1.48888316 0.05874202
v -0.05175922 1.49251806 0.04735392
v -0.05579149 1.47825614 0.04265074
v -0.04316437 1.47428145 0.05546313
v -0.06140354 1.55456701 0.07642769
v -0.06856229 1.61814264 0.07558424
v -0.07015788 1.60391720 0.07363455
v -0.06405213 1.62044775 0.08632272
v -0.06944922 1.67530789 0.04784914
v -0.07457369 1.65819830 0.04532836
v -0.07066636 1.65380328 0.06068726
v -0.06432986 1.67056366 0.06633592
v -0.04124877 1.71025282 0.05503410
v -0.05752893 1.69493795 0.05164817
v -0.05291154 1.68702943 0.07370570
v -0.03797071 1.70005524 0.08015366
v -0.07811924 1.65853574 0.03004711
v -0.07273174 1.67640413 0.02766916
v -0.07469514 1.67178660 0.00633394
v -0.07939253 1.65553120 0.01344761
v -0.06081904 1.69644322 0.02445385
v -0.06349292 1.69040311 -0.00286871
v -0.06069736 1.54699089 0.02742607
v -0.05878095 1.52986701 0.03161678
v -0.05752439 1.51257358 0.03409691
v -0.04698557 1.50926660 0.05051928
v -0.04606935 1.70642104 -0.00988299
v -0.04300183 1.71221360 0.02321620
v -0.06744616 1.62492591 -0.02930087
v -0.07282976 1.61728599 -0.01431742
v -0.07665304 1.63335003 -0.00687975
v -0.07154057 1.64416462 -0.02346570
v -0.05817854 1.63218919 -0.04467933
v -0.06175935 1.65526673 -0.03890035
v -0.05416650 1.56858669 -0.02223678
v -0.04471450 1.56910802 -0.03509412
v -0.03957809 1.55212498 -0.02510367
v -0.04765317 1.55271450 -0.01299940
v -0.05316662 1.63494616 0.10779967
v -0.05778080 1.62841881 0.10116243
v -0.05135005 1.62666895 0.10620550
v -0.04780843 1.63073133 0.11135886
v -0.06544935 1.63170342 0.08036375
v -0.06148274 1.63016832 0.09160270
v -0.07341835 1.63840820 0.05563399
v -0.07684732 1.64297773 0.04270105
v -0.08050802 1.64206145 0.01735082
v -0.07954834 1.64387447 0.03055198
v -0.07558587 1.61114026 -0.00345715
v -0.07796039 1.62162824 0.00145655
v -0.06213745 1.55355829 0.01225533
v -0.05527669 1.55261106 -0.00177670
v -0.05237361 1.53351069 0.00349938
v -0.05937553 1.53209086 0.01602509
v -0.03714155 1.53452023 -0.01628833
v -0.04438870 1.53428173 -0.00695711
v -0.05784134 1.49780202 0.01574167
v -0.05072840 1.49927865 0.00403827
v -0.05436418 1.48365317 -0.00023408
v -0.05843626 1.48127847 0.01278116
v -0.04780859 1.48444968 -0.01204175
v -0.04276476 1.50019885 -0.00530638
v -0.03483311 1.49986559 -0.01356419
v -0.03801482 1.48413458 -0.01993260
v -0.01894310 1.46666249 0.07305280
v -0.02954350 1.47079150 0.06441448
v -0.03330994 1.45736753 0.06044403
v -0.02078942 1.45391516 0.06791591
v -0.06088955 1.46752662 0.00548806
v -0.05913457 1.47252894 -0.00840111
v -0.06030575 1.56914155 -0.00880130
v -0.06623065 1.57114783 0.00194511
v -0.05272554 1.47283401 -0.02018718
v -0.05065854 1.51472697 0.00654517
v -0.04324616 1.51603954 -0.00409470
v -0.02676830 1.53437887 -0.02442491
v -0.02934393 1.55170386 -0.03402030
v -0.01959788 1.59714274 0.12622688
v -0.02372442 1.61120361 0.11810776
v -0.01929378 1.61327844 0.11782854
v -0.02037332 1.61643233 0.11617976
v -0.02431479 1.61526340 0.11682550
v -0.01076484 1.65516711 0.12790909
v -0.02442234 1.65547844 0.12276918
v -0.02267298 1.64286386 0.12662137
v -0.00944217 1.63924775 0.12988323
v -0.04916629 1.58071798 0.11388251
v -0.04169994 1.57036868 0.11916055
v -0.03604112 1.57870357 0.12280834
v -0.03980418 1.58765819 0.11932236
v -0.04743146 1.61948266 0.10641821
v -0.04608322 1.62184395 0.10819884
v -0.04854236 1.62189674 0.10556506
v -0.03914079 1.55669694 0.12119373
v -0.04510921 1.56131800 0.11398912
v -0.06880790 1.58893820 0.07350319
v -0.05926310 1.62113863 0.09563279
v -0.02056463 1.72107249 0.05824534
v -0.01940124 1.70901969 0.08678471
v -0.02144608 1.72357702 0.02295206
v -0.02353001 1.71759982 -0.01342645
v -0.04676017 1.66520793 -0.05203796
v -0.02543592 1.67350810 -0.06084199
v -0.02257395 1.64327083 -0.06744245
v -0.04364820 1.63870740 -0.05851313
v -0.03224372 1.57009554 -0.04515901
v -0.02533437 1.50054898 -0.02027543
v -0.02692062 1.48332059 -0.02266985
v -0.01746095 1.69147158 0.10698703
v -0.01348231 1.67257072 0.11790790
v -0.06908553 1.63387283 0.06725100
v -0.06161931 1.59346159 0.09797385
v -0.05767235 1.58633913 0.10396663
v -0.05362877 1.59722161 0.10742037
v -0.05658488 1.60157321 0.10262241
v -0.06445101 1.58401022 0.08900773
v -0.06483793 1.57526657 0.07633523
v -0.06661497 1.56612176 0.06193279
v -0.06489309 1.55457205 0.05458831
v -0.07414102 1.66105162 -0.01177802
v -0.07839020 1.64794583 -0.00036218
v -0.04816890 1.68967397 -0.03626335
v -0.06422045 1.67615666 -0.02546014
v -0.07966429 1.63765246 0.00540992
v -0.02589206 1.70109218 -0.04353648
v -0.01027447 1.56733329 0.14480456
v -0.00880821 1.57236141 0.14419518
v -0.01754399 1.56749189 0.13937671
v -0.00887142 1.53910388 0.14532017
v -0.01040050 1.53281582 0.14155853
v -0.00508588 1.53213824 0.14315132
v -0.00410512 1.53873498 0.14670849
v -0.01413199 1.49790074 0.11262013
v -0.02388922 1.50256738 0.10773364
v -0.01652674 1.47994240 0.07869131
v -0.02608674 1.48378512 0.06939506
v -0.00827898 1.58203144 0.14856355
v -0.00863377 1.58128581 0.14619327
v -0.00652715 1.58158230 0.14678372
v -0.00660685 1.58210095 0.14929895
v -0.02205253 1.55005835 0.13689269
v -0.00539961 1.55783940 0.14951165
v -0.00551734 1.55371992 0.14800665
v -0.00203170 1.55354253 0.14887686
v -0.00197578 1.55749983 0.15044895
v -0.03724863 1.51243520 0.07808490
v -0.03470407 1.50237201 0.06481667
v -0.06081127 1.47939519 0.02801212
v -0.05897047 1.49508276 0.03246851
v -0.05802632 1.51498690 0.01700733
v -0.03711688 1.51599395 -0.01434669
v -0.02611034 1.51694645 -0.02117748
v -0.01431094 1.51771692 -0.02585519
v -0.01491072 1.53464818 -0.03045333
v -0.02353317 1.50247646 0.08931856
v -0.02404469 1.49552932 0.07624888
v -0.01442933 1.49218451 0.08407796
v -0.01331922 1.49807999 0.09536836
v -0.00253582 1.57872980 0.15059937
v -0.00371554 1.57744679 0.14833283
v -0.00164828 1.57484539 0.14927950
v -0.00093703 1.57738612 0.15232795
v -0.00962599 1.57891863 0.14444757
v -0.00778962 1.57570040 0.14450992
v -0.00721051 1.57801827 0.14453461
v -0.01051928 1.58024501 0.14617189
v -0.00997010 1.58172384 0.14918623
v -0.00477992 1.58254184 0.15469803
v -0.00412830 1.58313728 0.15982608
v -0.00798446 1.58268616 0.15258709
v -0.00434516 1.58049498 0.14879622
v -0.00478707 1.57911734 0.14674040
v -0.00660689 1.58020082 0.14489339
v -0.00841238 1.58032491 0.14481671
v -0.00521643 1.58273699 0.15227419
v -0.00711817 1.58256855 0.15075817
v -0.00419835 1.60527243 0.14969640
v -0.00812496 1.47728542 0.08445790
v -0.00618154 1.49004480 0.08893103
v -0.02266024 1.54832301 0.13515000
v -0.02317704 1.63580308 0.12085477
v -0.04730626 1.59550520 0.11296105
v -0.02700044 1.59770765 0.12233915
v -0.02825517 1.60376767 0.12021034
v -0.03385641 1.60047916 0.11864109
v -0.03267737 1.59270548 0.12111473
v -0.01415255 1.63253606 0.12226849
v -0.00939700 1.62664870 0.12217936
v -0.00526323 1.62844019 0.12989267
v -0.00925160 1.61978440 0.12286762
v -0.01267592 1.61408089 0.12147400
v -0.01105745 1.61180219 0.12870491
v -0.00578184 1.61906100 0.13351978
v -0.04624047 1.62534559 0.10851856
v -0.04423592 1.62397259 0.11043664
v -0.01610638 1.60655938 0.12496166
v -0.01740381 1.61003075 0.12050248
v -0.02267092 1.60688359 0.12039284
v -0.02149092 1.60203341 0.12328904
v -0.04001004 1.59733961 0.11620561
v -0.05339916 1.62139776 0.10164778
v -0.05038818 1.60934543 0.10528169
v -0.06552966 1.56686770 0.01704859
v -0.06950855 1.57737821 0.00993071
v -0.06795268 1.55995168 0.03640719
v -0.06706664 1.56224433 0.03266489
v -0.06180000 1.55740673 0.03431830
v -0.06486010 1.55657107 0.03860801
v -0.07879499 1.61198037 0.01647534
v -0.07817905 1.61277617 0.02038729
v -0.07872826 1.61967573 0.02123987
v -0.07865258 1.61840848 0.01381489
v -0.07849649 1.61554738 0.02692732
v -0.07817484 1.61175037 0.02711954
v -0.07777693 1.61144008 0.03047643
v -0.07815059 1.61886156 0.02928354
v -0.07666209 1.61645260 0.03667833
v -0.07707864 1.62837968 0.04034613
v -0.07909390 1.63039259 0.03007564
v -0.07196587 1.61525927 0.05996572
v -0.07399925 1.62345695 0.04965031
v -0.07421930 1.61103547 0.04250860
v -0.07261277 1.60285671 0.04726378
v -0.06820746 1.56798089 0.04687159
v -0.06732532 1.56014539 0.04333438
v -0.06247371 1.56039802 0.02637663
v -0.05436837 1.60971474 -0.04549054
v -0.06304651 1.60528576 -0.03017979
v -0.06885657 1.60131060 -0.01646581
v -0.07273118 1.59842566 -0.00479068
v -0.04083628 1.61340950 -0.05905126
v -0.02119209 1.61543015 -0.06766748
v -0.07172473 1.59789058 0.06059760
v -0.07117890 1.59103513 0.04855593
v -0.05836327 1.58663476 -0.02781703
v -0.04932747 1.58891216 -0.04175224
v -0.06450605 1.58489932 -0.01444329
v -0.06954574 1.58520508 -0.00303092
v -0.03648056 1.59117226 -0.05373566
v -0.01896809 1.59009587 -0.06084637
v -0.01742072 1.56944242 -0.05038702
v -0.07277613 1.56839174 0.03631972
v -0.07338759 1.56294524 0.03764977
v -0.07010034 1.56212116 0.03877613
v -0.07011741 1.56779843 0.04013790
v -0.06971166 1.57924566 0.04784019
v -0.06960147 1.58266597 0.06013533
v -0.00488866 1.61226668 0.14265063
v -0.00474793 1.50863661 0.14476298
v -0.00234895 1.52240408 0.14470056
v -0.00506591 1.56694934 0.14783840
v -0.00530928 1.56227719 0.14881042
v -0.00179692 1.56157713 0.14981515
v -0.00154200 1.56604919 0.14877113
v -0.01771208 1.62913139 0.11619565
v -0.01605975 1.55200938 -0.04048973
v -0.01360620 1.50133220 -0.02300502
v -0.01441196 1.48443451 -0.02320674
v -0.04207273 1.46965746 -0.02740996
v -0.02924938 1.46662924 -0.02897464
v -0.00137681 1.57078978 0.14834657
v -0.00456504 1.57155233 0.14723068
v -0.00453543 1.58202512 0.15093438
v -0.01029978 1.55333743 0.14597273
v -0.00505173 1.57754887 0.14635842
v -0.00444439 1.57502031 0.14688872
v 0.00085339 1.57423950 0.15008924
v 0.00069609 1.57026600 0.14874462
v -0.02872626 1.60979253 0.11806696
v -0.02888665 1.61482896 0.11691654
v -0.00290146 1.58085780 0.15328340
v -0.00162941 1.57972423 0.15609453
v -0.04736359 1.46057358 0.05090591
v -0.05925781 1.46304341 0.03667298
v 0.00049121 1.55351976 0.14914257
v 0.00041050 1.55738006 0.15073883
v -0.07233063 1.59517722 0.03881352
v -0.07436905 1.60256667 0.03691602
v -0.07547985 1.59712189 0.03144923
v -0.07344042 1.59067530 0.03318086
v -0.00957656 1.46401866 0.07887966
v -0.06208665 1.46441525 0.02054447
v -0.01618333 1.46663546 -0.02806987
v -0.04683196 1.61553448 0.10805489
v -0.04779730 1.61729179 0.10658865
v -0.02075638 1.62616215 0.11448709
v -0.01208340 1.54457291 0.14403965
v -0.01022075 1.54937227 0.14309944
v -0.00505014 1.49650250 0.09877051
v 0.00094244 1.57681051 0.15326569
v -0.07661252 1.60461385 0.02267080
v -0.07616971 1.60073875 0.02361489
v -0.07864668 1.59978310 0.02576182
v -0.07889487 1.60328396 0.02633170
v -0.08035840 1.60705740 0.03148892
v -0.08186964 1.61049523 0.02991969
v -0.08280335 1.60666258 0.02811247
v -0.08122638 1.60366152 0.02884738
v -0.07686428 1.60835201 0.03411065
v -0.07803332 1.60291005 0.03194343
v -0.08417928 1.61176502 0.02822537
v -0.08371138 1.60888045 0.02664883
v -0.07813697 1.61257222 0.02447573
v -0.08132810 1.61329846 0.02710737
v -0.08261895 1.61461151 0.02257307
v -0.08683915 1.61257410 0.02443194
v -0.08475355 1.61393209 0.01644459
v -0.08969012 1.61169897 0.01913870
v -0.08533099 1.60958459 0.01114650
v -0.09094433 1.60813391 0.01342468
v -0.07043195 1.57587610 0.04010023
v -0.07035921 1.57555473 0.03338497
v -0.08533560 1.60309615 0.00852790
v -0.09128471 1.60249997 0.00996400
v -0.08463818 1.59528458 0.00695268
v -0.09060134 1.59506268 0.00860186
v -0.08364318 1.58699283 0.00775487
v -0.08908557 1.58741923 0.00951196
v -0.08218235 1.57871411 0.01065496
v -0.08748982 1.58013671 0.01248499
v -0.08004947 1.56970248 0.01542823
v -0.08535313 1.57343721 0.01738632
v -0.08686082 1.60617505 0.01413704
v -0.08558665 1.60949154 0.01786601
v -0.07767965 1.60777527 0.01480585
v -0.08445478 1.61037147 0.02280286
v -0.07503961 1.59455448 0.01658769
v -0.07400178 1.59238372 0.01715420
v -0.07656502 1.59347835 0.02031816
v -0.07449300 1.59562439 0.01860011
v -0.07433303 1.58811948 0.02951538
v -0.07409885 1.58261697 0.02976461
v -0.07277395 1.58306586 0.03397424
v -0.07220268 1.57847503 0.02954398
v -0.07132253 1.58301720 0.02805403
v -0.07142229 1.57972866 0.02797011
v -0.07068995 1.58688539 0.02753307
v -0.07187690 1.57806947 0.02652863
v -0.07292710 1.57640392 0.02790909
v -0.07084676 1.57909120 0.02581851
v -0.07039338 1.58013317 0.02661090
v -0.06967207 1.58198909 0.02565301
v -0.06987428 1.58480832 0.02329976
v -0.07166603 1.58570668 0.03963599
v -0.06992882 1.57331918 0.02014058
v -0.07347443 1.58095356 0.01580482
v -0.08202575 1.56835261 0.02312442
v -0.07821440 1.56275552 0.02303424
v -0.07552221 1.55970332 0.03582866
v -0.07723084 1.55914455 0.03034217
v -0.07687559 1.60223855 0.01353037
v -0.07664031 1.59552270 0.01201485
v -0.06784006 1.56771012 0.02747510
v -0.07543868 1.58848886 0.01294997
v -0.08336703 1.57735569 0.01824358
v -0.08038132 1.57382186 0.02252321
v -0.08609230 1.58224210 0.01464279
v -0.07401464 1.57310078 0.03043995
v -0.07738209 1.57241508 0.02672333
v -0.07932966 1.56680226 0.02890882
v -0.07629230 1.56725030 0.03352187
v -0.07784084 1.57751968 0.02218448
v -0.08145462 1.58034793 0.01968325
v -0.07426660 1.57970686 0.02069288
v -0.07754511 1.58253280 0.01859337
v -0.07274914 1.57824322 0.02397646
v -0.07477800 1.57605762 0.02502958
v -0.07039686 1.58159252 0.01992830
v -0.07324911 1.58565565 0.01702651
v -0.07052426 1.57976407 0.02369177
v -0.08064373 1.58601752 0.01814773
v -0.07720829 1.58910538 0.01706640
v -0.08079736 1.59265422 0.01883187
v -0.08338411 1.59003626 0.01816154
v -0.08427907 1.58414260 0.01725537
v -0.08634823 1.58868136 0.01548347
v -0.08672684 1.58823797 0.01209953
v -0.08690447 1.59421344 0.01437185
v -0.08720210 1.59494966 0.01121600
v -0.08468934 1.59401629 0.01696418
v -0.08295700 1.59514168 0.01905934
v -0.08748152 1.60133344 0.01182034
v -0.08662691 1.59960531 0.01470417
v -0.08585385 1.60382422 0.01621676
v -0.08517894 1.59811990 0.01718813
v -0.08425556 1.60138550 0.01830293
v -0.08383998 1.59746893 0.01865359
v -0.08292335 1.59924982 0.01977698
v -0.08118486 1.60797577 0.02481700
v -0.07999449 1.60614852 0.02623707
v -0.08268153 1.60797801 0.02202793
v -0.08114433 1.60543201 0.02196774
v -0.08018516 1.60710779 0.02310106
v -0.07880126 1.60599391 0.02330474
v -0.08010681 1.60310523 0.02245050
v -0.07794990 1.60097060 0.02112803
v -0.02329042 1.42749553 0.05929036
v -0.01029530 1.42529099 0.06265974
v -0.01035806 1.43743150 0.06863614
v -0.02220692 1.44031005 0.06309070
v -0.08269579 1.60373102 0.02004569
v -0.08165212 1.60105289 0.02152911
v -0.08419910 1.60663814 0.01874634
v -0.07934446 1.59686619 0.01901457
v -0.08020072 1.59872603 0.02058993
v -0.08176207 1.59700995 0.02021945
v -0.08076566 1.59549435 0.01944113
v -0.07426559 1.59226669 0.02834121
v -0.07219124 1.59029747 0.02487862
v -0.07216105 1.58764418 0.02097473
v -0.05911992 1.41001797 0.03573824
v -0.05643250 1.42132339 0.03593932
v -0.06921778 1.42597080 0.02021281
v -0.07407570 1.41687937 0.02133730
v -0.07138848 1.39505653 0.05287163
v -0.09356404 1.40020789 0.03735682
v -0.09403275 1.38311386 0.05366774
v -0.07342127 1.37859391 0.05818041
v -0.09255210 1.36635251 0.06249821
v -0.07350361 1.36309364 0.06388040
v -0.08379933 1.32177378 0.08015780
v -0.06626964 1.31984855 0.07947669
v -0.06956084 1.33407774 0.07489135
v -0.08769223 1.33619577 0.07534225
v -0.08423530 1.25161060 0.08142672
v -0.07690738 1.23552842 0.07793027
v -0.06698640 1.23789610 0.08257349
v -0.07448539 1.25281827 0.08422409
v -0.16317729 1.34162619 0.05932337
v -0.16841154 1.36106191 0.05708022
v -0.18065542 1.35186843 0.05428558
v -0.17197922 1.33148594 0.05467559
v -0.10330268 1.42950202 -0.00540896
v -0.10020050 1.41514460 0.01493098
v -0.09022904 1.41857092 0.00858172
v -0.09483350 1.43491666 -0.00732306
v -0.12816658 1.26159580 0.05192068
v -0.11978203 1.25102385 0.05621859
v -0.11955402 1.25951882 0.06326060
v -0.12833351 1.27000064 0.06165930
v -0.10301762 1.17125107 0.06624999
v -0.10202119 1.14965970 0.06371797
v -0.08610235 1.14931404 0.07103066
v -0.08702788 1.17064024 0.07253773
v -0.14320268 1.19122117 0.01788760
v -0.15164677 1.18749890 -0.00233968
v -0.14816714 1.17124951 -0.00132504
v -0.14142213 1.17290144 0.02029114
v -0.11649864 1.32166209 0.07780630
v -0.10081723 1.32240583 0.07984700
v -0.10531765 1.33670701 0.07471576
v -0.12160605 1.33600529 0.07237864
v -0.36030543 1.37674523 0.02332077
v -0.36014167 1.36156849 0.02287678
v -0.33329118 1.36089064 0.02194477
v -0.33301040 1.37579208 0.02223680
v -0.12400968 1.07442921 0.01598317
v -0.12353090 1.07732128 0.00055414
v -0.12193402 1.05997832 0.00123682
v -0.12290372 1.05572070 0.01830231
v -0.22443042 1.41516450 0.03082798
v -0.21153802 1.42015712 0.03383223
v -0.20944728 1.43490972 0.01318962
v -0.22268401 1.43121773 0.01228904
v -0.15391543 1.30507196 0.05605006
v -0.14962356 1.31248713 0.06409458
v -0.15735648 1.32627821 0.06169783
v -0.16224036 1.31676269 0.05511391
v -0.16020493 1.21702970 -0.00525706
v -0.15152727 1.22158862 0.00907056
v -0.15591308 1.23721097 0.00443080
v -0.16518041 1.23290757 -0.00788093
v -0.14713715 1.20635073 0.01310029
v -0.15594272 1.20195807 -0.00383935
v -0.14129781 1.31711994 0.06993078
v -0.13015553 1.31985484 0.07456160
v -0.13573441 1.33467462 0.06941858
v -0.14724908 1.33241930 0.06626314
v -0.07290089 1.22056927 0.07822590
v -0.06009030 1.22339246 0.08255253
v -0.11850399 1.05004724 0.03535838
v -0.10820574 1.04294746 0.05086889
v -0.10689542 1.06519054 0.04720719
v -0.11806989 1.07030868 0.03243310
v -0.07124918 1.19053828 0.07632801
v -0.07199699 1.20626386 0.07876908
v -0.08589168 1.20584182 0.07348030
v -0.08670851 1.18982711 0.07229813
v -0.09274416 1.03646138 0.06259224
v -0.07483860 1.03388849 0.06976163
v -0.07472360 1.05797789 0.06730559
v -0.09225719 1.06006182 0.05936731
v -0.09079996 1.35073217 0.06920274
v -0.07207867 1.34844745 0.06978642
v -0.10099766 1.25128161 0.07330466
v -0.09504570 1.23640130 0.06862225
v -0.08615979 1.23563591 0.07307326
v -0.09315135 1.25144323 0.07744161
v -0.16551556 1.30206522 0.02956735
v -0.17376731 1.31688081 0.04490465
v -0.19114079 1.33656654 0.04567089
v -0.18101434 1.31134717 0.02870313
v -0.12217040 1.04271038 0.00254087
v -0.12223853 1.03719082 0.02008183
v -0.09265388 1.01427775 0.06194640
v -0.07468288 1.01053041 0.06853993
v -0.22930899 1.30283039 -0.02586745
v -0.21811972 1.28789591 -0.02277741
v -0.21271327 1.28979831 -0.01183152
v -0.22447087 1.30466150 -0.01464326
v -0.04298637 1.25204442 0.08701038
v -0.05655649 1.26128023 0.08751086
v -0.05921433 1.24623784 0.08584554
v -0.04870328 1.23353657 0.08502716
v -0.09364364 1.22193458 0.06662819
v -0.09720661 1.20728134 0.06685619
v -0.08434852 1.22085941 0.07262552
v -0.02873171 1.24165023 0.08277842
v -0.03627530 1.21758695 0.08214709
v -0.05329451 1.34586290 0.07123862
v -0.05105754 1.33157634 0.07473611
v -0.05423993 1.35999340 0.06765256
v -0.03461976 1.35724993 0.07126604
v -0.03350290 1.37156309 0.06810568
v -0.05294211 1.37421692 0.06308269
v -0.03100258 1.38563794 0.06509366
v -0.05017471 1.38907877 0.06028029
v -0.04129725 1.40604521 0.04684717
v -0.03874762 1.41769322 0.04722819
v -0.16167736 1.30516140 0.04451662
v -0.15203327 1.29524848 0.04462668
v -0.10836184 1.02150049 0.05222556
v -0.11534612 1.36732268 -0.08798345
v -0.11621284 1.34945247 -0.09275137
v -0.13462987 1.35793188 -0.08728709
v -0.13453872 1.37589792 -0.08434061
v -0.11403596 1.42887002 -0.00416815
v -0.11454342 1.41719233 0.01852614
v -0.19838968 1.31747417 -0.06110712
v -0.18845721 1.30861780 -0.06382691
v -0.19186794 1.29411952 -0.05885198
v -0.20000586 1.30580343 -0.05587546
v -0.22864033 1.30840225 -0.04089067
v -0.24182275 1.31720443 -0.04305026
v -0.23948351 1.32467308 -0.04874009
v -0.22479355 1.31660408 -0.04605940
v -0.11708955 1.06311185 -0.01456704
v -0.11736399 1.07911671 -0.01515185
v -0.14180082 1.19509924 -0.05641072
v -0.15077658 1.18908355 -0.03938863
v -0.15856474 1.20471002 -0.03769437
v -0.15179437 1.21118698 -0.05393341
v -0.02112774 1.32883379 -0.08497655
v -0.02096293 1.31517192 -0.08860516
v -0.03992330 1.31939347 -0.09352833
v -0.03964134 1.33349910 -0.08966145
v -0.07516043 1.36501598 -0.09107704
v -0.07411448 1.38052038 -0.08660804
v -0.05422300 1.37007926 -0.08745826
v -0.05583982 1.35545197 -0.09132612
v -0.09565066 1.35786342 -0.09224522
v -0.09668160 1.34014229 -0.09705282
v -0.17101381 1.23204175 -0.02239134
v -0.16569223 1.21689824 -0.02101252
v -0.18036718 1.25210612 -0.02651261
v -0.17498116 1.25398937 -0.01429484
v -0.18114782 1.26012002 -0.01617111
v -0.18590516 1.25865876 -0.02778248
v -0.08795199 1.44061953 -0.00940331
v -0.08641090 1.44741451 -0.02911946
v -0.09425630 1.44359042 -0.02674296
v -0.05090652 1.42120184 -0.06313432
v -0.05012922 1.41450640 -0.06760455
v -0.06271749 1.42024536 -0.06466590
v -0.06195343 1.42594476 -0.06079748
v -0.04848019 1.25300707 -0.09707945
v -0.02417928 1.25249458 -0.09474474
v -0.02486676 1.23371273 -0.09180582
v -0.05129872 1.23278240 -0.09398004
v -0.19556706 1.26751513 -0.03872619
v -0.20706631 1.27634851 -0.03788616
v -0.20587394 1.28367923 -0.04481381
v -0.19494607 1.27304625 -0.04676246
v -0.18664504 1.26523699 -0.04785915
v -0.17998830 1.25761134 -0.04867820
v -0.18147159 1.25383606 -0.03775044
v -0.18747661 1.26101244 -0.03840466
v -0.16183313 1.22580251 -0.05165866
v -0.16562882 1.22043162 -0.03630891
v -0.17211043 1.23466199 -0.03630871
v -0.16988902 1.23927631 -0.05037701
v -0.02198274 1.16581680 -0.07747937
v -0.04320228 1.16403157 -0.08302984
v -0.04602324 1.18837025 -0.08627087
v -0.02297905 1.18977929 -0.08104042
v -0.23271186 1.32178052 0.00072105
v -0.23015907 1.32804060 0.01169255
v -0.24529333 1.33098513 0.00736329
v -0.25011014 1.32620208 -0.00401621
v -0.24555188 1.34524050 -0.06185673
v -0.25775371 1.34946517 -0.06327788
v -0.25669134 1.35543199 -0.06500498
v -0.24347017 1.35132140 -0.06424061
v -0.27368194 1.32587527 -0.01666927
v -0.26842846 1.33017405 -0.00730746
v -0.28985782 1.33354862 -0.00898610
v -0.29440303 1.32804625 -0.01837365
v -0.12169462 1.43387550 -0.02759667
v -0.12456630 1.43228383 -0.00171313
v -0.11176727 1.43761379 -0.02627718
v -0.25985548 1.31706029 -0.03154059
v -0.27689108 1.31974890 -0.03396752
v -0.27595050 1.32190423 -0.04229568
v -0.25855196 1.31839761 -0.03914439
v -0.36109876 1.39202922 0.01499626
v -0.33420674 1.38990759 0.01383107
v -0.31987662 1.32558220 -0.02820883
v -0.32222146 1.32513154 -0.03862617
v -0.29804395 1.32217313 -0.03625023
v -0.29727438 1.32387587 -0.02804548
v -0.13325953 1.17863464 -0.05831329
v -0.14394895 1.17357433 -0.04133410
v -0.09902752 1.06813473 -0.04551263
v -0.10943856 1.06587571 -0.03073998
v -0.10864245 1.08201083 -0.03056697
v -0.09821121 1.08499214 -0.04460586
v -0.11863875 1.04688477 -0.01467846
v -0.10144672 1.04938589 -0.04550678
v -0.11221765 1.04810987 -0.03140863
v -0.07161795 1.45682294 -0.02469773
v -0.06312671 1.45733383 -0.03716662
v -0.06859447 1.44970683 -0.04286142
v -0.07927957 1.45196285 -0.02838690
v -0.15151867 0.95096318 -0.02670080
v -0.15256541 0.92541889 -0.03534457
v -0.16085487 0.92770709 -0.01145913
v -0.15680435 0.94875264 -0.00255181
v -0.03716838 1.43331020 -0.05016827
v -0.05423473 1.44184819 -0.04894199
v -0.04952889 1.45061616 -0.04264765
v -0.03511053 1.44243962 -0.04218651
v -0.15067440 0.96922306 0.00303054
v -0.14652842 0.97235058 -0.02201762
v -0.07465326 1.44930074 -0.00853585
v -0.08188450 1.44460713 -0.01035215
v -0.07808756 1.43401542 0.00413501
v -0.07089654 1.44134797 0.00653202
v -0.06494414 1.43662603 0.02332242
v -0.16631080 0.91774292 0.01197426
v -0.15742030 0.94138027 0.01792396
v -0.05840306 1.46319506 -0.02938776
v -0.04595043 1.45872591 -0.03538722
v -0.03205709 1.45417949 -0.03534017
v -0.01753742 1.45250294 -0.03467544
v -0.11996256 1.03126786 -0.01302443
v -0.12138943 1.02773719 0.00505752
v -0.11372337 0.81659972 -0.11181234
v -0.08809086 0.81258498 -0.11941439
v -0.08570856 0.80185469 -0.11403889
v -0.11552254 0.80009319 -0.10264967
v -0.02477287 0.83179616 -0.11985324
v -0.02405628 0.82706338 -0.10995865
v -0.05341860 0.81155151 -0.11580891
v -0.05678236 0.81964210 -0.12406110
v -0.03066344 0.93678466 -0.11145729
v -0.05770453 0.93701123 -0.11281273
v -0.05610426 0.95909893 -0.10227573
v -0.03175438 0.95753621 -0.10208826
v -0.10281842 1.03304353 -0.04406725
v -0.11379821 1.03196791 -0.03019498
v -0.11912637 1.02190367 0.02163254
v -0.17169631 0.76667371 0.02218220
v -0.17500534 0.77644426 -0.01492037
v -0.17355595 0.73807961 -0.01553643
v -0.17178198 0.72786856 0.01959008
v -0.14147699 0.74798667 -0.07086234
v -0.14311771 0.78033138 -0.07701444
v -0.11311052 0.77863077 -0.09335694
v -0.11164046 0.75330447 -0.08621262
v -0.05748029 1.00783001 0.07400063
v -0.07330829 0.99247337 0.06426701
v -0.05671565 0.98820190 0.06864709
v -0.01653657 0.99831483 0.08403950
v -0.03021460 1.00236811 0.08226764
v -0.02869344 0.98204697 0.07565987
v -0.01640157 0.97921637 0.07806808
v -0.02436351 0.87984173 0.08859541
v -0.01479739 0.87744463 0.09281027
v -0.01536296 0.89815076 0.08688675
v -0.02704382 0.90031476 0.08160698
v -0.15088420 0.93143908 0.03760179
v -0.13251182 0.92323162 0.05210963
v -0.12668758 0.94240349 0.05244776
v -0.14256393 0.95085220 0.04091323
v -0.02224236 0.82236848 -0.09536558
v -0.04835238 0.80051690 -0.10243340
v -0.15889002 0.72045329 0.05362803
v -0.15826885 0.75906316 0.05542762
v -0.13225360 0.71627897 0.07742058
v -0.09887019 0.72061428 0.08158995
v -0.10047121 0.75288152 0.08440901
v -0.13276528 0.75161213 0.07869361
v -0.00986694 0.81869962 0.04089557
v -0.01725718 0.83306983 0.06584118
v -0.02476445 0.81662588 0.05872834
v -0.01332433 0.80831009 0.03622664
v -0.02820776 0.85337408 -0.12477341
v -0.02721081 0.83915512 -0.12236353
v -0.05713099 0.83256674 -0.12904640
v -0.05664507 0.84691582 -0.12957923
v -0.08741135 1.04998874 -0.05506758
v -0.08845331 1.03277226 -0.05315849
v -0.07186902 1.04981546 -0.06006172
v -0.08635077 1.06834551 -0.05647918
v -0.07137603 1.06941586 -0.06256389
v -0.09821790 1.19782208 -0.08084725
v -0.11765641 1.18706100 -0.07149014
v -0.12739666 1.20313923 -0.07163120
v -0.10851391 1.21456198 -0.08316447
v -0.05869490 1.32533244 -0.09899693
v -0.05720733 1.34056241 -0.09509998
v -0.07741464 0.76329578 -0.09246735
v -0.03968094 0.78193278 -0.08787681
v -0.05136808 0.73626591 -0.08164849
v -0.08262747 0.72619942 -0.08480092
v -0.13883819 0.71360290 -0.06733661
v -0.15923804 0.71035789 -0.04642338
v -0.16327415 0.74535262 -0.04760845
v -0.17049266 0.70235055 -0.01592320
v -0.17024444 0.69260944 0.01863183
v -0.12822487 0.68309158 0.07452457
v -0.09557675 0.68871517 0.07805397
v -0.02319780 0.74142931 0.03035845
v -0.04309706 0.73388967 0.04946754
v -0.04155224 0.70782528 0.04425661
v -0.02273919 0.71699816 0.02242770
v -0.05572036 0.88444625 0.06996670
v -0.08569439 0.90030818 0.06391239
v -0.09052535 0.87504522 0.06804518
v -0.06456311 0.85678378 0.07113965
v -0.01980194 1.02566704 0.08784479
v -0.03189760 1.03076891 0.08749671
v -0.04261235 1.00595912 0.07920935
v -0.04403498 1.03283814 0.08375344
v -0.05824597 1.03341245 0.07675654
v -0.03263207 1.12969944 0.08387238
v -0.04940878 1.12857667 0.08084084
v -0.04586225 1.10634965 0.07857189
v -0.03057345 1.10752362 0.08240223
v -0.03444534 1.15225266 0.08496177
v -0.05226729 1.15148457 0.08228594
v -0.03544851 1.19392933 0.08133835
v -0.05528222 1.20869152 0.08197011
v -0.05419501 1.19229485 0.07950701
v -0.03432237 1.34282531 0.07313272
v -0.03310242 1.32848209 0.07518997
v -0.15776546 0.90720248 0.03389167
v -0.01810185 0.77554432 -0.05958731
v -0.00408824 0.76364248 -0.03372361
v -0.01179584 0.73524380 -0.03995621
v -0.02659490 0.73960338 -0.06423296
v -0.14887369 0.96094287 0.02359783
v -0.11884258 1.02966102 0.03737418
v -0.11441101 1.01345019 0.03667544
v -0.13084813 1.19851966 0.03954567
v -0.13037506 1.17529228 0.04028522
v -0.06944985 1.26696415 0.08707096
v -0.06796152 1.25564205 0.08590880
v -0.16572592 0.78174722 -0.05081454
v -0.12492736 0.65202142 0.06966122
v -0.11718952 0.62425361 0.06315587
v -0.08534521 0.63008949 0.06662368
v -0.09031009 0.65890919 0.07352125
v -0.01659804 0.69489979 -0.00607819
v -0.02371019 0.68807580 0.01373039
v -0.02897855 0.65886018 0.00542638
v -0.02301603 0.66330033 -0.01463393
v -0.02832769 0.63339494 -0.01924444
v -0.03259045 0.62798327 0.00056527
v -0.03255776 0.59831398 -0.00363446
v -0.03139011 0.60330146 -0.02436635
v -0.15635491 0.68356154 0.05294865
v -0.16024131 0.62979743 0.01707127
v -0.14525381 0.62355696 0.04497160
v -0.15229792 0.65189752 0.04949378
v -0.16715147 0.65901018 0.01899231
v -0.11299061 0.71810240 -0.07894617
v -0.01142555 0.72196075 0.00112665
v -0.00974883 0.74661944 0.01073176
v -0.02863109 0.66785763 -0.05161567
v -0.04391730 0.66806390 -0.06871785
v -0.03441740 0.70153185 -0.06780481
v -0.01904394 0.70134569 -0.04629656
v -0.13581297 0.65441177 -0.06299296
v -0.14963792 0.64884379 -0.04134734
v -0.15492389 0.67846363 -0.04297010
v -0.13784407 0.68349012 -0.06449154
v -0.16589068 0.66926992 -0.01412809
v -0.15876419 0.63981213 -0.01329517
v -0.14568861 0.57203454 0.01255196
v -0.12784994 0.56809796 0.03629810
v -0.13746363 0.59508856 0.04098093
v -0.15358671 0.60004773 0.01513865
v -0.14427173 0.58248344 -0.01490646
v -0.15095704 0.61154804 -0.01372063
v -0.14387406 0.62104861 -0.03994466
v -0.13997205 0.59207893 -0.03962987
v -0.12845930 0.59966924 -0.05840144
v -0.13225466 0.62808448 -0.06029198
v -0.11327522 0.63222773 -0.07389388
v -0.11228466 0.60493280 -0.07136301
v -0.09213112 0.63548918 -0.08025155
v -0.07065369 0.63846337 -0.07703530
v -0.07523531 0.61100172 -0.07473733
v -0.09365991 0.60751028 -0.07755340
v -0.04323476 0.60990496 -0.05526952
v -0.05711533 0.61141697 -0.06695553
v -0.05133618 0.63914505 -0.06729351
v -0.03716830 0.63770961 -0.05333998
v -0.06029779 0.49661373 -0.06446249
v -0.07204692 0.49896377 -0.07249430
v -0.06914627 0.52933771 -0.06815827
v -0.05519427 0.52672582 -0.06220857
v -0.08564845 0.49877897 -0.07780122
v -0.10043175 0.49812497 -0.07693774
v -0.09697857 0.52812268 -0.07393478
v -0.08246988 0.52937066 -0.07388996
v -0.12470941 0.51962238 -0.05648391
v -0.11105818 0.52455990 -0.06769005
v -0.11463997 0.49515949 -0.07149973
v -0.12876105 0.49136069 -0.06047175
v -0.14164930 0.48423792 -0.04494960
v -0.13957498 0.51193872 -0.04213592
v -0.13800049 0.47742445 -0.02187788
v -0.13893103 0.50302681 -0.02048570
v -0.12905477 0.49495895 0.00626741
v -0.13183204 0.47033158 0.00593486
v -0.03493816 0.51077381 -0.02610755
v -0.03929376 0.47978158 -0.02928379
v -0.03990919 0.48563644 -0.04523368
v -0.03481069 0.51586203 -0.04022749
v -0.05809601 0.50076836 0.01284111
v -0.06855095 0.49427260 0.03965792
v -0.07188691 0.46966634 0.02903647
v -0.06028866 0.47256549 0.00574452
v -0.13949762 0.55540253 -0.01633151
v -0.13667987 0.54619384 0.00894437
v -0.12549077 0.57221117 -0.05598244
v -0.13737714 0.56497394 -0.03988234
v -0.04728199 0.58202287 -0.05756595
v -0.06178903 0.58379667 -0.06668044
v -0.03262316 0.56889205 -0.00943412
v -0.03236753 0.57448054 -0.02846575
v -0.09453795 0.51616396 0.04903763
v -0.09663297 0.54217334 0.04938794
v -0.12063864 0.54247121 0.03359330
v -0.12027160 0.51610650 0.03574968
v -0.13955522 0.52846904 -0.01819456
v -0.13731957 0.53850546 -0.04088022
v -0.12402432 0.54564068 -0.05525001
v -0.11048344 0.55207862 -0.06727728
v -0.09546314 0.55529881 -0.07263282
v -0.08069166 0.55728213 -0.07177492
v -0.06622772 0.55746410 -0.06664723
v -0.05181336 0.55515475 -0.05963563
v -0.03299844 0.54594704 -0.03451811
v -0.03345197 0.53949857 -0.01753095
v -0.09567764 0.46689484 0.03966034
v -0.09462352 0.48997374 0.04827475
v -0.12013041 0.49032590 0.03554754
v -0.12000224 0.46654197 0.03037414
v -0.09738041 0.44611126 0.02693936
v -0.07889592 0.44921707 0.01554262
v -0.08926881 0.47101786 -0.08215768
v -0.10532858 0.47064574 -0.08263783
v -0.12099537 0.46814275 -0.07705256
v -0.14319224 0.45920853 -0.04636676
v -0.13975271 0.45123912 -0.02068116
v -0.13095456 0.44522418 0.00463612
v -0.11730040 0.44565321 0.02277210
v -0.05430780 0.43201691 -0.05193547
v -0.04827314 0.45849737 -0.04694208
v -0.04729636 0.45420295 -0.03239886
v -0.05532987 0.42907592 -0.03774856
v -0.06656957 0.43851940 -0.07736671
v -0.07701349 0.44229741 -0.08902225
v -0.07535849 0.46929044 -0.07815720
v -0.06547566 0.46647669 -0.06771816
v -0.09374523 0.44327502 -0.09321129
v -0.11130311 0.44282126 -0.09107371
v -0.12789952 0.44222770 -0.08405624
v -0.14874771 0.43213928 -0.04773500
v -0.13528633 0.46468615 -0.06462380
v -0.14203046 0.43837736 -0.06999452
v -0.14425000 0.42416787 -0.01881647
v -0.12695425 0.38862531 0.00109928
v -0.12577480 0.41703339 0.00430049
v -0.14741136 0.39556165 -0.01902298
v -0.10283953 0.29471442 -0.00699653
v -0.12661888 0.29499842 -0.00723924
v -0.12295706 0.26063491 -0.01376919
v -0.10182616 0.26017521 -0.01342857
v -0.05582552 0.40104384 -0.04287078
v -0.05260458 0.40298607 -0.05934611
v -0.06402324 0.40903928 -0.08820537
v -0.07862048 0.41210676 -0.09857706
v -0.15835313 0.37238307 -0.05200443
v -0.15457190 0.40297269 -0.04892398
v -0.14891100 0.40929801 -0.07359836
v -0.15301067 0.37830636 -0.07774084
v -0.05057002 0.30523927 -0.05222315
v -0.04858503 0.30742836 -0.07025545
v -0.04492069 0.34106910 -0.06856537
v -0.04671719 0.33873519 -0.04882376
v -0.07740993 0.38188187 -0.10531656
v -0.06147649 0.37912258 -0.09444356
v -0.06098522 0.34649678 -0.09824554
v -0.07807274 0.34950629 -0.10800805
v -0.15400220 0.30375569 -0.05566871
v -0.15835048 0.33907109 -0.05432366
v -0.15306707 0.34450093 -0.08031705
v -0.14916080 0.30838887 -0.08012081
v -0.12864268 0.36044857 0.00040528
v -0.15035801 0.36525731 -0.02145249
v -0.14981265 0.33331720 -0.02443196
v -0.12983156 0.32859185 -0.00274823
v -0.10282321 0.35952414 -0.00064909
v -0.10371432 0.32845148 -0.00246238
v -0.06499491 0.23497781 -0.06852190
v -0.05818906 0.27250613 -0.06868454
v -0.05893108 0.26893532 -0.05398233
v -0.06537921 0.23116182 -0.05555544
v -0.08181502 0.31382560 -0.10553631
v -0.06462920 0.31212895 -0.09627146
v -0.07128377 0.27592677 -0.09130998
v -0.08447820 0.27685190 -0.09906498
v -0.14233508 0.22803529 -0.05642063
v -0.14838650 0.26698108 -0.05599170
v -0.14316213 0.27039335 -0.07783085
v -0.13692042 0.23146673 -0.07623605
v -0.11898896 0.22412635 -0.02018521
v -0.14193592 0.26327774 -0.03045451
v -0.13679998 0.22529983 -0.03422919
v -0.11478487 0.18704375 -0.02307534
v -0.09853812 0.18622700 -0.02191895
v -0.10048536 0.22402288 -0.01925087
v -0.07178013 0.19447350 -0.05738787
v -0.06979371 0.19754908 -0.07001434
v -0.07470346 0.20111016 -0.08708881
v -0.08422157 0.20282737 -0.09329092
v -0.08484935 0.23909540 -0.09594699
v -0.07384475 0.23807634 -0.08868496
v -0.11528591 0.23576966 -0.09806292
v -0.09964641 0.23835860 -0.09967747
v -0.09753542 0.20236877 -0.09583372
v -0.11131971 0.19999155 -0.09320064
v -0.13018953 0.19620562 -0.07441448
v -0.12798174 0.23393332 -0.09035762
v -0.12219680 0.19821682 -0.08658405
v -0.13556713 0.19311033 -0.05633201
v -0.13090252 0.18894460 -0.03492413
v -0.00273913 0.80717671 -0.03635302
v -0.00191091 0.79394270 -0.01084149
v -0.00220212 0.78379959 -0.02325970
v -0.00674379 0.79926436 -0.05096162
v -0.04231754 0.65060305 0.03086476
v -0.04129890 0.68023559 0.03779682
v -0.03931433 0.58975949 0.01989481
v -0.04124305 0.61928969 0.02541914
v -0.03916413 0.56063952 0.01196926
v -0.04272903 0.53254513 0.00165512
v -0.04510018 0.50353970 -0.00781892
v -0.04663338 0.47519215 -0.01291001
v -0.05399869 0.44961317 -0.01621326
v -0.06276109 0.42444045 -0.02133581
v -0.06404153 0.36823700 -0.02909190
v -0.05032462 0.37062410 -0.04627906
v -0.06723158 0.39776757 -0.02741900
v -0.06315707 0.30188828 -0.03227235
v -0.06171637 0.33615624 -0.02995587
v -0.06754685 0.26502375 -0.03694506
v -0.07299433 0.22713876 -0.04079312
v -0.07833518 0.19101479 -0.04330388
v -0.07360109 0.78341613 0.07288594
v -0.04989481 0.78257328 0.05744983
v -0.05076590 0.80027041 0.06042538
v -0.07299598 0.80713909 0.07313839
v -0.00517721 0.81272266 0.01400300
v -0.00676751 0.81204402 0.02565223
v -0.00763802 0.80682224 0.02285863
v -0.00409763 0.80968295 0.01076042
v -0.13082755 0.52059619 0.00745097
v -0.11122476 0.57825277 -0.06815315
v -0.09458988 0.58172615 -0.07347092
v -0.07853794 0.58384400 -0.07174019
v -0.05116349 0.52493738 0.02709577
v -0.05106410 0.55227922 0.03393399
v -0.06931823 0.54561436 0.04927842
v -0.06861468 0.51927666 0.04418431
v -0.10200378 0.38622214 0.00219802
v -0.08387544 0.36353106 -0.01620620
v -0.08256454 0.39143238 -0.01136531
v -0.10171849 0.40936655 0.00829296
v -0.11722127 0.41502550 -0.10073936
v -0.13532571 0.41380239 -0.09149707
v -0.09892110 0.38387662 -0.11015734
v -0.12049550 0.38468932 -0.10868166
v -0.09687055 0.41478858 -0.10087308
v -0.05616911 0.60840511 0.04824480
v -0.08003813 0.60123102 0.05950437
v -0.07448514 0.57323912 0.05250529
v -0.05241307 0.58014320 0.04074177
v -0.11415658 1.09859550 -0.03364678
v -0.10310569 1.10242449 -0.04762519
v -0.11230054 1.23120012 0.05480844
v -0.12001814 1.21746038 0.04972255
v -0.10881167 1.21090926 0.05927426
v -0.10305172 1.22515153 0.06058256
v -0.12784044 1.22726385 0.04078585
v -0.12049229 1.23982056 0.04874149
v -0.12756502 1.25099685 0.04208906
v -0.13295436 1.23934085 0.03304489
v -0.16429342 1.29163175 0.01530209
v -0.17893798 1.29728822 0.01338967
v -0.03498982 1.17286899 0.08404274
v -0.01600704 1.17161976 0.08432131
v -0.01597866 1.19127954 0.08159716
v -0.04180714 0.98515808 0.07230841
v -0.05855152 0.90956380 0.06846375
v -0.03591636 0.88060412 0.08293189
v -0.04032606 0.90503948 0.07479820
v -0.00600905 0.83139886 0.06752119
v -0.06542393 1.15981426 -0.08278369
v -0.07002641 1.18393351 -0.08530292
v -0.03848795 1.34721060 -0.08568766
v -0.02082191 1.34180522 -0.08131446
v -0.03497761 1.37388340 -0.07782804
v -0.03336970 1.38645149 -0.07387899
v -0.01832967 1.37960515 -0.07006435
v -0.01911751 1.36728078 -0.07407328
v -0.01930970 1.43987911 -0.04175102
v -0.02086295 1.42857155 -0.04944083
v -0.00201747 0.81502732 -0.00444838
v -0.00364472 0.80560602 0.00739167
v -0.00172685 0.81386337 -0.01176726
v -0.02535932 0.76354947 0.03699949
v -0.01147439 0.76676671 0.01853129
v -0.01439222 0.78201153 0.02595417
v -0.02977058 0.78210826 0.04163701
v -0.16954016 0.80588749 0.02399616
v -0.17595122 0.81788043 -0.01333418
v -0.08184283 0.78582966 -0.10184908
v -0.37424491 1.33542992 -0.03996990
v -0.37633744 1.34258540 -0.04899998
v -0.35023871 1.33644395 -0.05099203
v -0.34781285 1.33045414 -0.04044000
v -0.07371253 1.25618644 -0.09846625
v -0.08401553 1.23130700 -0.09155494
v -0.08355212 1.42713733 0.00571691
v -0.15142214 1.43633141 0.00369058
v -0.15467026 1.42829508 0.02932511
v -0.14141456 1.42498290 0.02486819
v -0.13708991 1.43478686 0.00077091
v -0.14976104 1.39717925 -0.07359229
v -0.14900553 1.41019715 -0.06159954
v -0.13427464 1.40763988 -0.06575766
v -0.13451964 1.39276733 -0.07735873
v -0.03009150 0.91393669 -0.12009992
v -0.05756240 0.91366008 -0.12313808
v -0.03743327 1.09260457 -0.07616421
v -0.05560787 1.09110154 -0.07247749
v -0.05756626 1.11238382 -0.07668073
v -0.03829235 1.11501358 -0.07790003
v -0.10973360 1.24490400 -0.09408268
v -0.12576899 1.23049063 -0.08223309
v -0.02749942 1.26570752 0.08430158
v -0.02888913 1.28383811 0.08224284
v -0.04455419 1.28826379 0.08412959
v -0.04249935 1.27179679 0.08619223
v -0.31521364 1.35401374 -0.06517644
v -0.29126405 1.34237861 -0.06150876
v -0.29695563 1.33426125 -0.05613927
v -0.32313547 1.34089634 -0.05912548
v -0.16515571 0.82656171 -0.05730764
v -0.14252294 0.80900796 -0.08601295
v -0.13726492 1.13555607 -0.02157265
v -0.12952017 1.13881558 -0.04017456
v -0.12264279 1.11858239 -0.03852832
v -0.13043612 1.11522839 -0.02051335
v -0.15445438 1.18625900 -0.02161733
v -0.14938372 1.17063097 -0.02222487
v -0.16031476 1.20149914 -0.02092696
v -0.21675873 1.29430935 -0.03906649
v -0.21858729 1.28899804 -0.03181286
v -0.22932010 1.30384813 -0.03404598
v -0.04630393 0.75998126 0.05470598
v -0.04302644 0.83549027 0.07014636
v -0.03448792 0.85203396 0.07757527
v -0.00356443 0.81891753 -0.00129664
v -0.06529901 1.45144745 0.01279072
v -0.06245805 1.44935005 0.02977045
v -0.25910664 1.31925785 -0.02346640
v -0.27671498 1.32173507 -0.02557979
v -0.19079487 1.26581312 -0.01808769
v -0.18245996 1.27075282 -0.00669188
v -0.19662279 1.27668068 -0.00878937
v -0.20424782 1.27324654 -0.02072473
v -0.20724264 1.27360662 -0.02986232
v -0.19483642 1.26467718 -0.02912381
v -0.15244143 1.34830073 0.06192651
v -0.13899032 1.35120265 0.06462085
v -0.14180904 1.36737234 0.06032180
v -0.15567980 1.36578646 0.05878744
v -0.12482777 1.35175436 0.06659932
v -0.10856883 1.35149806 0.06836879
v -0.11092749 1.36808398 0.06139642
v -0.12700930 1.36842213 0.06073114
v -0.08122185 1.41122679 0.02855987
v -0.06514108 1.40525998 0.04434603
v -0.04580901 1.39898581 0.05334245
v -0.02801238 1.39550418 0.05998553
v -0.02034012 1.41666505 -0.05681568
v -0.01943434 1.40364451 -0.06195602
v -0.03556567 1.40916712 -0.06545106
v -0.04027496 1.42297124 -0.05947795
v -0.05460836 1.43406726 0.03902401
v -0.03788864 1.43084796 0.05138918
v -0.02412799 1.41480107 0.05630656
v -0.36387693 1.40257001 0.00070214
v -0.33736617 1.40008874 -0.00139706
v -0.06511178 1.46308066 -0.01705512
v -0.06692996 1.45766227 -0.00229097
v -0.34005884 1.40648854 -0.01940914
v -0.36661137 1.40740069 -0.01752902
v -0.13010528 1.40491951 0.03993602
v -0.12849063 1.42090374 0.02136779
v -0.14436369 1.40910504 0.04304465
v -0.05147838 1.44682339 0.04450667
v -0.03660896 1.44351082 0.05631335
v -0.17226566 0.85675363 -0.00711742
v -0.16587960 0.84432142 0.02545795
v -0.11958988 1.08940379 0.03191313
v -0.12615970 1.09268983 0.01642066
v -0.01572056 1.12886541 0.08411998
v -0.01507712 1.10751679 0.08259417
v -0.01047116 1.45029079 0.07370424
v -0.03086947 1.06017056 0.08674775
v -0.01541555 1.05597065 0.08581951
v -0.01517624 1.08380141 0.08388750
v -0.03005538 1.08570318 0.08308260
v -0.01088613 1.02487503 0.08700332
v -0.01034076 1.00907958 0.08741204
v -0.01937712 0.86478904 0.09102338
v -0.01181262 0.86484462 0.09580741
v -0.26641031 1.37561645 0.02105473
v -0.24934997 1.37931633 0.02455627
v -0.24990182 1.40057560 0.02152504
v -0.26760898 1.39349771 0.01577198
v -0.04487036 1.06156887 0.08200895
v -0.05872828 1.06016656 0.07441389
v -0.15430604 1.29417594 0.02896646
v -0.15274727 1.28550059 0.01451011
v -0.01572555 1.21280109 0.07921167
v -0.05749949 1.27722940 0.08740454
v -0.06003953 1.29165357 0.08552160
v -0.07555825 1.29415992 0.08589256
v -0.07190236 1.28062802 0.08722113
v -0.00275615 0.81632938 -0.00360956
v -0.24912905 1.38681918 -0.06350924
v -0.23467546 1.38503170 -0.06647049
v -0.23671544 1.37552297 -0.06833292
v -0.25168236 1.37909739 -0.06573731
v -0.00331152 0.77200912 0.00008937
v -0.00466028 0.75452975 -0.00932070
v -0.01553376 0.81926699 -0.07783214
v -0.00520867 0.82289115 -0.05848563
v -0.06606934 0.69779255 0.06556593
v -0.06873466 0.72704126 0.06971104
v -0.06292983 0.66762071 0.05998135
v -0.05969999 0.63809277 0.05424184
v -0.06623174 0.44793602 -0.00145170
v -0.07819095 0.42059421 -0.00363533
v -0.08421282 0.33186746 -0.01763320
v -0.08439859 0.29821410 -0.02074624
v -0.08527382 0.26225839 -0.02486958
v -0.08647588 0.22411209 -0.03024195
v -0.08650183 0.18750753 -0.03046044
v -0.36976816 1.40479203 -0.03427951
v -0.34166073 1.40679153 -0.03832894
v -0.34612843 1.39901852 -0.05111206
v -0.37416593 1.39905077 -0.04767526
v -0.31730742 1.33112035 -0.02055762
v -0.31394058 1.33796622 -0.01182663
v -0.33884726 1.33922241 -0.01174779
v -0.34156181 1.33355523 -0.02087460
v -0.36764185 1.33394504 -0.02014735
v -0.37103595 1.33271425 -0.03005070
v -0.34452556 1.32998587 -0.02983178
v -0.37701757 1.35295173 -0.05632067
v -0.37709479 1.36473908 -0.06096415
v -0.34842058 1.36048293 -0.06307535
v -0.35094227 1.34738820 -0.05853809
v -0.37677456 1.38932205 -0.05665363
v -0.34970205 1.38810314 -0.05885088
v -0.35008024 1.37522227 -0.06300562
v -0.37787503 1.37717020 -0.06112372
v -0.36055138 1.35002612 0.01481161
v -0.36197361 1.34329375 0.00208009
v -0.33560182 1.34374714 0.00055510
v -0.33446393 1.34988379 0.01294331
v -0.25121256 1.41842774 0.00814350
v -0.26937984 1.40870905 0.00341955
v -0.19710504 1.32210678 0.02356047
v -0.20303091 1.33999772 0.03483323
v -0.21521816 1.34172972 0.02711901
v -0.21061089 1.32683111 0.01734059
v -0.30866677 1.38773149 0.01301828
v -0.28682313 1.38870629 0.01355692
v -0.28920111 1.40015626 -0.00065266
v -0.31224740 1.39794948 -0.00236473
v -0.30874857 1.34868360 0.01145034
v -0.31052464 1.34303375 -0.00087155
v -0.28603871 1.33922995 0.00073966
v -0.28430520 1.34576402 0.01174603
v -0.32362498 1.33080449 -0.05062315
v -0.29808837 1.32586347 -0.04648856
v -0.24792522 1.35844801 0.02215289
v -0.26551104 1.35786919 0.01983073
v -0.14571965 1.28555615 0.02931688
v -0.16555999 1.25943578 -0.00300860
v -0.17251318 1.26605093 -0.00508250
v -0.10311243 1.23871027 0.06436656
v -0.10813943 1.25148257 0.06867520
v -0.14170396 1.22903264 0.02214277
v -0.14555938 1.24419997 0.01551777
v -0.11142893 1.24318478 0.06023781
v -0.11312024 1.25176396 0.06436270
v -0.07062021 1.17140065 0.07679749
v -0.02500716 1.40399487 0.05496272
v -0.28518022 1.37422599 0.02027596
v -0.28382688 1.35832613 0.02009114
v -0.27159697 1.33529836 -0.05742515
v -0.25442679 1.33093925 -0.05296202
v -0.25643103 1.32375313 -0.04661273
v -0.27450367 1.32837222 -0.05102016
v -0.14885800 1.26740080 -0.08741121
v -0.13081567 1.25651115 -0.09145899
v -0.14262729 1.24367302 -0.08017107
v -0.15800739 1.25560169 -0.07699280
v -0.25193902 1.40142666 -0.05388032
v -0.25730963 1.40877377 -0.04561980
v -0.24001628 1.41305953 -0.04616262
v -0.23676940 1.40311828 -0.05556403
v -0.24435882 1.42244988 -0.03280258
v -0.26326404 1.41483872 -0.03325570
v -0.26819600 1.41552215 -0.01578038
v -0.24891364 1.42517110 -0.01329973
v -0.15402239 0.89711964 -0.04601599
v -0.16380123 0.89722934 -0.02227193
v -0.10494128 1.00442945 0.04934474
v -0.09052566 0.99712714 0.05799610
v -0.08148896 0.92006845 0.06208543
v -0.02851707 0.80648318 0.05075504
v -0.01476042 0.80102714 0.03369698
v -0.00784000 0.72888824 -0.01797716
v -0.16991940 0.89282033 0.00111827
v -0.01427103 0.69882959 -0.02480817
v -0.02281923 0.66695718 -0.03188341
v -0.06574702 0.66664928 -0.07957532
v -0.09017325 0.66315835 -0.08245810
v -0.08738823 0.69251542 -0.08252025
v -0.05943827 0.69810681 -0.08011809
v -0.11434113 0.65896098 -0.07615646
v -0.11403295 0.68729904 -0.07683195
v -0.10188588 0.56977110 0.05095626
v -0.09934562 0.35068732 -0.11331671
v -0.11962745 0.31373908 -0.10802468
v -0.12090218 0.35081711 -0.11195663
v -0.10049394 0.31412493 -0.10973123
v -0.13987689 0.34896768 -0.09944253
v -0.13935823 0.38273187 -0.09719568
v -0.14702660 0.29941841 -0.02677058
v -0.10049418 0.27654753 -0.10382739
v -0.11775136 0.27487415 -0.10260416
v -0.13744583 0.31189453 -0.09746040
v -0.13312767 0.27308165 -0.09373964
v -0.00544031 0.78420088 0.00985521
v -0.15455932 0.79664262 0.05643169
v -0.15089951 0.82892602 0.05779416
v -0.09471963 0.84432039 0.07387094
v -0.06956587 0.83207317 0.07162770
v -0.07556192 1.08071604 0.06414618
v -0.09316311 1.08163055 0.05722865
v -0.09966362 1.12640172 0.06075820
v -0.11440736 1.12823535 0.05001108
v -0.11110196 1.10603826 0.04731890
v -0.09622767 1.10321939 0.05845412
v -0.13609533 1.13198487 0.02042640
v -0.13874428 1.13363138 -0.00073737
v -0.13256367 1.11350878 -0.00051024
v -0.13036600 1.11176690 0.01831868
v -0.12744457 1.09461189 -0.00027230
v -0.12296239 1.09584808 -0.01796466
v -0.08029681 1.13107246 -0.07509359
v -0.09703421 1.12708719 -0.06536769
v -0.10252889 1.14898858 -0.06753075
v -0.08541092 1.15454764 -0.07689485
v -0.02686840 0.86323785 0.08260852
v -0.00744343 0.80098544 0.02113602
v -0.07089411 0.75653584 0.07304105
v -0.09959705 0.78427793 0.08413195
v -0.13091588 0.78635104 0.07786308
v -0.25570056 1.32245981 -0.01385568
v -0.18046876 1.29746668 -0.06812285
v -0.18360983 1.28350401 -0.06271839
v -0.28388030 1.40880109 -0.03659350
v -0.28893937 1.40774718 -0.01886850
v -0.26345687 1.34244598 0.01476482
v -0.23622250 1.40803724 0.02718901
v -0.23528350 1.38435547 0.03110798
v -0.22345843 1.39090430 0.03893878
v -0.11025064 0.91207182 0.05949837
v -0.14025475 0.89724304 0.05177918
v -0.11734367 0.88730209 0.06220986
v -0.00222377 0.82187194 -0.03999823
v -0.04812829 0.81767122 0.06415117
v -0.02973622 0.63651960 -0.03630479
v -0.03455102 0.60699810 -0.04025339
v -0.03743313 0.57861105 -0.04436029
v -0.04000511 0.55041010 -0.04846753
v -0.04263763 0.52176871 -0.05317129
v -0.04794519 0.49236199 -0.05731553
v -0.05577520 0.46236898 -0.05920214
v -0.05964151 0.43467421 -0.06431285
v -0.04713768 0.37314438 -0.06451046
v -0.05113963 0.37592498 -0.08079070
v -0.05500254 0.40669774 -0.07446679
v -0.04980078 0.34313912 -0.08515686
v -0.05296095 0.30962621 -0.08499584
v -0.06292522 0.27436876 -0.08115226
v -0.06823213 0.23713149 -0.07945535
v -0.07080812 0.19955806 -0.07934093
v -0.00239716 0.82395992 -0.01902747
v -0.00232176 0.82310547 -0.02776401
v -0.11510910 1.40008923 0.03573009
v -0.17160094 1.28029300 0.00347888
v -0.18562650 1.28524853 0.00210098
v -0.24542915 1.34106223 0.01742713
v -0.32364380 1.38579620 -0.06184241
v -0.31886717 1.39696297 -0.05524161
v -0.26373449 1.33453390 0.00349559
v -0.19697265 1.30859920 0.01251096
v -0.21128699 1.31860317 0.00877413
v -0.58604145 1.40862674 -0.01434701
v -0.58417975 1.41122448 -0.02867236
v -0.60626651 1.40759122 -0.02683026
v -0.60724502 1.40391373 -0.01379717
v -0.58648725 1.39986966 -0.00319254
v -0.60729530 1.39509888 -0.00491242
v -0.58393874 1.33937635 -0.02125131
v -0.58302133 1.34846543 -0.00986926
v -0.60502522 1.34911245 -0.01469200
v -0.60602907 1.34163514 -0.02647778
v -0.62701537 1.38074409 -0.00359510
v -0.62602183 1.36984578 -0.00592850
v -0.60508789 1.37145487 -0.00163053
v -0.60644347 1.38395173 -0.00077842
v -0.58401390 1.34208912 -0.05193647
v -0.58254006 1.35237566 -0.06256482
v -0.56100310 1.34871087 -0.05996612
v -0.56259596 1.33846040 -0.04809347
v -0.49295615 1.34340380 0.00096612
v -0.49533949 1.33255436 -0.00949473
v -0.47701457 1.33522030 -0.00468885
v -0.47461119 1.34608962 0.00553173
v -0.54204986 1.41717921 -0.01439855
v -0.53923853 1.41676561 -0.03025654
v -0.56193156 1.41447063 -0.02960940
v -0.56421223 1.41331388 -0.01422770
v -0.53981658 1.38031270 0.00820647
v -0.53792987 1.36470538 0.00344797
v -0.51415286 1.36813397 0.00542371
v -0.51590498 1.38398012 0.00956868
v -0.51864219 1.41970103 -0.01542012
v -0.51614548 1.41694376 -0.03084014
v -0.58411149 1.37408233 0.00263481
v -0.58275662 1.36058582 -0.00250553
v -0.56088309 1.36213311 0.00122357
v -0.56260283 1.37715323 0.00601336
v -0.62688805 1.35046070 -0.05587526
v -0.62566055 1.35966303 -0.06439911
v -0.60418672 1.35618188 -0.06383317
v -0.60546022 1.34622568 -0.05447224
v -0.62606244 1.35945062 -0.01113292
v -0.62680263 1.35023333 -0.01881809
v -0.60438615 1.35997668 -0.00707592
v -0.62702671 1.40247577 -0.04996391
v -0.62744853 1.40533374 -0.03778883
v -0.60511556 1.40785005 -0.04026077
v -0.60415655 1.40330647 -0.05299291
v -0.53842081 1.33816969 -0.00975490
v -0.53741241 1.34982735 -0.00094688
v -0.56062710 1.34856662 -0.00497516
v -0.56151258 1.33825859 -0.01564824
v -0.54293843 1.40945464 -0.00005557
v -0.56505204 1.40474207 -0.00153045
v -0.58118067 1.40321769 -0.05508082
v -0.58246274 1.40987683 -0.04234989
v -0.55938351 1.41033106 -0.04340663
v -0.55797409 1.40198465 -0.05637351
v -0.53485350 1.38739845 -0.06771876
v -0.53561746 1.37217017 -0.06904211
v -0.55769462 1.37611847 -0.06954794
v -0.55741955 1.39068398 -0.06659932
v -0.51467682 1.33987776 -0.00441320
v -0.51697149 1.33107578 -0.01672449
v -0.54080013 1.33542407 -0.04214596
v -0.53944706 1.34457508 -0.05617130
v -0.51798390 1.34026551 -0.05065017
v -0.51886890 1.33170679 -0.03405519
v -0.47489283 1.40509262 0.00874817
v -0.47528378 1.41618922 -0.00344340
v -0.49563288 1.41569008 -0.00115187
v -0.49429743 1.40324842 0.00928155
v -0.49511001 1.42014993 -0.01753289
v -0.47436859 1.41869993 -0.02057017
v -0.44376085 1.40481342 -0.03924124
v -0.44328988 1.39454874 -0.04773993
v -0.45502195 1.39599207 -0.04487280
v -0.45681296 1.40796986 -0.03729109
v -0.49303881 1.37629704 -0.07028639
v -0.49345234 1.36012125 -0.06575628
v -0.51413638 1.36678865 -0.06801459
v -0.51329788 1.38279707 -0.06965480
v -0.47823407 1.34118110 -0.05076287
v -0.48110328 1.33222978 -0.03699256
v -0.49819535 1.33527199 -0.04367488
v -0.49567890 1.34667461 -0.05594669
v -0.41681928 1.33942827 -0.03076991
v -0.41467215 1.33864354 -0.02049078
v -0.43391554 1.33684274 -0.02167504
v -0.43522862 1.33859667 -0.03335269
v -0.42689361 1.34373747 0.00193791
v -0.40833006 1.34377887 0.00257854
v -0.40738612 1.35121067 0.01387317
v -0.42557431 1.35184736 0.01226132
v -0.41417041 1.40432397 0.00120170
v -0.41539134 1.40988883 -0.01605719
v -0.42980407 1.41221357 -0.01340739
v -0.42962393 1.40560024 0.00211640
v -0.47603516 1.36985700 -0.06861127
v -0.47398220 1.35290772 -0.06334699
v -0.44365765 1.34183384 0.00061330
v -0.44185897 1.35077740 0.01015818
v -0.45765561 1.34840706 0.00772967
v -0.45999692 1.33822472 -0.00157735
v -0.44058183 1.37657814 0.01429710
v -0.44248029 1.39120415 0.01080788
v -0.45747861 1.39091110 0.01149752
v -0.45660098 1.37508278 0.01169188
v -0.44292181 1.40635910 0.00427191
v -0.44296937 1.41453574 -0.01052812
v -0.45826040 1.41582297 -0.00648771
v -0.45824265 1.40613376 0.00710903
v -0.46480395 1.36726516 -0.06626470
v -0.46328939 1.37974225 -0.06176289
v -0.45420709 1.37602216 -0.06090477
v -0.45573670 1.36400609 -0.06346111
v -0.46416494 1.33756961 -0.04431812
v -0.46592565 1.33128289 -0.03096087
v -0.47357768 1.37221096 0.00902520
v -0.47377690 1.35861355 0.00996088
v -0.45708109 1.36068759 0.01337261
v -0.45805288 1.41632877 -0.02374913
v -0.41872269 1.34253059 -0.04071914
v -0.41953710 1.34836044 -0.04936727
v -0.40122396 1.34662275 -0.04846393
v -0.40013747 1.33997325 -0.04018413
v -0.39804298 1.33655462 -0.03087977
v -0.39501590 1.33661479 -0.02047880
v -0.38801974 1.34367029 0.00277491
v -0.38665423 1.35065221 0.01488528
v -0.38598988 1.36178005 0.02273788
v -0.38598352 1.37637848 0.02353287
v -0.40784890 1.37672051 0.02146714
v -0.40742571 1.36272906 0.02097897
v -0.39025451 1.40338827 0.00176468
v -0.39262291 1.40814766 -0.01626318
v -0.41703268 1.40610700 -0.03083143
v -0.39623770 1.40456906 -0.03221178
v -0.44736961 1.33488910 -0.01134850
v -0.43044226 1.33842472 -0.00972899
v -0.58021267 1.39314031 -0.06633573
v -0.58009394 1.37908308 -0.06980166
v -0.60256817 1.38157264 -0.06894234
v -0.60299197 1.39431598 -0.06402543
v -0.62482719 1.37110215 -0.06796459
v -0.60283503 1.36826251 -0.06877178
v -0.58567871 1.38801493 0.00270471
v -0.56442666 1.39175354 0.00515182
v -0.62781401 1.39138539 -0.00593003
v -0.47413034 1.38833050 0.01144504
v -0.49263080 1.38681846 0.01061728
v -0.44369156 1.38534008 -0.05695889
v -0.43224812 1.39277988 -0.04987458
v -0.43306747 1.38363146 -0.05833798
v -0.47483878 1.38559658 -0.06130329
v -0.49241478 1.39138586 -0.05936491
v -0.49186783 1.40207749 -0.04373801
v -0.47022690 1.39634885 -0.04598833
v -0.44648045 1.36140390 -0.05977846
v -0.44501169 1.37354220 -0.06027796
v -0.43385725 1.37164947 -0.05994529
v -0.43459407 1.35966768 -0.05730337
v -0.41154420 1.39170757 0.01436271
v -0.42819888 1.39128262 0.01174752
v -0.40157714 1.39019662 -0.05472208
v -0.41875575 1.39132055 -0.05179547
v -0.41843380 1.39836968 -0.04131815
v -0.40055270 1.39762415 -0.04483774
v -0.43170806 1.40093549 -0.03990936
v -0.40175560 1.37908446 -0.05959670
v -0.41919252 1.38170012 -0.05885013
v -0.38754721 1.39194196 0.01669095
v -0.41932536 1.35812476 -0.05581689
v -0.41950548 1.36976879 -0.05968157
v -0.40142769 1.36717106 -0.06004312
v -0.40108720 1.35566380 -0.05530115
v -0.58096499 1.36517318 -0.06843516
v -0.55903567 1.36192276 -0.06674632
v -0.48040232 1.32866446 -0.02008743
v -0.49816576 1.32835999 -0.02613851
v -0.46351214 1.33085640 -0.01496223
v -0.58463672 1.33689495 -0.03694790
v -0.60636118 1.34065134 -0.04117027
v -0.54020369 1.33155370 -0.02426492
v -0.56283862 1.33393565 -0.03112542
v -0.53555182 1.40001439 -0.05678253
v -0.44926651 1.34220619 -0.04919646
v -0.45056561 1.33622089 -0.03875249
v -0.46115849 1.34444837 -0.05617247
v -0.39046583 1.33900735 -0.00882739
v -0.41123094 1.33966182 -0.00964587
v -0.46479174 1.35670328 -0.06626282
v -0.36384095 1.33789930 -0.00947339
v -0.47235415 1.41090632 -0.03572736
v -0.44344327 1.41265165 -0.02658209
v -0.43094503 1.40919064 -0.02871516
v -0.62783441 1.40457345 -0.02465699
v -0.54207723 1.39588951 0.00747207
v -0.49153803 1.37112299 0.00680074
v -0.49179383 1.35654846 0.00510306
v -0.44758335 1.34975358 -0.05726107
v -0.43524957 1.34904005 -0.05218927
v -0.43550292 1.34254175 -0.04334542
v -0.42563162 1.37732322 0.01785368
v -0.42560865 1.36342960 0.01880438
v -0.62762368 1.34504564 -0.04373726
v -0.44121213 1.36248353 0.01611217
v -0.49319518 1.41473010 -0.03246082
v -0.01986084 1.35463491 -0.07776350
v -0.13744528 1.21451832 0.02932322
v -0.10151821 1.19099026 0.06616358
v -0.11620129 1.19385908 0.05635482
v -0.15461803 1.26772175 0.00629260
v -0.16153850 1.27558922 0.00443902
v -0.20320221 1.29690573 0.00017508
v -0.21723020 1.31038348 -0.00222668
v -0.13684944 1.25268439 0.02576961
v -0.07786467 1.61363091 0.00884087
v -0.07631546 1.60617309 0.00575643
v -0.07966550 1.62775565 0.00959827
v -0.00875106 1.04267481 0.08373477
v -0.07578316 1.59890961 0.01874449
v -0.07350791 1.59060694 0.01574439
v -0.07867567 1.59445068 0.01797322
v -0.07539876 1.60002271 0.02059994
v -0.07564729 1.60122488 0.02108288
v -0.08005944 1.63019241 0.01975799
v -0.07429525 1.59721362 0.00506475
v -0.07212852 1.58788901 0.00653042
v -0.07851994 1.61616463 0.02467915
v -0.04223437 1.02523272 -0.06159728
v -0.02456814 1.02244423 -0.06681023
v -0.02777564 1.00621337 -0.07198251
v -0.04632935 1.00976403 -0.06819712
v -0.03143721 0.99164944 -0.08121553
v -0.12559241 0.96685903 -0.06624876
v -0.13792832 0.97029479 -0.04506992
v -0.13028016 0.98956019 -0.03848711
v -0.11924456 0.98671343 -0.05886102
v -0.12855048 1.00368321 -0.01334337
v -0.12125309 1.00455071 -0.03252572
v -0.13751744 0.99000108 -0.01620520
v -0.14097795 0.98704824 0.00640711
v -0.13086073 1.00151978 0.00738756
v -0.14045098 0.97895403 0.02596571
v -0.13014941 0.99425744 0.02500703
v -0.13442931 0.96974030 0.04208526
v -0.12266138 0.95989828 0.05438501
v -0.10577585 0.93275147 0.05865101
v -0.08103663 0.94113740 0.06589166
v -0.10278474 0.94998395 0.06110033
v -0.04301673 0.92720608 0.07407432
v -0.06066473 0.93282733 0.06986474
v -0.01549680 0.92032559 0.08318133
v -0.02825375 0.92318692 0.07892101
v -0.11280845 1.38439764 0.05180023
v -0.08524875 1.43805323 -0.04524299
v -0.09312241 1.43451964 -0.04516910
v -0.10273854 1.44075920 -0.02536348
v -0.11623818 1.38595414 -0.08166089
v -0.11574819 1.40146748 -0.07157306
v -0.09580492 1.39274350 -0.07988308
v -0.09565666 1.37520173 -0.08625498
v -0.07503725 1.42784834 -0.05722847
v -0.07179647 1.43085325 -0.05625430
v -0.07945564 1.42318013 -0.05952263
v -0.04911287 1.40520725 -0.07169198
v -0.06482240 1.41415749 -0.06952835
v -0.14886300 1.43360704 -0.02218471
v -0.14833759 1.42375675 -0.04503257
v -0.16081216 1.42375302 -0.04025769
v -0.16376753 1.43569332 -0.01872758
v -0.15064827 1.38257424 -0.08058459
v -0.15140890 1.36670882 -0.08313931
v -0.16375477 1.37204617 -0.08095220
v -0.16246255 1.38658771 -0.07806623
v -0.20437204 1.43850140 -0.01166815
v -0.19892130 1.43046656 -0.03347305
v -0.21199509 1.43033132 -0.03284448
v -0.21755710 1.43602680 -0.01165903
v -0.16077353 1.39881114 -0.07052032
v -0.09726795 1.26197494 -0.10221849
v -0.11856794 1.27105395 -0.09947364
v -0.13704881 1.27975800 -0.09469932
v -0.17559916 1.31202005 -0.07252462
v -0.16644453 1.30132290 -0.07806843
v -0.17175766 1.28658890 -0.07396089
v -0.18411455 1.32222809 -0.06962970
v -0.19318175 1.32741186 -0.06633546
v -0.22001070 1.36474309 0.03590241
v -0.20894110 1.36663450 0.04552841
v -0.21139344 1.39596377 0.04475979
v -0.21458867 1.33501820 -0.05833923
v -0.20280994 1.32971931 -0.06024019
v -0.20606203 1.32169362 -0.05567789
v -0.21812883 1.32932794 -0.05420498
v -0.13429904 1.43248436 -0.02506598
v -0.20911168 1.41861538 -0.04903741
v -0.19622592 1.41811024 -0.04969831
v -0.19398769 1.40611043 -0.06176156
v -0.20702130 1.40663143 -0.05952671
v -0.20618559 1.39489098 -0.06822797
v -0.19399062 1.39400045 -0.07130297
v -0.19388223 1.38164824 -0.07596092
v -0.20604467 1.38278486 -0.07299782
v -0.21205151 1.34139289 -0.06286440
v -0.20014535 1.33810404 -0.06463895
v -0.23604530 1.42601915 0.01102436
v -0.18132076 1.43969757 0.01124803
v -0.18284170 1.42775146 0.03554050
v -0.16845813 1.42924991 0.03309372
v -0.16616196 1.43913439 0.00784528
v -0.24249593 1.31265982 -0.02038442
v -0.23771692 1.31603380 -0.00931137
v -0.24447897 1.31094172 -0.02934468
v -0.21411176 1.30296028 -0.04566364
v -0.24380079 1.31237528 -0.03675129
v -0.22964235 1.34083627 0.02058174
v -0.23278298 1.36116619 0.02671303
v -0.18369422 1.40512313 0.04924541
v -0.16988300 1.40897069 0.04885152
v -0.23232122 1.43195454 -0.01251330
v -0.22719756 1.42756744 -0.03331022
v -0.23083721 1.33925381 -0.05908367
v -0.23404663 1.33458197 -0.05599487
v -0.24842344 1.34028174 -0.05961947
v -0.20310048 1.29406310 -0.05057657
v -0.20941419 1.31328587 -0.05081633
v -0.17759617 1.43724011 -0.01587235
v -0.22347492 1.41633425 -0.04814547
v -0.22200339 1.40419582 -0.05812329
v -0.18355617 1.39210550 -0.07386465
v -0.18281133 1.40432235 -0.06448915
v -0.17235136 1.40241541 -0.06745871
v -0.17335493 1.38957757 -0.07603950
v -0.21974609 1.38424674 -0.07012091
v -0.22107304 1.37266449 -0.07119483
v -0.17399612 1.37427211 -0.07913712
v -0.18371530 1.37753797 -0.07778928
v -0.22819428 1.34571205 -0.06293107
v -0.15691191 1.41103531 0.04615309
v -0.15752855 1.38956782 0.05530665
v -0.14375415 1.38848439 0.05378638
v -0.18368919 1.37936007 0.05500518
v -0.17025579 1.38566386 0.05607897
v -0.19711117 1.37143776 0.05174908
v -0.12908619 1.38605857 0.05193858
v -0.45796570 1.35272175 -0.06259574
v -0.25236131 1.33648232 -0.05711313
v -0.26673329 1.34129504 -0.06038599
v -0.26166722 1.34606192 -0.06229100
v -0.32227937 1.37091262 -0.06472713
v -0.00076332 1.53178326 0.14402332
v -0.00045402 1.53834725 0.14744835
v 0.00058232 1.56094190 0.15008577
v 0.00067695 1.56512175 0.14905083
v -0.45342150 1.38674312 -0.05499247
v -0.46166967 1.38819970 -0.05441122
v -0.51340799 1.39650439 -0.05751004
v -0.53676301 1.40965140 -0.04348243
v -0.51424439 1.40691197 -0.04313530
v -0.51942643 1.41385858 0.00006758
v -0.51804095 1.40005803 0.00879148
v -0.51370352 1.35296438 0.00177353
v -0.51582114 1.35261744 -0.06065633
v -0.67008659 1.39463128 -0.00857934
v -0.67036876 1.39849597 -0.01980414
v -0.69196794 1.39642189 -0.01744276
v -0.69138868 1.39106472 -0.00733603
v -0.71245193 1.38843517 -0.00497034
v -0.71116756 1.37856279 -0.00293276
v -0.69074556 1.38184160 -0.00379380
v -0.70962733 1.36966861 -0.00849456
v -0.68940520 1.37239699 -0.00789324
v -0.70833266 1.36260521 -0.01526553
v -0.70866758 1.35679730 -0.02134168
v -0.68905012 1.35770340 -0.01935027
v -0.68865363 1.36452635 -0.01331625
v -0.66932996 1.35255191 -0.02484057
v -0.68993618 1.35350599 -0.02736929
v -0.69016613 1.35334120 -0.03719108
v -0.66973642 1.35056240 -0.03543299
v -0.70877809 1.36365800 -0.05495092
v -0.70843586 1.37164933 -0.05834539
v -0.68926415 1.36974719 -0.06112084
v -0.68957189 1.36110974 -0.05639314
v -0.66929461 1.38768212 -0.06127199
v -0.66853775 1.37698039 -0.06388299
v -0.68961729 1.37981161 -0.06150808
v -0.69033993 1.38998074 -0.05991490
v -0.70928818 1.39250854 -0.06095767
v -0.71084398 1.39785261 -0.05208916
v -0.69135119 1.39624799 -0.05322865
v -0.62797870 1.40012935 -0.01310432
v -0.64901211 1.39707125 -0.01114250
v -0.64865374 1.38813846 -0.00521305
v -0.66813830 1.36632431 -0.01078165
v -0.64723387 1.36807907 -0.00850726
v -0.64780602 1.37814022 -0.00499386
v -0.66861576 1.37532342 -0.00624271
v -0.62753700 1.34465777 -0.03051405
v -0.64813052 1.35147427 -0.02205098
v -0.64877313 1.34795954 -0.03346155
v -0.66847870 1.35838020 -0.01685559
v -0.64731139 1.35923993 -0.01421163
v -0.66950865 1.35227858 -0.04697024
v -0.68987697 1.35603758 -0.04769368
v -0.67081487 1.39964326 -0.03187822
v -0.67100545 1.39918726 -0.04384005
v -0.69205797 1.39762458 -0.04183793
v -0.69203670 1.39759910 -0.02983606
v -0.64876942 1.34915373 -0.04561200
v -0.64925810 1.40098322 -0.04682175
v -0.64925884 1.40259811 -0.03474564
v -0.67041644 1.39561155 -0.05445567
v -0.64867366 1.39531505 -0.05721822
v -0.71226301 1.39776128 -0.02774753
v -0.71281526 1.39575525 -0.01477228
v -0.64921010 1.40192262 -0.02189911
v -0.66901381 1.35751689 -0.05679766
v -0.66859053 1.36641399 -0.06284475
v -0.64713691 1.36288565 -0.06392220
v -0.64801105 1.35411382 -0.05644994
v -0.62512212 1.38341785 -0.06700013
v -0.64683601 1.37400829 -0.06623410
v -0.64745360 1.38543002 -0.06417912
v -0.70844915 1.38173125 -0.06027754
v -0.62609420 1.39467076 -0.06044684
v -0.79954837 1.35427032 -0.01664266
v -0.78949141 1.35086567 -0.01509354
v -0.79472763 1.34871177 -0.00455981
v -0.80442434 1.35283715 -0.00661057
v -0.77306401 1.33967482 0.00329645
v -0.76370612 1.34386849 0.01137336
v -0.77369806 1.34477151 0.02079163
v -0.78165786 1.34086569 0.01367076
v -0.80806081 1.35431108 0.00262522
v -0.79882966 1.34926666 0.00455211
v -0.80675884 1.35876112 0.00921424
v -0.81594468 1.36638255 0.00576427
v -0.81634335 1.35933464 0.00156266
v -0.82457813 1.37033147 0.00383057
v -0.81002358 1.37774160 0.00330828
v -0.82289933 1.37961808 -0.00046629
v -0.80436050 1.38978025 -0.02337966
v -0.80153688 1.39042038 -0.03487066
v -0.81701327 1.38922773 -0.03520617
v -0.81946572 1.38799000 -0.02319040
v -0.80784609 1.38473368 -0.05556459
v -0.81362482 1.38742060 -0.04552437
v -0.79796352 1.38917443 -0.04429054
v -0.79349105 1.38682818 -0.05333133
v -0.79315960 1.35749822 -0.03214020
v -0.78245421 1.35554952 -0.03240940
v -0.78497518 1.35407752 -0.02534523
v -0.79512337 1.35659429 -0.02578194
v -0.80256788 1.36142941 0.02070353
v -0.79905993 1.36989706 0.01268930
v -0.80539342 1.36635046 0.01101105
v -0.80457866 1.35797355 0.01896369
v -0.75553862 1.34775851 -0.04552978
v -0.74304994 1.35100972 -0.04323689
v -0.74398712 1.35148710 -0.03398033
v -0.75522393 1.34890727 -0.03716611
v -0.74817612 1.34655414 -0.00580137
v -0.74306239 1.35072723 -0.01390486
v -0.73716601 1.36064763 -0.00386081
v -0.74415045 1.35894310 0.00247178
v -0.75488047 1.34432690 0.00238574
v -0.75089483 1.35683597 0.00901352
v -0.76015430 1.35511047 0.01633696
v -0.77109819 1.35381544 0.02487901
v -0.74164469 1.35452099 -0.05362037
v -0.75048452 1.35145955 -0.05805266
v -0.87751566 1.36267584 -0.00308521
v -0.87816980 1.36099726 -0.00912476
v -0.87208670 1.36131413 -0.00830395
v -0.87144416 1.36305606 -0.00220149
v -0.74906272 1.37121796 -0.06738271
v -0.75101266 1.38079593 -0.06479361
v -0.74305422 1.38063275 -0.06435717
v -0.74159930 1.37063345 -0.06446585
v -0.75896978 1.37184029 -0.07067797
v -0.76129465 1.38150697 -0.06534883
v -0.88008041 1.37585197 -0.00178630
v -0.87880102 1.37138915 0.00109850
v -0.87260329 1.37263340 0.00111060
v -0.87366447 1.37711535 -0.00211875
v -0.81383081 1.35554540 -0.00694548
v -0.80940829 1.35632204 -0.01638000
v -0.83338053 1.35791651 -0.01075252
v -0.82110623 1.35734339 -0.01574225
v -0.82302592 1.35761461 -0.00552640
v -0.83203612 1.35958007 -0.00391615
v -0.81364993 1.35865556 -0.03700273
v -0.80254984 1.35852671 -0.03672279
v -0.80664087 1.35849152 -0.02875590
v -0.81808935 1.35844427 -0.02940828
v -0.79932724 1.35518165 -0.04968820
v -0.80990768 1.35614258 -0.05047050
v -0.80837758 1.35410866 -0.05757662
v -0.79906198 1.35311235 -0.05638680
v -0.83170325 1.35927439 -0.04560598
v -0.84177408 1.36215836 -0.04653742
v -0.84002473 1.36254727 -0.05238116
v -0.83033661 1.35892151 -0.05159057
v -0.73477962 1.38149466 -0.06378761
v -0.73346126 1.37124114 -0.06197599
v -0.79831597 1.37702483 -0.07353297
v -0.79359720 1.36896473 -0.07932738
v -0.80364827 1.36734904 -0.08337522
v -0.80834868 1.37566300 -0.07715031
v -0.75417888 1.38836242 -0.05777078
v -0.74558007 1.38901628 -0.05829794
v -0.88126888 1.37808541 -0.00740851
v -0.87483911 1.37951621 -0.00778997
v -0.76229514 1.36698768 0.01378631
v -0.77366038 1.36392763 0.02300234
v -0.75268219 1.36943984 0.00655624
v -0.74551068 1.37137753 0.00186014
v -0.73794260 1.37317832 -0.00059454
v -0.82677703 1.35798798 -0.02138886
v -0.80344637 1.35734482 -0.02416442
v -0.79139879 1.35715174 -0.03700048
v -0.78656265 1.34928267 -0.06846237
v -0.77806240 1.34916909 -0.06794869
v -0.78190125 1.34862192 -0.05763257
v -0.78931665 1.34983465 -0.06065932
v -0.79201050 1.35897545 -0.08055286
v -0.79403550 1.35259957 -0.07602046
v -0.80325896 1.35281714 -0.07798314
v -0.80189209 1.35810233 -0.08345903
v -0.80003484 1.36420113 0.02472687
v -0.79228583 1.37028165 0.01666657
v -0.74879405 1.36051983 -0.06562180
v -0.74082042 1.36135974 -0.06111146
v -0.73312253 1.36318645 -0.05727433
v -0.76876737 1.35160010 -0.03554171
v -0.75530710 1.34896259 -0.03185384
v -0.75646519 1.34692705 -0.02542157
v -0.77035080 1.35100983 -0.03074606
v -0.77830351 1.34456247 -0.01292106
v -0.76532004 1.34060518 -0.00774568
v -0.78477877 1.34281175 -0.00194119
v -0.74375005 1.35105589 -0.02580302
v -0.73475711 1.35444446 -0.03236704
v -0.73468568 1.35431701 -0.02345039
v -0.73424141 1.35511675 -0.04187614
v -0.73370669 1.35799530 -0.05066929
v -0.72469810 1.35489844 -0.03129579
v -0.72440809 1.35588844 -0.02267072
v -0.72429390 1.35695065 -0.04079075
v -0.72391005 1.35943929 -0.04915470
v -0.72405575 1.39398933 -0.06024484
v -0.72280172 1.38297468 -0.06145259
v -0.73616723 1.39107040 -0.05917545
v -0.72615002 1.36548328 -0.00662162
v -0.73499876 1.35637057 -0.01405785
v -0.72490243 1.35956448 -0.01526756
v -0.72771699 1.37495517 -0.00180934
v -0.78754471 1.34248180 0.02116983
v -0.79347973 1.34293906 0.02739094
v -0.79915753 1.34511003 0.02192822
v -0.79462316 1.34537776 0.01561172
v -0.83319876 1.37243539 0.00201423
v -0.83254192 1.36487182 0.00123811
v -0.82422664 1.36265134 0.00148961
v -0.76461408 1.34720348 -0.05170002
v -0.75994924 1.35001974 -0.06302201
v -0.83620246 1.35872010 -0.01689026
v -0.86586995 1.37800515 -0.00234512
v -0.86494025 1.37316774 0.00110467
v -0.85156800 1.37324005 0.00107540
v -0.85295830 1.37901410 -0.00244599
v -0.84631057 1.36322943 -0.02089076
v -0.84356940 1.36038702 -0.01518378
v -0.85226719 1.36076326 -0.01474430
v -0.85487248 1.36484586 -0.01964473
v -0.83600795 1.36029335 -0.05909744
v -0.82803983 1.35746435 -0.05867150
v -0.83423477 1.38255404 -0.02367539
v -0.83293690 1.38475164 -0.01119265
v -0.82082579 1.38654988 -0.01049683
v -0.81139453 1.35772095 -0.04407659
v -0.82172041 1.35808182 -0.04489584
v -0.82038181 1.35713433 -0.05110888
v -0.83051467 1.35884455 -0.02433241
v -0.83742851 1.35990054 -0.02222847
v -0.83492370 1.36006041 -0.02860396
v -0.82659650 1.35876818 -0.02964530
v -0.78158170 1.37098922 -0.07640887
v -0.78000512 1.35780422 -0.07770365
v -0.87778348 1.36664330 0.00053573
v -0.87173789 1.36747579 0.00114805
v -0.72303412 1.37219430 -0.05831952
v -0.72350442 1.36431556 -0.05497126
v -0.80038890 1.35730414 -0.04309007
v -0.80658869 1.38656562 -0.01041495
v -0.78965373 1.35572377 -0.04221080
v -0.82611184 1.37573789 -0.06642032
v -0.82583187 1.36873281 -0.07110956
v -0.83359505 1.36886629 -0.06885740
v -0.83434756 1.37576224 -0.06715550
v -0.86696591 1.36665813 -0.01888503
v -0.86540758 1.36223788 -0.01421955
v -0.87334097 1.36302869 -0.01455647
v -0.87457211 1.36741733 -0.01868168
v -0.84108687 1.35976411 -0.00944664
v -0.83986580 1.36141757 -0.00340188
v -0.84961566 1.36219133 -0.00300026
v -0.85043069 1.35995412 -0.00876830
v -0.84052003 1.36655129 0.00052289
v -0.85033671 1.36723409 0.00068248
v -0.86820932 1.37340196 -0.01996461
v -0.86795762 1.37912654 -0.01555632
v -0.85523968 1.37943428 -0.01678241
v -0.85656163 1.37241048 -0.02068075
v -0.77955293 1.38881336 -0.05143992
v -0.77626483 1.38557135 -0.05985630
v -0.78978512 1.38332403 -0.06247914
v -0.80316611 1.38122214 -0.06539881
v -0.81552116 1.37697332 -0.06764458
v -0.82090405 1.38305643 -0.05764292
v -0.78599693 1.37929309 -0.06990497
v -0.84500646 1.37317466 -0.02633382
v -0.84464416 1.37834060 -0.01966072
v -0.84371632 1.37933424 -0.02788634
v -0.78795074 1.35293923 -0.04982353
v -0.86407753 1.36765968 0.00124358
v -0.75094127 1.39020320 -0.01179271
v -0.75146792 1.39535443 -0.02405276
v -0.76236797 1.39434231 -0.02509156
v -0.76032224 1.38827884 -0.01061574
v -0.86402075 1.36095024 -0.00812706
v -0.86373538 1.36263384 -0.00217183
v -0.82722554 1.35739422 -0.06580439
v -0.83424902 1.36044094 -0.06494958
v -0.83429424 1.36264369 -0.06930230
v -0.82854614 1.36040194 -0.07165521
v -0.77319505 1.38129907 -0.06712636
v -0.81155117 1.36556670 -0.08623026
v -0.81500148 1.37443559 -0.08070827
v -0.76400107 1.38755323 -0.05837694
v -0.76694878 1.39123418 -0.04973797
v -0.75683255 1.39312235 -0.04838922
v -0.82971544 1.38303079 -0.04635540
v -0.78319096 1.39082848 -0.04314374
v -0.76994719 1.39276515 -0.04135195
v -0.75884822 1.39457999 -0.03863098
v -0.74956062 1.39602764 -0.03736482
v -0.74774944 1.39439040 -0.04815169
v -0.86703358 1.38062561 -0.00841209
v -0.87563069 1.37831702 -0.01468107
v -0.73747443 1.39585131 -0.04859441
v -0.72522901 1.39793656 -0.05053292
v -0.72699956 1.39848507 -0.03858586
v -0.73964484 1.39734836 -0.03701356
v -0.77278368 1.39301949 -0.03208547
v -0.77494008 1.39229872 -0.02223312
v -0.78636141 1.39157733 -0.03418355
v -0.78952558 1.39091234 -0.02331893
v -0.83109000 1.38707494 -0.03528955
v -0.89101755 1.37237564 -0.01747513
v -0.88223724 1.37289652 -0.01816547
v -0.88129806 1.36749054 -0.01888734
v -0.89031568 1.36774810 -0.01865982
v -0.87553134 1.37333001 -0.01891830
v -0.88211583 1.37725496 -0.01398557
v -0.79174420 1.38703085 -0.01001346
v -0.84334956 1.36303294 -0.02785665
v -0.77488311 1.38524843 -0.00672683
v -0.79620095 1.38072765 0.00378976
v -0.78454245 1.37850082 0.00725448
v -0.75624858 1.38038582 0.00081982
v -0.76621923 1.37703426 0.00664731
v -0.74013762 1.38362980 -0.00407357
v -0.74812735 1.38220816 -0.00250177
v -0.72925763 1.38539239 -0.00439487
v -0.77752715 1.37253973 0.01607559
v -0.88560384 1.36154425 -0.00432207
v -0.88635467 1.36052558 -0.01054137
v -0.74180493 1.39175848 -0.01228000
v -0.72993707 1.39411529 -0.01247193
v -0.79074522 1.34368744 0.00781190
v -0.77748669 1.35104205 -0.04674139
v -0.77921952 1.35378665 -0.04109536
v -0.76959860 1.34931376 -0.06629316
v -0.77411257 1.34755485 -0.05492629
v -0.72898243 1.39862663 -0.02559992
v -0.70973876 1.35423998 -0.02911951
v -0.70970034 1.35596672 -0.03875036
v -0.71165332 1.39803584 -0.04021373
v -0.88625270 1.36516843 -0.00031101
v -0.84526224 1.36870968 -0.04865102
v -0.84382469 1.36967906 -0.05136971
v -0.78128477 1.34515849 0.02758184
v -0.78950375 1.34552785 0.03270099
v -0.79201151 1.35823606 0.03528850
v -0.78943210 1.35125625 0.03575023
v -0.77993892 1.35252283 0.03157934
v -0.78273568 1.36113276 0.03035332
v -0.76786124 1.35073825 -0.03945221
v -0.76715988 1.34904524 -0.04477128
v -0.76980370 1.37199167 -0.07373500
v -0.76844334 1.35948852 -0.07474720
v -0.84151782 1.37337265 0.00109596
v -0.83334007 1.37989205 -0.00228875
v -0.84231006 1.37937991 -0.00301872
v -0.85382928 1.38172032 -0.00931266
v -0.84657527 1.36854922 -0.02589957
v -0.84856741 1.37061551 -0.02197254
v -0.75998739 1.34364825 -0.01751943
v -0.77348228 1.34834966 -0.02314813
v -0.80060675 1.35082828 0.01181614
v -0.80339619 1.35186554 0.01788731
v -0.82331951 1.35863337 -0.03731593
v -0.84258921 1.38186079 -0.04395923
v -0.84224759 1.38503165 -0.03534295
v -0.83244320 1.35961916 -0.03722483
v -0.88892154 1.37410443 -0.00198935
v -0.88759342 1.36952771 0.00065487
v -0.84298426 1.38269715 -0.01062298
v -0.81839005 1.35534646 -0.05846887
v -0.83762251 1.37849747 -0.05135284
v -0.84456589 1.37596710 -0.04773762
v -0.80901019 1.35813870 -0.08458316
v -0.74150432 1.39678443 -0.02432454
v -0.87959993 1.36265108 -0.01554381
v -0.88799327 1.36243099 -0.01651334
v -0.89058404 1.37560320 -0.01367019
v -0.88967153 1.37644060 -0.00758027
v -0.75812754 1.36007439 -0.07067035
v -0.78078458 1.35530800 -0.03679950
v -0.70943749 1.35912538 -0.04795606
v -0.78676019 1.36813483 0.02453136
v -0.79612264 1.36358588 0.03088649
v -0.84097808 1.36136727 -0.03735974
v -0.82033987 1.37328510 -0.07424495
v -0.83015266 1.38187670 -0.05951885
v -0.83745601 1.38145557 -0.06123487
v -0.84200949 1.37979966 -0.05457878
v -0.84519885 1.37486416 -0.05286033
v -0.89754977 1.37489056 -0.01371943
v -0.89692457 1.37565440 -0.00771326
v -0.89649835 1.37325437 -0.00213142
v -0.89466887 1.36868147 0.00014084
v -0.89262854 1.36460212 -0.00116460
v -0.89781376 1.37189365 -0.01730438
v -0.89671387 1.36747575 -0.01841422
v -0.89410151 1.36246617 -0.01641246
v -0.90354556 1.37103097 -0.01750971
v -0.90461952 1.37394638 -0.01381569
v -0.91000580 1.37000828 -0.00189932
v -0.90431672 1.37242078 -0.00252539
v -0.90772064 1.37285536 -0.00488384
v -0.91147368 1.37201704 -0.00451868
v -0.91596970 1.37108309 -0.00506114
v -0.91482416 1.36842939 -0.00299065
v -0.90705777 1.37406899 -0.00814290
v -0.91148938 1.37347241 -0.00861799
v -0.91132138 1.37292769 -0.01285752
v -0.91575142 1.37228575 -0.01340829
v -0.91623290 1.37285241 -0.00922032
v -0.90758536 1.37369368 -0.01171342
v -0.90316811 1.37488633 -0.00788297
v -0.91891700 1.36790971 -0.00545387
v -0.91911873 1.37053527 -0.00604950
v -0.92037759 1.37174535 -0.00951556
v -0.92138812 1.36880411 -0.01000677
v -0.90092823 1.36796700 -0.00044505
v -0.90781879 1.36655580 -0.00148465
v -0.91354235 1.36534126 -0.00337240
v -0.91803224 1.36492037 -0.00622885
v -0.90670889 1.36317724 -0.00333391
v -0.91264605 1.36276329 -0.00560564
v -0.91638626 1.36274141 -0.00814116
v -0.90661587 1.36079257 -0.00707603
v -0.91236401 1.36111913 -0.00865274
v -0.89779460 1.36115103 -0.00561765
v -0.89860480 1.36398786 -0.00179044
v -0.91517385 1.36178069 -0.00971263
v -0.92007328 1.36572156 -0.01093525
v -0.91025052 1.37189626 -0.01585252
v -0.91550532 1.37073875 -0.01606109
v -0.90954804 1.36958766 -0.01790044
v -0.91496786 1.36828349 -0.01755371
v -0.91993827 1.36989219 -0.01469932
v -0.91957898 1.37197175 -0.01312965
v -0.89142250 1.36123824 -0.00517237
v -0.89228061 1.36065232 -0.01126839
v -0.89832131 1.36033002 -0.01157402
v -0.90667269 1.35973876 -0.01254325
v -0.89973592 1.36243228 -0.01647048
v -0.90232642 1.36693461 -0.01846419
v -0.90860157 1.36634149 -0.01835154
v -0.90735827 1.36239871 -0.01696226
v -0.91398224 1.36538358 -0.01758947
v -0.91316730 1.36265143 -0.01614365
v -0.91287970 1.36107021 -0.01260013
v -0.91743071 1.36453690 -0.01557175
v -0.91909151 1.36711096 -0.01550252
v -0.91823794 1.36366841 -0.01178313
v -0.91590937 1.36302945 -0.01490282
v -0.91595628 1.36232868 -0.01227220
v -0.88513358 1.36612131 -0.03747414
v -0.88467864 1.36489796 -0.04330120
v -0.87678991 1.36541431 -0.04166082
v -0.87737841 1.36662328 -0.03595846
v -0.88581975 1.37912493 -0.03370435
v -0.88588515 1.37335282 -0.03158143
v -0.87859958 1.37466423 -0.03046523
v -0.87855175 1.38036142 -0.03290301
v -0.88501368 1.38179939 -0.04012104
v -0.87777416 1.38304494 -0.03957338
v -0.86992100 1.38102524 -0.03161002
v -0.86996209 1.37506912 -0.02934906
v -0.85513001 1.37385313 -0.02834336
v -0.85511337 1.38018758 -0.02961780
v -0.85217722 1.36413731 -0.04493864
v -0.85367515 1.36886216 -0.04835956
v -0.88571536 1.36878730 -0.03335794
v -0.87816935 1.36973129 -0.03206907
v -0.86814263 1.37002116 -0.04937475
v -0.86770506 1.36584620 -0.04583010
v -0.87684835 1.36661361 -0.04697224
v -0.87719740 1.37031814 -0.05058309
v -0.85284569 1.36468893 -0.03194828
v -0.85184786 1.36299626 -0.03839588
v -0.85437614 1.36881198 -0.02918145
v -0.86864376 1.37591016 -0.05033514
v -0.86901491 1.38146869 -0.04658126
v -0.85446625 1.38203029 -0.04462108
v -0.85469348 1.37592215 -0.04869560
v -0.86923397 1.36979557 -0.03083721
v -0.86739550 1.36457867 -0.04021140
v -0.86822948 1.36595164 -0.03443198
v -0.86912744 1.38366166 -0.03859063
v -0.87757109 1.38053174 -0.04740817
v -0.89494142 1.37486153 -0.05174934
v -0.88505945 1.37518328 -0.05139857
v -0.88483074 1.37010581 -0.05195203
v -0.89513515 1.37015074 -0.05289030
v -0.87755244 1.37544402 -0.05091963
v -0.88491077 1.37980100 -0.04755715
v -0.89591140 1.36515955 -0.03953780
v -0.89559922 1.36440501 -0.04544669
v -0.89629653 1.36757711 -0.03533396
v -0.85455686 1.38464124 -0.03659492
v -0.89592290 1.37744610 -0.03509187
v -0.89625275 1.37174668 -0.03355773
v -0.88463895 1.36613850 -0.04867343
v -0.89507158 1.36586297 -0.05052996
v -0.89472458 1.37890839 -0.04798139
v -0.89476599 1.38043745 -0.04104171
v -0.90286773 1.37778825 -0.04868092
v -0.90322148 1.37913758 -0.04232572
v -0.90426057 1.37650495 -0.03657673
v -0.90369705 1.37103799 -0.03515942
v -0.90296360 1.36731204 -0.03699536
v -0.90276599 1.37444499 -0.05220232
v -0.90236020 1.37035362 -0.05328580
v -0.90161926 1.36614821 -0.05129067
v -0.91023831 1.37386488 -0.05318780
v -0.91147014 1.37704090 -0.05003317
v -0.92497936 1.37283726 -0.04047379
v -0.91920358 1.37400992 -0.03870257
v -0.91981689 1.37593154 -0.04158241
v -0.92517319 1.37565747 -0.04232511
v -0.91274679 1.37598448 -0.03843181
v -0.91595983 1.37677435 -0.04151220
v -0.91529117 1.37770578 -0.04483962
v -0.91977110 1.37768687 -0.04576422
v -0.91900736 1.37672777 -0.04983524
v -0.92432416 1.37676351 -0.05101134
v -0.92536564 1.37792994 -0.04666475
v -0.91511028 1.37715902 -0.04846260
v -0.92910465 1.37544037 -0.04374122
v -0.92936442 1.37279381 -0.04375614
v -0.91069912 1.37847087 -0.04384036
v -0.91046839 1.37096222 -0.03643037
v -0.91771621 1.37011909 -0.03802042
v -0.92404646 1.36935751 -0.04093659
v -0.92854571 1.36949604 -0.04480821
v -0.91669854 1.36652745 -0.04023324
v -0.92317725 1.36654627 -0.04299135
v -0.92700001 1.36729200 -0.04627318
v -0.91601574 1.36415250 -0.04418906
v -0.92266479 1.36492552 -0.04616430
v -0.90756058 1.36475548 -0.04224407
v -0.90876604 1.36713162 -0.03817490
v -0.92568236 1.36615900 -0.04754874
v -0.93138542 1.37428055 -0.04843920
v -0.93042842 1.37099904 -0.04926816
v -0.93058541 1.37753808 -0.04739197
v -0.91797485 1.37506084 -0.05202970
v -0.92375677 1.37464624 -0.05307203
v -0.91726757 1.37323174 -0.05423346
v -0.92353525 1.37278154 -0.05479645
v -0.92893692 1.37485327 -0.05258246
v -0.92857270 1.37694226 -0.05118348
v -0.90219421 1.36508663 -0.04098512
v -0.90172509 1.36456285 -0.04640224
v -0.90698884 1.36392646 -0.04762978
v -0.91556548 1.36351410 -0.04952686
v -0.90703133 1.36591451 -0.05219457
v -0.90884612 1.37013969 -0.05408481
v -0.91624647 1.36992078 -0.05498482
v -0.91538749 1.36598788 -0.05361894
v -0.92260871 1.36982657 -0.05500769
v -0.92180541 1.36657825 -0.05385860
v -0.92192558 1.36456474 -0.05043978
v -0.92689961 1.36941452 -0.05356806
v -0.92846397 1.37220711 -0.05356401
v -0.92819821 1.36823384 -0.04996310
v -0.92526718 1.36725353 -0.05303036
v -0.92573041 1.36636963 -0.05038590
v -0.87308667 1.36577042 -0.06430122
v -0.87123127 1.36281472 -0.06898223
v -0.86487770 1.36357486 -0.06707550
v -0.86695466 1.36629349 -0.06244693
v -0.87380735 1.37785578 -0.06443488
v -0.87459309 1.37459444 -0.06231814
v -0.86824050 1.37532847 -0.06003130
v -0.86682030 1.37925119 -0.06199314
v -0.87228473 1.37917581 -0.06952077
v -0.86464680 1.38040210 -0.06755422
v -0.85980424 1.37987379 -0.05975493
v -0.86164581 1.37529429 -0.05772798
v -0.85118773 1.37454381 -0.05511106
v -0.84943625 1.37996890 -0.05692277
v -0.87443065 1.37026364 -0.06238004
v -0.86825127 1.37071738 -0.06026688
v -0.85508949 1.36524637 -0.07285903
v -0.85574076 1.36278930 -0.06963041
v -0.86334609 1.36351494 -0.07177036
v -0.86270802 1.36592460 -0.07482977
v -0.84754981 1.36460215 -0.05694045
v -0.84471201 1.36205062 -0.06137664
v -0.85010660 1.36903363 -0.05524141
v -0.85510541 1.37079616 -0.07437584
v -0.85542987 1.37747110 -0.07209943
v -0.84393621 1.37666199 -0.06932117
v -0.84309312 1.36974551 -0.07075418
v -0.86164995 1.37017494 -0.05813449
v -0.85754577 1.36253494 -0.06477138
v -0.85996902 1.36547866 -0.06017457
v -0.85703237 1.38095883 -0.06569775
v -0.86296374 1.37707305 -0.07369329
v -0.88037843 1.37083624 -0.08012170
v -0.86961009 1.37091296 -0.07793179
v -0.86940677 1.36558524 -0.07726907
v -0.88009069 1.36605156 -0.08008338
v -0.86254215 1.37098591 -0.07629388
v -0.87066530 1.37638003 -0.07521657
v -0.88244234 1.36475090 -0.06747440
v -0.88090362 1.36223306 -0.07209833
v -0.88366892 1.36885807 -0.06551969
v -0.84635759 1.38136184 -0.06319055
v -0.84263590 1.36382220 -0.06976889
v -0.88392301 1.37601455 -0.06719004
v -0.88424122 1.37286379 -0.06528403
v -0.86971262 1.36270117 -0.07402644
v -0.87982443 1.36261948 -0.07711979
v -0.88119222 1.37549185 -0.07732404
v -0.88242447 1.37779857 -0.07181457
v -0.88841135 1.37498259 -0.07921448
v -0.88973006 1.37688976 -0.07371748
v -0.89138926 1.37529332 -0.06904138
v -0.89115098 1.37173626 -0.06732894
v -0.88994037 1.36795472 -0.06777561
v -0.88778143 1.37053997 -0.08179044
v -0.88722762 1.36644322 -0.08149389
v -0.88611470 1.36295590 -0.07862338
v -0.89313736 1.37012131 -0.08339141
v -0.89496203 1.37410540 -0.08080447
v -0.90973715 1.37209607 -0.07339518
v -0.90468603 1.37273358 -0.07164443
v -0.90463364 1.37375719 -0.07401458
v -0.90943408 1.37377825 -0.07525351
v -0.89838488 1.37460309 -0.07100995
v -0.90088603 1.37471589 -0.07347483
v -0.89934863 1.37554926 -0.07645668
v -0.90379213 1.37536012 -0.07777963
v -0.90173826 1.37352361 -0.08151611
v -0.90639510 1.37336294 -0.08291289
v -0.90856303 1.37507538 -0.07912125
v -0.89848810 1.37466200 -0.07983816
v -0.91246990 1.37361409 -0.07681156
v -0.91334940 1.37186825 -0.07617646
v -0.89552087 1.37612247 -0.07536289
v -0.89699602 1.37090692 -0.06872002
v -0.90346061 1.36973650 -0.07029800
v -0.90919612 1.36905344 -0.07271606
v -0.91247843 1.36870956 -0.07606091
v -0.90184595 1.36634360 -0.07111648
v -0.90754062 1.36593454 -0.07353735
v -0.91047022 1.36587997 -0.07644866
v -0.90002646 1.36346939 -0.07333291
v -0.90589032 1.36375447 -0.07554586
v -0.89330949 1.36417122 -0.07143528
v -0.89520161 1.36717234 -0.06928334
v -0.90857890 1.36444179 -0.07718067
v -0.91356593 1.37202788 -0.08070413
v -0.91271987 1.36855894 -0.08101994
v -0.91236223 1.37449654 -0.08018614
v -0.90015921 1.37201430 -0.08352776
v -0.90532529 1.37137176 -0.08465898
v -0.89894512 1.36905609 -0.08457750
v -0.90465656 1.36871736 -0.08540105
v -0.90996504 1.37157672 -0.08426556
v -0.90991737 1.37344787 -0.08311655
v -0.88825779 1.36456781 -0.06980159
v -0.88659670 1.36252482 -0.07382243
v -0.89164545 1.36233827 -0.07521284
v -0.89879072 1.36184598 -0.07736170
v -0.89100561 1.36284367 -0.07975832
v -0.89219188 1.36619126 -0.08255208
v -0.89820099 1.36581754 -0.08393837
v -0.89779414 1.36276259 -0.08157737
v -0.90396959 1.36585449 -0.08473267
v -0.90374736 1.36323287 -0.08282788
v -0.90473518 1.36245545 -0.07911329
v -0.90817938 1.36600051 -0.08392405
v -0.90928618 1.36874484 -0.08465289
v -0.91059786 1.36580595 -0.08056032
v -0.90696273 1.36411587 -0.08271536
v -0.90822480 1.36399687 -0.07995858
v -0.84288615 1.36198330 -0.06617484
v -0.84654242 1.35937261 -0.09095478
v -0.84425498 1.35693442 -0.09351818
v -0.83997806 1.35757214 -0.09065249
v -0.84208878 1.35989582 -0.08814744
v -0.84747731 1.37049026 -0.09305615
v -0.84879416 1.36732049 -0.09038406
v -0.84402801 1.36820701 -0.08706292
v -0.84251407 1.37186536 -0.08973243
v -0.84435406 1.37023721 -0.09770272
v -0.83919582 1.37162516 -0.09466003
v -0.83674197 1.37217806 -0.08565230
v -0.83861321 1.36824784 -0.08302516
v -0.83007263 1.36804866 -0.07722539
v -0.82731479 1.37274345 -0.07929290
v -0.81484015 1.35792031 -0.08570288
v -0.81632371 1.35538166 -0.08173624
v -0.82364410 1.35575768 -0.08559715
v -0.82123647 1.35750505 -0.08911325
v -0.84827173 1.36313865 -0.08995274
v -0.84372208 1.36372772 -0.08676980
v -0.83053611 1.35782119 -0.09416661
v -0.83285711 1.35625628 -0.09079730
v -0.83781926 1.35679228 -0.09394330
v -0.83590580 1.35811130 -0.09723814
v -0.81953033 1.35493146 -0.07767956
v -0.82337459 1.35650108 -0.07376703
v -0.82858481 1.35873264 -0.07868168
v -0.82635436 1.35623818 -0.08203203
v -0.83008500 1.36249624 -0.07750585
v -0.82940892 1.36184239 -0.09601506
v -0.83040870 1.36759250 -0.09497950
v -0.81987786 1.36761253 -0.08983833
v -0.82001668 1.36161452 -0.09072978
v -0.83851036 1.36355992 -0.08325718
v -0.83518847 1.35702046 -0.08729472
v -0.83725737 1.35971760 -0.08442033
v -0.83310576 1.37230667 -0.09071839
v -0.83645549 1.36728334 -0.09835077
v -0.84632710 1.36016191 -0.10577943
v -0.83987215 1.36123901 -0.10211846
v -0.84013998 1.35728361 -0.10048008
v -0.84625319 1.35665042 -0.10434947
v -0.83516446 1.36190405 -0.09917705
v -0.84146582 1.36619867 -0.10123704
v -0.85268338 1.35850621 -0.09452706
v -0.85002648 1.35602631 -0.09710714
v -0.85422344 1.36210258 -0.09374561
v -0.82300236 1.37380091 -0.08477667
v -0.85394642 1.36880760 -0.09675030
v -0.85498622 1.36576335 -0.09431482
v -0.84198260 1.35611236 -0.09695848
v -0.84772505 1.35529425 -0.10089171
v -0.84799779 1.36483021 -0.10480730
v -0.85081960 1.36860171 -0.10107395
v -0.85342680 1.36400256 -0.10790556
v -0.85614442 1.36781229 -0.10410016
v -0.85905392 1.36771626 -0.09951512
v -0.85960126 1.36487355 -0.09687895
v -0.85824510 1.36134568 -0.09629651
v -0.85162696 1.35932283 -0.10872922
v -0.85131041 1.35641729 -0.10685019
v -0.85213276 1.35538059 -0.10332956
v -0.85648772 1.35911688 -0.11069159
v -0.85894104 1.36357516 -0.11026584
v -0.87274878 1.36335769 -0.10528336
v -0.86909828 1.36453515 -0.10317676
v -0.86863733 1.36523599 -0.10542731
v -0.87197316 1.36473640 -0.10688178
v -0.86393882 1.36640943 -0.10217160
v -0.86536919 1.36625591 -0.10468169
v -0.86328881 1.36620525 -0.10722702
v -0.86672525 1.36588729 -0.10858622
v -0.86476945 1.36369286 -0.11175814
v -0.86844127 1.36289566 -0.11342810
v -0.87050464 1.36555141 -0.11035575
v -0.86217160 1.36474947 -0.11003352
v -0.87449833 1.36465395 -0.10854318
v -0.87549798 1.36292678 -0.10807729
v -0.86041524 1.36688112 -0.10603631
v -0.86378067 1.36392183 -0.09933583
v -0.86880963 1.36260448 -0.10169475
v -0.87310395 1.36119214 -0.10458657
v -0.87528459 1.36018166 -0.10796752
v -0.86716651 1.36005756 -0.10126426
v -0.87170199 1.35891637 -0.10443766
v -0.87360494 1.35809172 -0.10761402
v -0.86506100 1.35746689 -0.10189722
v -0.86970652 1.35693901 -0.10499182
v -0.85993993 1.35805766 -0.09925752
v -0.86221068 1.36106801 -0.09858049
v -0.87198486 1.35701794 -0.10721486
v -0.87480474 1.36208075 -0.11212767
v -0.87445451 1.35934207 -0.11144349
v -0.87358874 1.36477634 -0.11199932
v -0.86312581 1.36147105 -0.11294098
v -0.86777499 1.36050733 -0.11456112
v -0.86149949 1.35846752 -0.11259849
v -0.86719203 1.35788685 -0.11401564
v -0.87177857 1.36082688 -0.11449950
v -0.87135247 1.36295017 -0.11411482
v -0.85636228 1.35813225 -0.09714040
v -0.85406337 1.35599972 -0.09963606
v -0.85757179 1.35570895 -0.10166760
v -0.86268668 1.35519723 -0.10410860
v -0.85598517 1.35495324 -0.10533437
v -0.85553530 1.35614306 -0.10877992
v -0.86111726 1.35584901 -0.11094067
v -0.86144782 1.35439064 -0.10772495
v -0.86690989 1.35585211 -0.11228004
v -0.86716479 1.35476222 -0.10966974
v -0.86818603 1.35535628 -0.10676476
v -0.87108803 1.35667161 -0.11190035
v -0.87167521 1.35837187 -0.11361159
v -0.87322353 1.35748571 -0.11016109
v -0.87036369 1.35572869 -0.11031930
v -0.87152392 1.35622806 -0.10881222
v -0.81467875 1.36135750 -0.08760610
v -0.80931669 1.36108025 0.03204783
v -0.81158364 1.35881297 0.02775415
v -0.80611420 1.34339947 0.02859965
v -0.81006994 1.34825939 0.02544764
v -0.80180554 1.34238024 0.03397927
v -0.79963177 1.34961424 0.04149090
v -0.79982402 1.34498261 0.03868911
v -0.81224187 1.35441023 0.02527461
v -0.80573023 1.36090162 0.03742751
v -0.80168294 1.35603043 0.04129932
v -0.81436402 1.35975325 0.04391502
v -0.81064863 1.35463300 0.04812374
v -0.80822367 1.34766985 0.04819764
v -0.80756292 1.34288094 0.04413272
v -0.80840511 1.34065079 0.03860387
v -0.81731866 1.36047736 0.03775863
v -0.81856968 1.35799479 0.03254107
v -0.81768354 1.35269211 0.02975382
v -0.82496503 1.35971463 0.04317290
v -0.82491083 1.35868541 0.05106089
v -0.82831324 1.34358421 0.06002166
v -0.82337641 1.34393495 0.05758056
v -0.82476618 1.34774057 0.05968705
v -0.82830708 1.34736892 0.06229081
v -0.81810911 1.34628604 0.05482574
v -0.82229541 1.34889521 0.05774493
v -0.82414281 1.35345801 0.05739063
v -0.82677272 1.35340043 0.05992457
v -0.82665051 1.35707276 0.05587699
v -0.82985320 1.35770960 0.05735161
v -0.83031091 1.35299804 0.06296250
v -0.83216291 1.34775809 0.06414487
v -0.83424911 1.35186371 0.06437124
v -0.83339875 1.34507547 0.06245679
v -0.82029206 1.35360391 0.05402672
v -0.81513202 1.34147195 0.04948213
v -0.82249593 1.34076955 0.05364244
v -0.82927848 1.34094661 0.05671436
v -0.83503227 1.34326534 0.05855863
v -0.82350142 1.33898743 0.04816264
v -0.83084262 1.34051015 0.05185479
v -0.83529542 1.34322400 0.05403709
v -0.82597911 1.34077672 0.04300049
v -0.83241040 1.34229089 0.04804505
v -0.81698938 1.34074303 0.03702913
v -0.81500044 1.33920124 0.04319326
v -0.83527283 1.34381084 0.05091303
v -0.83778704 1.34960875 0.06283332
v -0.83875157 1.34793015 0.05821526
v -0.83140057 1.35872040 0.05309578
v -0.83318341 1.35716618 0.06008363
v -0.83575978 1.35763267 0.05620026
v -0.83200583 1.35838358 0.04777792
v -0.83701785 1.35613158 0.05189705
v -0.83830544 1.35497597 0.05972333
v -0.83574431 1.35568454 0.06246619
v -0.81105906 1.34181910 0.03303853
v -0.81475201 1.34645084 0.03007956
v -0.82055818 1.34599010 0.03376392
v -0.82858931 1.34553982 0.03969207
v -0.82375517 1.35230059 0.03365028
v -0.82532139 1.35781908 0.03721527
v -0.83251621 1.35598069 0.04297108
v -0.83127276 1.35120364 0.03983606
v -0.83713243 1.35353838 0.04830260
v -0.83598831 1.34996367 0.04596583
v -0.83423472 1.34582436 0.04611158
v -0.83872267 1.35066800 0.05198634
v -0.83937795 1.35289888 0.05568616
v -0.83800689 1.34699302 0.05393454
v -0.83751732 1.34904288 0.04961090
v -0.83666788 1.34635750 0.05040842
v -0.81041414 1.35358337 -0.07966249
v -0.81347412 1.35276445 -0.07396223
v -0.80559330 1.35164040 -0.07189792
v -0.79612748 1.35019991 -0.07009550
v -0.78633008 1.35192304 -0.07453279
v -0.79805980 1.35113406 -0.06314714
v -0.80757150 1.35255421 -0.06529067
v -0.81813906 1.35428445 -0.06739812
v -0.79208943 1.35178019 -0.05559744
v -0.04084675 1.62390934 0.11261556
v -0.03787339 1.62512875 0.11461040
v -0.04032881 1.61689435 0.11307236
v -0.04291602 1.61715815 0.11113875
v -0.03306622 1.61698126 0.11564084
v -0.03758456 1.61650961 0.11483789
v -0.03306512 1.62578442 0.11571300
v -0.02754458 1.62530562 0.11544488
v -0.01940320 1.62103085 0.11265196
v -0.01762001 1.61973243 0.11323421
v -0.01858613 1.61884203 0.11388165
v -0.02098340 1.61871802 0.11390608
v -0.02485745 1.61805842 0.11508189
v -0.04562849 1.62017263 0.10774834
v -0.04459718 1.62158627 0.10866486
v -0.04301932 1.62296642 0.11048372
v -0.02893559 1.61756037 0.11567331
v -0.04486676 1.61807425 0.10916255
v -0.04574323 1.61888716 0.10795682
v -0.02290698 1.62422683 0.11364745
v -0.03349763 1.61979235 0.11558911
v -0.03753867 1.61953209 0.11467786
v -0.03366009 1.62303401 0.11583065
v -0.02866243 1.62302757 0.11560737
v -0.02266658 1.61991641 0.11421155
v -0.02530165 1.61999059 0.11510062
v -0.04052879 1.61928704 0.11283972
v -0.02916090 1.62003780 0.11574630
v -0.03798259 1.62245532 0.11464936
v -0.02449104 1.62222064 0.11479396
v -0.02210815 1.62129437 0.11372255
v -0.04492203 1.62001495 0.10842880
v -0.04497034 1.61952070 0.10851013
v -0.01565852 1.36849467 0.06857667
v -0.01636145 1.35407043 0.07138632
v -0.04075234 1.62174805 0.11264625
v -0.04406296 1.61939786 0.10948509
v -0.04260546 1.61936796 0.11097722
v -0.04264106 1.62117883 0.11069030
v -0.04404031 1.62056332 0.10925028
v -0.30706358 1.35965625 0.02049647
v -0.30691628 1.37426199 0.02112692
v -0.31331105 1.40556482 -0.02029470
v -0.30930416 1.40589690 -0.04240583
v -0.04453240 1.08551639 0.07823547
v -0.11073288 1.12247885 -0.05333800
v -0.11732673 1.14326500 -0.05566860
v -0.04053372 1.13871026 -0.08041910
v -0.06130596 1.13522613 -0.08081634
v -0.12325983 1.10916780 0.03402571
v -0.12727885 1.13043980 0.03684903
v -0.07862671 1.10249041 0.06548158
v -0.08324918 1.12554505 0.06869331
v -0.10785849 1.08546552 0.04589744
v -0.07209203 1.09057469 -0.06642535
v -0.08636815 1.08812238 -0.05694406
v -0.09033075 1.10730284 -0.06094155
v -0.07526406 1.11101647 -0.07112392
v -0.02080514 1.14066044 -0.07463408
v -0.01986007 1.11843416 -0.07485194
v -0.13968975 1.15319864 0.02116196
v -0.14382529 1.15335158 -0.00064072
v -0.13637590 1.15715979 -0.04135878
v -0.12460090 1.16199263 -0.05744079
v -0.10947058 1.16946638 -0.06960605
v -0.09118632 1.17707552 -0.07890866
v -0.06969086 1.15008339 0.07737659
v -0.05310690 1.17254394 0.08067090
v -0.12983325 1.15290781 0.03999106
v -0.01615405 1.15168067 0.08460042
v -0.07525534 1.20788485 -0.08805942
v -0.04841452 1.21182707 -0.09042958
v -0.14365042 1.15464541 -0.02215613
v -0.03155265 1.31392352 0.07773070
v -0.04879222 1.31738857 0.07835443
v -0.04650852 1.30310517 0.08161281
v -0.03008478 1.29912382 0.07992776
v -0.06295930 1.30570104 0.08271002
v -0.07974007 1.30759399 0.08351808
v -0.09566515 1.30842977 0.08322559
v -0.13369619 1.30357116 0.07364060
v -0.12308513 1.30643492 0.07840619
v -0.14575019 1.29391367 0.05802132
v -0.14147021 1.29951685 0.06683551
v -0.14401873 1.28514161 0.04595908
v -0.13889826 1.27546325 0.03156178
v -0.14469221 1.27648081 0.01541820
v -0.14004545 1.26452042 0.01987350
v -0.13351513 1.26371572 0.03583017
v -0.13627171 1.27380865 0.04854878
v -0.13728182 1.28179182 0.06035189
v -0.01358346 1.23568707 0.07504745
v -0.01311599 1.26007679 0.07565654
v -0.01427630 1.38146739 0.06416941
v -0.53735461 1.35779191 -0.06435370
v -0.66947312 1.38530126 -0.00381235
v -0.01821984 1.39154025 -0.06608352
v -0.03330532 1.39775314 -0.06967641
v -0.08646253 1.41694862 -0.06404386
v -0.10152356 1.42917682 -0.04770329
v -0.06725286 1.40598886 -0.07454481
v -0.05003797 1.39523282 -0.07704209
v -0.11784364 1.17357788 0.05600716
v -0.03707931 1.36141004 -0.08098391
v -0.05235767 1.38351392 -0.08267743
v -0.07117996 1.39453369 -0.08100849
v -0.09165838 1.40647752 -0.07113207
v -0.11410996 1.42032910 -0.05434735
v -0.13371431 1.42232878 -0.04889823
v -0.16052492 1.41206414 -0.05741384
v -0.17180973 1.41335912 -0.05365826
v -0.18329103 1.41606861 -0.05120686
v -0.18652575 1.42931948 -0.03537041
v -0.17363584 1.42599602 -0.03747154
v -0.27441523 1.40514150 -0.04798947
v -0.28905640 1.40018717 -0.05274853
v -0.29756750 1.39221466 -0.05854962
v -0.30190345 1.38182663 -0.06283101
v -0.30070472 1.36977146 -0.06569451
v -0.29377529 1.35758189 -0.06613828
v -0.28074553 1.34758097 -0.06335333
v -0.23748137 1.33227182 -0.05340804
v -0.22229578 1.32578465 -0.05107045
v -0.19396708 1.28224385 -0.05310992
v -0.18549778 1.27249734 -0.05596957
v -0.16533472 1.24582501 -0.06410583
v -0.15326668 1.23320804 -0.06683815
v -0.13996321 1.21958816 -0.06907138
v -0.08163537 1.00126348 -0.07003973
v -0.09664663 1.00357949 -0.06170967
v -0.09012593 1.01628477 -0.05507684
v -0.07522592 1.01582645 -0.05978599
v -0.03981407 1.04735387 -0.06581485
v -0.02274795 1.04458965 -0.06839424
v -0.12239870 1.01696969 -0.01136432
v -0.12349099 1.01388955 0.00729035
v -0.10436450 1.01780787 -0.04347574
v -0.11548261 1.01844741 -0.02886092
v -0.12088228 1.00797081 0.02271777
v -0.07579939 0.97700784 0.06520846
v -0.05867557 0.97196938 0.06920873
v -0.02844612 0.96490616 0.07602106
v -0.01561242 0.96249321 0.08009118
v -0.11641011 0.99972433 0.03689439
v -0.04249533 0.96869308 0.07244728
v -0.10750617 0.99094451 0.04933676
v -0.09298231 0.98277077 0.05844902
v -0.05598524 1.04836477 -0.06198666
v -0.05763786 1.02872426 -0.05898428
v -0.07283588 1.03117032 -0.05748449
v -0.04376950 1.27159238 -0.09852718
v -0.06552413 1.27492357 -0.10260007
v -0.08733105 1.27984239 -0.10531345
v -0.10245227 1.30317633 -0.10318592
v -0.10838673 1.28626136 -0.10305131
v -0.12743313 1.29473605 -0.09746024
v -0.12196406 1.31212414 -0.09765247
v -0.15574533 1.33248281 -0.08260408
v -0.15926251 1.31667278 -0.08058291
v -0.17062066 1.32655483 -0.07615954
v -0.16783171 1.34255357 -0.07926354
v -0.18087568 1.33600615 -0.07431814
v -0.18894178 1.34163777 -0.07168982
v -0.19844978 1.34622118 -0.06845669
v -0.21046439 1.35007485 -0.06753899
v -0.20569882 1.37220738 -0.07393059
v -0.19426088 1.36754531 -0.07638233
v -0.15301481 1.35036834 -0.08346750
v -0.13645009 1.34018314 -0.08911053
v -0.03972874 1.30559081 -0.09695100
v -0.02077262 1.30106031 -0.09180674
v -0.14952377 1.25645205 0.01019389
v -0.16027522 1.24896353 0.00024284
v -0.16946644 1.24444217 -0.01146675
v -0.17490152 1.24319673 -0.02356007
v -0.17657436 1.24486305 -0.03689808
v -0.17486911 1.24879905 -0.04953946
v -0.17799636 1.26392094 -0.05889235
v -0.17198430 1.25550376 -0.06137893
v -0.17561811 1.27389729 -0.06746596
v -0.16809932 1.26462204 -0.07203465
v -0.16210020 1.27629278 -0.08049997
v -0.15324588 1.28974013 -0.08679212
v -0.14506886 1.30526650 -0.08927567
v -0.13996128 1.32230813 -0.08980196
v -0.11864063 1.33086780 -0.09612625
v -0.09929735 1.32157475 -0.10088261
v -0.07781411 1.33212979 -0.09963567
v -0.07627245 1.34865618 -0.09537602
v -0.07930890 1.31456937 -0.10324907
v -0.08092139 1.29678261 -0.10582723
v -0.07429848 1.44107801 -0.04746311
v -0.05824371 1.43282990 -0.05507891
v -0.26836938 1.35884350 -0.06543590
v -0.26633229 1.35346502 -0.06447737
v -0.27250167 1.35179528 -0.06424422
v -0.27969585 1.35912696 -0.06561748
v -0.28390228 1.36868006 -0.06584251
v -0.26891089 1.37528202 -0.06559745
v -0.27009743 1.36671104 -0.06602645
v -0.28415055 1.37853728 -0.06427337
v -0.28062600 1.38755459 -0.06163232
v -0.26601396 1.38334841 -0.06378664
v -0.27443375 1.39475468 -0.05808968
v -0.26221567 1.39023479 -0.06112691
v -0.26495729 1.39946722 -0.05495418
v -0.25847572 1.39476373 -0.05865938
v -0.22048424 1.39383188 -0.06558695
v -0.23440497 1.39427223 -0.06242406
v -0.24845563 1.39419178 -0.05979708
v -0.22595125 1.35378501 -0.06673780
v -0.24181435 1.35910056 -0.06682845
v -0.25632598 1.36392033 -0.06685159
v -0.25446702 1.37181945 -0.06716303
v -0.23948551 1.36722971 -0.06840677
v -0.22358984 1.36277842 -0.06992627
v -0.04030558 1.29015139 -0.09878763
v -0.06040843 1.29287694 -0.10313232
v -0.17826791 1.34913586 -0.07757163
v -0.18718880 1.35318831 -0.07569926
v -0.19638794 1.35614056 -0.07338902
v -0.20771464 1.36017513 -0.07194324
v -0.18572265 1.36591525 -0.07815790
v -0.17626290 1.36250981 -0.07942035
v -0.16544535 1.35745630 -0.08105478
v -0.05920186 1.30937963 -0.10219877
v -0.02096648 1.28732160 -0.09425160
v -0.19786055 1.40056455 0.04787731
v -0.19736764 1.42397139 0.03537026
v -0.19581208 1.43752868 0.01325304
v -0.19138609 1.43857598 -0.01312470
v -0.45031606 1.33282540 -0.02558859
v -0.01955757 1.09329262 -0.07391569
v -0.02107506 1.06897136 -0.07125564
v -0.03836946 1.07099817 -0.07251405
v -0.02409649 1.21257644 -0.08646937
v -0.02235642 1.27069993 -0.09525310
v -0.09680095 1.28122706 0.08335542
v -0.08507413 1.28159081 0.08555532
v -0.09028631 1.29496429 0.08494997
v -0.10354413 1.29464946 0.08308638
v -0.11693296 1.27881422 0.07609249
v -0.10764966 1.28039587 0.08042925
v -0.11552514 1.29361453 0.08019098
v -0.12556910 1.29133477 0.07566496
v -0.12419607 1.27554340 0.06996606
v -0.13323459 1.28746125 0.06936906
v -0.10035718 1.26643056 0.08022608
v -0.09102586 1.26716215 0.08405707
v -0.08037555 1.26765787 0.08614902
v -0.11528709 1.26349687 0.07004736
v -0.10849036 1.26551701 0.07556353
v -0.00567024 1.49582282 0.11560077
v -0.00602394 1.49770681 0.13360033
v -0.00017325 1.54431489 0.14883363
v 0.00029488 1.54936629 0.14693529
v -0.01156435 1.40143725 0.05463542
v -0.01082984 1.41336620 0.05679673
v -0.01374163 1.27880793 0.07777682
v -0.01521677 1.30947478 0.07616995
v -0.01578734 1.32414040 0.07474913
v -0.01613584 1.33927967 0.07366760
v -0.01326164 1.39191502 0.05834384
v -0.01456856 1.29431799 0.07738981
v -0.15195665 0.84332435 -0.07853446
v -0.13611396 0.82666774 -0.09746754
v -0.14027188 0.85164771 -0.09150050
v -0.12851191 0.83888598 -0.10456190
v -0.14181051 0.92032122 -0.05661209
v -0.14310406 0.89498087 -0.06749087
v -0.14187407 0.94615126 -0.05078363
v -0.11028037 0.83066823 -0.11618582
v -0.08590829 0.82850862 -0.12541133
v -0.08381616 0.84513930 -0.12636411
v -0.12947847 0.94118339 -0.07198841
v -0.13107563 0.91516266 -0.07860293
v -0.13218212 0.85529854 -0.09637563
v -0.14413337 0.87075532 -0.07939545
v -0.13271490 0.87007434 -0.09241436
v -0.10657546 0.84590399 -0.11773576
v -0.12307801 0.85044853 -0.10676412
v -0.05067906 0.99418836 -0.07918634
v -0.03199446 0.97449410 -0.09018283
v -0.05409996 0.97640195 -0.08992230
v -0.11048396 1.00394575 -0.04920419
v -0.10525661 0.98439213 -0.07297563
v -0.12018179 0.86741829 -0.10560276
v -0.10352486 0.86558332 -0.11755683
v -0.08209498 0.86572071 -0.12741306
v -0.08066308 0.93688333 -0.11092857
v -0.08210263 0.91346437 -0.12013254
v -0.10160460 0.91182919 -0.11113541
v -0.09981827 0.93716006 -0.10260909
v -0.11229407 0.96374363 -0.08273791
v -0.11596334 0.93801415 -0.08959344
v -0.07773012 0.96032296 -0.10041890
v -0.09634471 0.96193502 -0.09365333
v -0.08963021 0.98192181 -0.08245202
v -0.11772686 0.91240432 -0.09707462
v -0.05616049 0.89005737 -0.12862127
v -0.08232234 0.88911321 -0.12533565
v -0.02884483 0.89043842 -0.12473707
v -0.07305484 0.97959561 -0.08690120
v -0.06621015 0.99822329 -0.07491554
v -0.06075286 1.01390889 -0.06400783
v -0.05553724 1.06969773 -0.06697038
v -0.10930192 0.59702022 0.05577284
v -0.00276330 0.80046034 0.00090092
v -0.00169966 0.81068090 -0.02165105
v -0.16496811 0.87851681 0.03027349
v -0.16881618 0.86464831 -0.03670197
v -0.15613478 0.86848915 -0.05970489
v -0.03111960 0.79578500 0.04596646
v -0.01550296 0.79238359 0.03161889
v -0.14780301 0.86698235 0.05338766
v -0.09859032 0.81421172 0.08012160
v -0.00702517 0.79395563 0.01797885
v -0.13083526 0.89150686 -0.08476342
v -0.11868361 0.88866142 -0.10137844
v -0.10246918 0.88777850 -0.11546215
v -0.05627805 0.86725443 -0.13012730
v -0.02803147 0.86949584 -0.12500553
v -0.01554534 0.84835857 0.08174098
v -0.01473067 0.85503343 0.08953659
v -0.00891616 0.85408624 0.09005840
v -0.00723198 0.84359742 0.07958820
v -0.07948496 0.95906946 0.06705404
v -0.06068837 0.95311503 0.07161862
v -0.02894106 0.94472074 0.08075630
v -0.01541765 0.94212042 0.08385852
v -0.12643625 0.98572233 0.04017846
v -0.04404478 0.94874793 0.07670866
v -0.11687440 0.97578673 0.05324033
v -0.09967149 0.96684985 0.06105172
v -0.07632909 0.16229978 -0.05481112
v -0.07522788 0.13334114 -0.04895536
v -0.07743445 0.13540199 -0.06312460
v -0.07457658 0.16467223 -0.06861170
v -0.08262190 0.17093160 -0.09260899
v -0.07518322 0.16821205 -0.08706960
v -0.09480320 0.17076165 -0.09405002
v -0.09348699 0.14085227 -0.09408602
v -0.10403587 0.13931234 -0.08617172
v -0.10758483 0.16894133 -0.09020077
v -0.11792853 0.16714820 -0.08237925
v -0.12318635 0.13538853 -0.06944126
v -0.12216111 0.13441291 -0.05108275
v -0.12688258 0.16269206 -0.05367841
v -0.12496878 0.16502803 -0.07176390
v -0.12317166 0.15756428 -0.03330892
v -0.11969526 0.13049001 -0.02964805
v -0.10893604 0.15461414 -0.02305917
v -0.07955221 0.15861259 -0.03884836
v -0.07573972 0.13068293 -0.03097481
v -0.08222737 0.14078243 -0.09401923
v -0.07726369 0.13820987 -0.08407770
v -0.07248854 0.16564321 -0.07848347
v -0.07883752 0.13665590 -0.07369974
v -0.07182810 0.10734617 -0.05705279
v -0.06582851 0.10677784 -0.04072394
v -0.08195319 0.11273632 -0.09406269
v -0.08014154 0.11016653 -0.07873187
v -0.09904335 0.11151419 -0.08104281
v -0.09284030 0.11335126 -0.09533074
v -0.12404302 0.10863235 -0.06586808
v -0.11541205 0.13759624 -0.07950169
v -0.11373574 0.10978882 -0.07544314
v -0.12445993 0.10809727 -0.04791470
v -0.11902276 0.10585096 -0.02279038
v -0.06894381 0.10547670 -0.02125734
v -0.07741843 0.10807825 -0.06789423
v -0.12481525 0.01734305 0.14196445
v -0.11727383 0.01724335 0.14489744
v -0.11927818 0.02194133 0.14309703
v -0.12401066 0.02124307 0.14127974
v -0.08369643 0.02346411 0.15995047
v -0.06964178 0.02019961 0.15874603
v -0.07344268 0.03193260 0.16117736
v -0.08240341 0.03283916 0.16126118
v -0.10277691 0.01891991 0.15570446
v -0.11146348 0.01856670 0.15411348
v -0.10855939 0.01472342 0.15094258
v -0.10335018 0.01537834 0.15207150
v -0.14543467 0.01173672 0.10451957
v -0.15124546 0.01084741 0.10089671
v -0.14972074 0.00734048 0.09984675
v -0.14564264 0.00713459 0.10205357
v -0.13311049 0.01451031 0.12804903
v -0.13911985 0.01275041 0.12401975
v -0.13730652 0.01021819 0.12241580
v -0.13342494 0.01011769 0.12467161
v -0.08433876 0.03212553 0.13485650
v -0.08563526 0.03392071 0.15117344
v -0.07101872 0.03320914 0.15041986
v -0.06947913 0.03442674 0.13424701
v -0.06354114 0.02369316 0.14778599
v -0.07199877 0.01820251 0.14414130
v -0.07001651 0.01613720 0.12828329
v -0.06226861 0.02276873 0.12991369
v -0.08522729 0.01729520 0.14492028
v -0.08426236 0.01528066 0.12993704
v -0.09190127 0.02181853 0.13310196
v -0.09476856 0.02492983 0.14936200
v -0.11163957 0.01991600 0.13106963
v -0.11607685 0.01921062 0.14425887
v -0.11075079 0.02523605 0.14605821
v -0.10696508 0.02669961 0.13194190
v -0.10181653 0.02529202 0.14815490
v -0.09535059 0.02752641 0.13512689
v -0.09157256 0.01941804 0.13504989
v -0.09472423 0.02054519 0.14987365
v -0.10002183 0.01531495 0.14525343
v -0.09655167 0.01396019 0.13096437
v -0.10618466 0.01354229 0.12931140
v -0.10944042 0.01389465 0.14298358
v -0.12485215 0.02451170 0.12161258
v -0.12510618 0.02197879 0.13435311
v -0.11699556 0.02215317 0.13628096
v -0.11387848 0.02448385 0.12552014
v -0.11233364 0.01613987 0.13782405
v -0.11810301 0.01270313 0.13562501
v -0.11552987 0.01197454 0.12414769
v -0.11034383 0.01634749 0.12744685
v -0.12515189 0.01174132 0.12132487
v -0.12498543 0.01160103 0.13342465
v -0.12978736 0.01861510 0.12193887
v -0.13002326 0.01679154 0.13358776
v -0.14461952 0.01502402 0.10473316
v -0.14357206 0.01290300 0.11581482
v -0.14052894 0.01777035 0.11682893
v -0.14104089 0.02112906 0.10516643
v -0.13397757 0.01948552 0.11969228
v -0.13270353 0.02155275 0.11062737
v -0.12932468 0.01620083 0.12178147
v -0.13179819 0.00948545 0.11945711
v -0.13185801 0.00966233 0.11021670
v -0.12951769 0.01740704 0.11410132
v -0.13858958 0.00831417 0.11626562
v -0.14027395 0.00876044 0.10539000
v -0.15428143 0.01955087 0.08607753
v -0.15613591 0.01420856 0.08440315
v -0.15514191 0.01139248 0.09370897
v -0.15278245 0.01632172 0.09449366
v -0.14706358 0.01747232 0.09771901
v -0.14740163 0.01988141 0.09134533
v -0.14316481 0.01331572 0.09915784
v -0.14400947 0.00626558 0.09713189
v -0.14462544 0.00734733 0.09108551
v -0.14462350 0.01483997 0.09390300
v -0.15091954 0.00621113 0.09441693
v -0.15129774 0.00830547 0.08632470
v -0.06982563 0.03535064 0.11760564
v -0.08750050 0.02947951 0.11889642
v -0.07460327 0.01946385 0.15450176
v -0.06230625 0.02219126 0.11308001
v -0.08151511 0.01896573 0.15438908
v -0.08866060 0.01366574 0.11580950
v -0.07111390 0.01390564 0.11156611
v -0.09008687 0.02035990 0.12596852
v -0.11059726 0.02349891 0.15374816
v -0.10908464 0.01720098 0.12115593
v -0.10920656 0.01130255 0.11187465
v -0.10528516 0.02349444 0.15498589
v -0.10670379 0.02680520 0.11402850
v -0.12498623 0.02346704 0.10210641
v -0.11912145 0.01305939 0.14169522
v -0.12254789 0.01245649 0.14021093
v -0.12789446 0.00926500 0.10254574
v -0.12967487 0.01807666 0.11179907
v -0.13893580 0.01645790 0.12346742
v -0.14503568 0.01595922 0.09429338
v -0.14233301 0.00800797 0.08894041
v -0.13518161 0.01780140 0.12516774
v -0.14251873 0.02330918 0.08820822
v -0.15036190 0.01422951 0.09974039
v -0.15790684 0.01863333 0.07418683
v -0.15222581 0.00956811 0.07682642
v -0.14727248 0.01520919 0.10177239
v -0.15472033 0.02431412 0.07651448
v -0.08501614 0.15577570 -0.02543408
v -0.08249600 0.12885905 -0.01742817
v -0.09510041 0.15364380 -0.01973397
v -0.10608231 0.12748928 -0.01715405
v -0.09311590 0.12644444 -0.01298770
v -0.08002346 0.10457589 -0.00670579
v -0.10494024 0.10294646 -0.00954688
v -0.09069453 0.10429230 -0.00140479
v -0.12649312 0.08952413 -0.06684639
v -0.12865344 0.08761205 -0.04731563
v -0.10996061 0.09014486 -0.07337268
v -0.09502709 0.09278101 -0.09947540
v -0.09907794 0.09079405 -0.08417777
v -0.07692981 0.08709023 0.00649919
v -0.06940341 0.08343951 -0.01495685
v -0.09046188 0.08893026 0.01330582
v -0.10942737 0.08750706 0.00466771
v -0.06321689 0.04105937 0.09978629
v -0.06453539 0.04113406 0.07640808
v -0.07866758 0.05250574 0.07982717
v -0.08311179 0.04074056 0.09937764
v -0.09802254 0.04950079 0.07344789
v -0.10169848 0.03419740 0.09250272
v -0.11713838 0.04764138 0.06566454
v -0.12024395 0.03227810 0.08296472
v -0.13403762 0.04388593 0.05616628
v -0.13747754 0.03052651 0.07190863
v -0.14987282 0.04038327 0.04807645
v -0.15354528 0.03208068 0.06420483
v -0.16066470 0.03112864 0.04360751
v -0.16100996 0.02473116 0.06160287
v -0.05802110 0.02290439 0.09426124
v -0.05907159 0.02571113 0.07058177
v -0.06933151 0.01180269 0.09153577
v -0.06874628 0.01141411 0.06858525
v -0.08815793 0.01074860 0.08997519
v -0.08677020 0.01093275 0.06719044
v -0.15302695 0.01646876 0.04548657
v -0.15279241 0.01160802 0.06334781
v -0.10724831 0.00942684 0.08410657
v -0.10527163 0.01121630 0.06222092
v -0.12448799 0.00784751 0.07641980
v -0.12235629 0.01065460 0.05584459
v -0.13929823 0.00793193 0.06885533
v -0.13812669 0.01187276 0.04995796
v -0.07403065 0.06218345 0.05584149
v -0.09383975 0.06718918 0.05416195
v -0.11340563 0.06288276 0.04534348
v -0.13024096 0.05616160 0.03487260
v -0.14445636 0.04656202 0.02495163
v -0.15812299 0.03788521 0.01993534
v -0.12986347 0.06873101 0.00558234
v -0.13875002 0.04893315 -0.00271215
v -0.14989680 0.03939301 -0.00541328
v -0.13469761 0.05101516 -0.03091852
v -0.14299584 0.04018095 -0.03134824
v -0.12729468 0.05273052 -0.07530345
v -0.13717312 0.04051335 -0.07781346
v -0.13891728 0.04147588 -0.05682169
v -0.13073072 0.05286095 -0.05602228
v -0.12922302 0.06890492 -0.02663475
v -0.12524803 0.07031086 -0.05216544
v -0.11954416 0.07134028 -0.06879283
v -0.12162652 0.03949253 -0.10432612
v -0.13236820 0.03981364 -0.09291495
v -0.12399739 0.05344473 -0.08982505
v -0.11701516 0.05555386 -0.10304166
v -0.10159219 0.05502874 -0.11110070
v -0.10524999 0.03760687 -0.10927129
v -0.08603407 0.05205194 -0.10066773
v -0.08763784 0.03470631 -0.10200803
v -0.10830619 0.07334327 -0.09379459
v -0.11268906 0.07098535 -0.08083037
v -0.09980353 0.07511889 -0.10402160
v -0.08433182 0.07228013 -0.09542026
v -0.08266519 0.06975100 -0.07764675
v -0.07969463 0.04924986 -0.08126567
v -0.07812729 0.03262795 -0.08414334
v -0.06358437 0.04493584 0.04985654
v -0.06279612 0.03122726 0.04442282
v -0.11247141 0.07748147 0.02492596
v -0.09060705 0.08046723 0.03353782
v -0.07224870 0.07040904 0.02441665
v -0.06252577 0.04750272 0.02052540
v -0.06807667 0.03307550 0.01575757
v -0.07213145 0.03353494 -0.01072461
v -0.06412392 0.04632534 -0.00790467
v -0.07236384 0.02021293 0.04183799
v -0.07893597 0.02656250 0.01371419
v -0.08201986 0.02731651 -0.01284057
v -0.07323362 0.03300014 -0.03404641
v -0.06814068 0.04689848 -0.03185484
v -0.07536341 0.03337806 -0.05245306
v -0.07404977 0.04835926 -0.05063427
v -0.07691916 0.04882025 -0.06526849
v -0.07532957 0.03327459 -0.06735974
v -0.07365931 0.06711158 -0.05111961
v -0.07790547 0.06890117 -0.06384753
v -0.06711127 0.06501568 -0.03201889
v -0.06452953 0.06569688 -0.00728989
v -0.15258802 0.02292394 0.02170612
v -0.14777757 0.02763592 -0.00417518
v -0.14181599 0.03067592 -0.02992550
v -0.13762346 0.03025406 -0.05527705
v -0.13302942 0.02890481 -0.07521480
v -0.12788581 0.02833336 -0.08801839
v -0.10548519 0.02794597 -0.10146756
v -0.11918553 0.02829065 -0.09805265
v -0.09285155 0.02546085 -0.09666636
v -0.08604386 0.02284954 -0.08240605
v -0.08274669 0.02134569 -0.06888212
v -0.08206545 0.02458181 -0.03618203
v -0.08166413 0.02211963 -0.05406901
v -0.06462729 0.08316215 -0.03567590
v -0.06966620 0.08538362 -0.05357821
v -0.07621182 0.08718592 -0.06506158
v -0.08256187 0.09132678 -0.09272313
v -0.08129020 0.08921347 -0.07651070
v -0.08773398 0.01617219 0.04005123
v -0.10564226 0.01676146 0.03634059
v -0.12260510 0.01664402 0.03109012
v -0.13826388 0.01799807 0.02603044
v -0.13707612 0.02257403 -0.00059722
v -0.12328881 0.02100176 0.00318385
v -0.10727807 0.02046676 0.00725712
v -0.09146919 0.02270164 0.01126536
v -0.13298738 0.02463805 -0.02676185
v -0.12121880 0.02236318 -0.02311049
v -0.10730407 0.02125022 -0.02043454
v -0.09342524 0.02271471 -0.01584540
v -0.09232489 0.01963950 -0.03984596
v -0.10445890 0.01931312 -0.04498655
v -0.11681766 0.02138516 -0.04727955
v -0.12785432 0.02459801 -0.05123219
v -0.12339305 0.02407170 -0.06991934
v -0.11313126 0.02144934 -0.06540556
v -0.10201691 0.01939208 -0.06201915
v -0.09202188 0.01875184 -0.05795000
v -0.11951521 0.02412746 -0.08143433
v -0.10636127 0.02348385 -0.09394631
v -0.11431395 0.02408058 -0.08947806
v -0.09824327 0.02158539 -0.09153148
v -0.09454123 0.01996753 -0.08154598
v -0.09275646 0.01889259 -0.07040648
v -0.10145268 0.01995339 -0.07302595
v -0.10145751 0.02081078 -0.08128600
v -0.11124361 0.02202457 -0.07578584
v -0.10885847 0.02255401 -0.08365054
v -0.10201725 0.02177358 -0.08730854
v -0.10582860 0.02262486 -0.08835446
v -0.11896511 0.08419528 -0.01730025
v -0.09919523 0.42982851 0.01431583
v -0.08608776 0.43385709 0.00811262
v -0.11475004 0.42984706 0.01655055
v -0.12096083 0.85462844 0.07090073
v -0.05927067 1.08326090 0.07124473
v -0.06633087 1.12662280 0.07489600
v -0.06181454 1.10431320 0.07154258
v -0.12661158 0.82029932 0.07723338
v -0.11654850 1.15130697 0.05364472
v -0.11034582 1.30810766 0.08161629
v -0.07903883 1.60038983 0.02902735
v -0.07709675 1.59720261 0.02771950
v -0.07598730 1.59389744 0.02582251
v -0.07522725 1.59155914 0.02268832
v -0.07447117 1.58964467 0.01947005
v -0.07283227 1.58921965 0.01635560
v -0.07765982 1.59493229 0.02314179
v -0.07487241 1.59779131 0.02008248
v -0.07566471 1.59910213 0.02221459
v -0.07820679 1.59730008 0.02486120
f 2 3 1
f 1 3 4
f 3 2 5
f 5 2 6
f 3 7 4
f 4 7 8
f 10 11 9
f 9 11 12
f 14 15 13
f 13 15 16
f 18 19 17
f 17 19 20
f 22 23 21
f 21 23 24
f 26 18 25
f 25 18 17
f 27 28 17
f 17 28 25
f 30 31 29
f 29 31 32
f 34 35 33
f 33 35 36
f 21 24 37
f 37 24 38
f 40 31 39
f 39 31 38
f 34 33 28
f 28 33 25
f 41 42 44
f 44 42 43
f 36 45 33
f 33 45 25
f 46 47 49
f 49 47 48
f 51 52 50
f 50 52 53
f 55 53 54
f 54 53 52
f 57 58 56
f 56 58 59
f 61 62 60
f 60 62 63
f 65 66 64
f 64 66 67
f 69 70 68
f 68 70 71
f 65 73 72
f 72 73 74
f 64 75 65
f 65 75 73
f 77 78 76
f 76 78 79
f 80 81 83
f 83 81 82
f 81 85 84
f 84 85 86
f 88 89 87
f 87 89 69
f 88 87 90
f 90 87 91
f 93 94 92
f 92 94 95
f 96 84 43
f 43 84 44
f 51 98 97
f 97 98 86
f 97 99 51
f 51 99 52
f 54 52 100
f 100 52 99
f 58 101 59
f 59 101 102
f 62 103 63
f 63 103 104
f 105 106 6
f 6 106 5
f 108 109 107
f 107 109 110
f 112 113 111
f 111 113 114
f 116 117 115
f 115 117 118
f 120 121 119
f 119 121 122
f 124 125 123
f 123 125 126
f 128 129 127
f 127 129 130
f 130 131 127
f 127 131 132
f 134 1 133
f 133 1 135
f 1 4 135
f 135 4 136
f 4 8 136
f 136 8 137
f 138 139 15
f 15 139 140
f 140 139 141
f 141 139 142
f 144 57 143
f 143 57 56
f 145 146 141
f 141 146 147
f 146 149 148
f 148 149 150
f 152 153 151
f 151 153 154
f 141 147 140
f 140 147 155
f 157 11 156
f 156 11 158
f 160 161 159
f 159 161 162
f 164 165 163
f 163 165 166
f 165 160 166
f 166 160 159
f 168 169 167
f 167 169 170
f 169 171 170
f 170 171 172
f 149 173 150
f 150 173 174
f 175 176 149
f 149 176 173
f 178 172 177
f 177 172 171
f 180 181 179
f 179 181 182
f 184 180 183
f 183 180 179
f 186 187 185
f 185 187 188
f 190 191 189
f 189 191 192
f 7 193 8
f 8 193 194
f 196 162 195
f 195 162 161
f 197 168 198
f 198 168 167
f 181 199 182
f 182 199 200
f 202 203 201
f 201 203 204
f 187 186 205
f 205 186 206
f 208 209 207
f 207 209 210
f 212 213 211
f 211 213 214
f 215 216 218
f 218 216 217
f 220 209 219
f 219 209 208
f 204 186 221
f 221 186 185
f 201 204 222
f 222 204 221
f 223 211 220
f 220 211 209
f 224 225 214
f 214 225 210
f 203 206 204
f 204 206 186
f 227 187 226
f 226 187 205
f 27 228 21
f 21 228 22
f 230 231 229
f 229 231 232
f 234 235 233
f 233 235 236
f 238 239 237
f 237 239 240
f 119 122 118
f 118 122 115
f 112 242 241
f 241 242 243
f 98 51 244
f 244 51 50
f 245 138 14
f 14 138 15
f 11 10 158
f 158 10 246
f 89 85 69
f 69 85 70
f 11 157 12
f 12 157 247
f 249 164 248
f 248 164 163
f 177 250 178
f 178 250 251
f 253 254 252
f 252 254 255
f 187 227 188
f 188 227 256
f 212 257 213
f 213 257 258
f 260 134 259
f 259 134 133
f 165 164 135
f 135 164 133
f 160 165 136
f 136 165 135
f 136 137 160
f 160 137 161
f 137 261 161
f 161 261 195
f 263 264 262
f 262 264 265
f 13 16 266
f 266 16 267
f 268 267 155
f 155 267 16
f 147 269 155
f 155 269 268
f 162 196 167
f 167 196 198
f 167 170 162
f 162 170 159
f 170 172 159
f 159 172 166
f 172 178 166
f 166 178 163
f 178 251 163
f 163 251 248
f 168 270 169
f 169 270 271
f 272 273 171
f 171 273 177
f 271 272 169
f 169 272 171
f 168 197 270
f 270 197 274
f 250 177 275
f 275 177 273
f 277 45 276
f 276 45 278
f 280 281 279
f 279 281 282
f 284 104 283
f 283 104 103
f 285 215 286
f 286 215 218
f 288 289 287
f 287 289 290
f 291 80 66
f 66 80 83
f 293 294 292
f 292 294 295
f 73 91 74
f 74 91 87
f 91 73 92
f 92 73 75
f 279 77 280
f 280 77 76
f 80 291 70
f 70 291 71
f 277 47 96
f 96 47 82
f 297 175 296
f 296 175 149
f 299 154 298
f 298 154 153
f 225 300 210
f 210 300 207
f 224 301 206
f 206 301 205
f 210 209 214
f 214 209 211
f 226 205 302
f 302 205 301
f 304 305 303
f 303 305 306
f 308 309 307
f 307 309 310
f 72 291 65
f 65 291 66
f 66 83 67
f 67 83 46
f 312 313 311
f 311 313 314
f 316 317 315
f 315 317 36
f 29 318 35
f 35 318 319
f 321 32 320
f 320 32 322
f 311 314 323
f 323 314 324
f 315 325 316
f 316 325 326
f 318 287 319
f 319 287 290
f 328 321 327
f 327 321 320
f 329 330 39
f 39 330 331
f 332 333 40
f 40 333 322
f 309 334 285
f 285 334 335
f 236 2 134
f 134 2 1
f 260 336 233
f 233 336 337
f 237 14 265
f 265 14 13
f 84 86 44
f 44 86 98
f 189 192 7
f 7 192 193
f 44 98 41
f 41 98 244
f 237 240 14
f 14 240 245
f 7 3 189
f 189 3 5
f 338 71 72
f 72 71 291
f 262 265 266
f 266 265 13
f 124 123 339
f 339 123 105
f 123 109 105
f 105 109 106
f 189 5 190
f 190 5 106
f 111 114 12
f 12 114 9
f 264 340 265
f 265 340 237
f 342 343 341
f 341 343 344
f 6 235 105
f 105 235 339
f 234 346 345
f 345 346 347
f 349 350 348
f 348 350 351
f 107 352 108
f 108 352 353
f 355 356 354
f 354 356 357
f 237 340 238
f 238 340 358
f 12 247 111
f 111 247 359
f 264 263 116
f 116 263 360
f 361 362 222
f 222 362 201
f 364 365 363
f 363 365 366
f 368 369 367
f 367 369 370
f 372 373 371
f 371 373 374
f 375 376 372
f 372 376 377
f 378 379 381
f 381 379 380
f 382 383 269
f 269 383 268
f 150 174 365
f 365 174 384
f 380 377 381
f 381 377 376
f 271 270 180
f 180 270 181
f 273 272 252
f 252 272 184
f 272 271 184
f 184 271 180
f 181 270 274
f 252 255 273
f 273 255 275
f 254 385 255
f 255 385 386
f 387 388 179
f 179 388 183
f 389 387 182
f 182 387 179
f 182 200 389
f 389 200 390
f 388 391 183
f 183 391 253
f 391 392 253
f 253 392 254
f 394 379 393
f 393 379 378
f 185 188 395
f 395 188 396
f 221 185 397
f 397 185 395
f 222 221 398
f 398 221 397
f 188 256 396
f 396 256 399
f 400 401 256
f 256 401 399
f 402 403 405
f 405 403 404
f 148 150 364
f 364 150 365
f 393 406 394
f 394 406 407
f 158 246 393
f 393 246 406
f 342 19 238
f 238 19 239
f 23 22 350
f 350 22 354
f 244 50 245
f 245 50 138
f 55 142 53
f 53 142 139
f 145 144 296
f 296 144 143
f 355 228 341
f 341 228 20
f 41 240 42
f 42 240 239
f 283 308 284
f 284 308 307
f 349 409 408
f 408 409 410
f 244 245 41
f 41 245 240
f 268 383 406
f 406 383 407
f 346 411 349
f 349 411 409
f 251 412 248
f 248 412 413
f 275 414 250
f 250 414 415
f 25 45 26
f 26 45 277
f 43 26 96
f 96 26 277
f 416 417 61
f 61 417 62
f 329 24 408
f 408 24 23
f 31 40 32
f 32 40 322
f 39 38 329
f 329 38 24
f 37 38 30
f 30 38 31
f 418 419 421
f 421 419 420
f 78 295 79
f 79 295 294
f 124 339 422
f 422 339 345
f 232 131 357
f 357 131 351
f 2 236 6
f 6 236 235
f 252 184 253
f 253 184 183
f 227 423 256
f 256 423 400
f 423 227 305
f 305 227 226
f 424 258 425
f 425 258 257
f 426 427 212
f 212 427 257
f 259 133 249
f 249 133 164
f 419 418 428
f 428 418 429
f 327 430 328
f 328 430 288
f 49 431 46
f 46 431 67
f 306 302 424
f 424 302 258
f 313 432 314
f 314 432 433
f 32 321 29
f 29 321 318
f 324 314 433
f 287 318 328
f 328 318 321
f 134 260 236
f 236 260 233
f 345 339 234
f 234 339 235
f 357 351 354
f 354 351 350
f 408 23 349
f 349 23 350
f 317 278 36
f 36 278 45
f 432 313 429
f 429 313 428
f 435 428 434
f 434 428 313
f 42 239 18
f 18 239 19
f 43 42 26
f 26 42 18
f 121 120 436
f 436 120 437
f 302 301 258
f 258 301 213
f 110 109 126
f 126 109 123
f 238 358 342
f 342 358 343
f 341 20 342
f 342 20 19
f 322 438 320
f 320 438 439
f 320 439 327
f 327 439 430
f 333 440 322
f 322 440 438
f 289 288 323
f 323 288 430
f 115 340 116
f 116 340 264
f 146 145 149
f 149 145 296
f 15 140 16
f 16 140 155
f 441 442 152
f 152 442 153
f 225 224 203
f 203 224 206
f 175 297 154
f 154 297 151
f 293 443 294
f 294 443 444
f 248 413 249
f 249 413 445
f 446 447 400
f 400 447 401
f 388 387 396
f 396 387 395
f 387 389 395
f 395 389 397
f 391 388 399
f 399 388 396
f 401 392 399
f 399 392 391
f 255 386 275
f 275 386 414
f 449 450 448
f 448 450 451
f 335 452 285
f 285 452 215
f 453 298 442
f 442 298 153
f 211 223 212
f 212 223 426
f 425 257 454
f 454 257 427
f 266 10 262
f 262 10 9
f 360 113 456
f 456 113 455
f 8 194 137
f 137 194 261
f 10 266 246
f 246 266 267
f 203 202 225
f 225 202 300
f 262 9 263
f 263 9 114
f 108 353 190
f 190 353 191
f 389 390 397
f 397 390 398
f 457 422 128
f 128 422 129
f 156 158 378
f 378 158 393
f 347 346 348
f 348 346 349
f 447 458 401
f 401 458 392
f 364 382 148
f 148 382 269
f 55 54 57
f 57 54 58
f 75 64 459
f 459 64 460
f 100 90 101
f 101 90 95
f 101 58 100
f 100 58 54
f 142 55 144
f 144 55 57
f 147 146 269
f 269 146 148
f 459 93 75
f 75 93 92
f 144 145 142
f 142 145 141
f 228 27 20
f 20 27 17
f 154 299 175
f 175 299 176
f 214 213 224
f 224 213 301
f 424 461 306
f 306 461 303
f 285 286 309
f 309 286 310
f 462 334 308
f 308 334 309
f 302 306 226
f 226 306 305
f 37 28 21
f 21 28 27
f 29 35 30
f 30 35 34
f 30 34 37
f 37 34 28
f 344 436 356
f 356 436 229
f 325 290 326
f 326 290 289
f 311 439 312
f 312 439 438
f 35 319 36
f 36 319 315
f 439 311 430
f 430 311 323
f 315 319 325
f 325 319 290
f 440 463 438
f 438 463 312
f 341 344 355
f 355 344 356
f 360 456 116
f 116 456 117
f 354 22 355
f 355 22 228
f 326 289 324
f 324 289 323
f 74 87 68
f 68 87 69
f 50 53 138
f 138 53 139
f 268 406 267
f 267 406 246
f 190 106 108
f 108 106 109
f 241 455 112
f 112 455 113
f 358 122 343
f 343 122 121
f 129 347 130
f 130 347 348
f 348 351 130
f 130 351 131
f 229 232 356
f 356 232 357
f 340 115 358
f 358 115 122
f 111 359 112
f 112 359 242
f 125 124 457
f 457 124 422
f 231 132 232
f 232 132 131
f 343 121 344
f 344 121 436
f 263 114 360
f 360 114 113
f 347 129 345
f 345 129 422
f 230 229 437
f 437 229 436
f 464 446 423
f 423 446 400
f 465 466 468
f 468 466 467
f 470 471 469
f 469 471 472
f 469 472 373
f 373 472 374
f 474 469 473
f 473 469 373
f 471 475 472
f 472 475 476
f 472 477 374
f 374 477 478
f 477 472 476
f 479 480 476
f 476 480 477
f 473 373 377
f 377 373 372
f 481 482 479
f 479 482 480
f 483 484 481
f 481 484 482
f 403 402 485
f 485 402 486
f 487 488 483
f 483 488 484
f 487 489 488
f 488 489 490
f 489 491 490
f 490 491 492
f 491 493 492
f 492 493 494
f 493 495 494
f 494 495 496
f 497 498 481
f 481 498 483
f 484 499 482
f 482 499 367
f 370 480 367
f 367 480 482
f 480 370 477
f 477 370 478
f 500 497 479
f 479 497 481
f 451 473 380
f 380 473 377
f 448 451 379
f 379 451 380
f 501 502 504
f 504 502 503
f 449 505 507
f 507 505 506
f 486 508 505
f 505 508 506
f 508 509 506
f 506 509 510
f 511 507 510
f 510 507 506
f 509 508 512
f 512 508 513
f 515 509 514
f 514 509 512
f 509 515 510
f 510 515 516
f 510 516 511
f 511 516 517
f 486 505 485
f 485 505 518
f 505 449 518
f 518 449 448
f 383 382 403
f 403 382 404
f 363 404 364
f 364 404 382
f 403 485 383
f 383 485 407
f 519 520 361
f 361 520 362
f 522 496 521
f 521 496 495
f 450 474 451
f 451 474 473
f 363 366 523
f 523 366 524
f 525 499 488
f 488 499 484
f 488 490 525
f 525 490 526
f 496 522 520
f 520 522 527
f 494 496 519
f 519 496 520
f 492 494 528
f 528 494 519
f 529 530 495
f 495 530 521
f 490 492 526
f 526 492 528
f 529 495 531
f 531 495 493
f 533 534 532
f 532 534 535
f 523 524 533
f 533 524 534
f 486 402 532
f 532 402 533
f 529 536 530
f 530 536 537
f 536 538 537
f 537 538 539
f 540 541 539
f 539 541 537
f 530 537 535
f 535 537 541
f 542 539 543
f 543 539 538
f 539 542 540
f 540 542 544
f 541 540 513
f 513 540 512
f 540 544 512
f 512 544 514
f 546 547 545
f 545 547 548
f 549 550 531
f 531 550 551
f 550 549 552
f 552 549 553
f 546 550 554
f 554 550 552
f 547 546 555
f 555 546 554
f 498 556 558
f 558 556 557
f 559 557 560
f 560 557 556
f 561 562 560
f 560 562 559
f 557 559 552
f 552 559 554
f 559 562 554
f 554 562 555
f 558 557 553
f 553 557 552
f 475 471 563
f 563 471 564
f 565 563 567
f 567 563 566
f 471 470 564
f 564 470 466
f 564 466 568
f 568 466 465
f 568 465 569
f 569 465 570
f 572 573 571
f 571 573 574
f 569 575 567
f 567 575 576
f 577 565 576
f 576 565 567
f 578 579 581
f 581 579 580
f 575 561 576
f 576 561 560
f 556 577 560
f 560 577 576
f 577 556 497
f 497 556 498
f 565 577 500
f 500 577 497
f 563 565 475
f 475 565 500
f 553 489 558
f 558 489 487
f 531 493 549
f 549 493 491
f 489 553 491
f 491 553 549
f 394 407 518
f 518 407 485
f 518 448 394
f 394 448 379
f 545 548 538
f 538 548 543
f 551 545 536
f 536 545 538
f 536 529 551
f 551 529 531
f 507 582 449
f 449 582 450
f 511 583 507
f 507 583 582
f 511 517 583
f 583 517 584
f 585 586 588
f 588 586 587
f 590 591 589
f 589 591 592
f 591 590 593
f 593 590 594
f 596 597 595
f 595 597 598
f 599 600 602
f 602 600 601
f 604 605 603
f 603 605 606
f 608 609 607
f 607 609 610
f 612 613 611
f 611 613 614
f 615 616 618
f 618 616 617
f 620 621 619
f 619 621 622
f 624 625 623
f 623 625 626
f 628 629 627
f 627 629 630
f 632 633 631
f 631 633 634
f 635 636 638
f 638 636 637
f 639 640 642
f 642 640 641
f 644 645 643
f 643 645 646
f 619 622 647
f 647 622 648
f 650 651 649
f 649 651 652
f 601 653 602
f 602 653 654
f 656 657 655
f 655 657 658
f 660 661 659
f 659 661 662
f 664 665 663
f 663 665 666
f 593 594 667
f 667 594 668
f 669 670 672
f 672 670 671
f 673 674 676
f 676 674 675
f 633 632 677
f 677 632 678
f 663 666 679
f 679 666 680
f 681 682 684
f 684 682 683
f 686 687 685
f 685 687 688
f 690 661 689
f 689 661 691
f 693 686 692
f 692 686 685
f 695 597 694
f 694 597 668
f 594 696 668
f 668 696 694
f 697 698 696
f 696 698 699
f 700 701 697
f 697 701 698
f 702 585 703
f 703 585 588
f 671 690 672
f 672 690 689
f 640 639 704
f 704 639 705
f 679 706 663
f 663 706 658
f 708 709 707
f 707 709 710
f 711 712 610
f 610 712 607
f 713 714 716
f 716 714 715
f 717 718 720
f 720 718 719
f 722 634 721
f 721 634 633
f 724 725 723
f 723 725 726
f 728 729 727
f 727 729 730
f 732 733 731
f 731 733 734
f 707 710 735
f 735 710 736
f 643 737 644
f 644 737 738
f 740 741 739
f 739 741 742
f 608 744 743
f 743 744 745
f 747 748 746
f 746 748 749
f 751 752 750
f 750 752 753
f 754 755 757
f 757 755 756
f 758 759 761
f 761 759 760
f 763 764 762
f 762 764 765
f 767 768 766
f 766 768 769
f 771 772 770
f 770 772 773
f 775 776 774
f 774 776 777
f 779 780 778
f 778 780 781
f 783 712 782
f 782 712 784
f 785 786 788
f 788 786 787
f 790 628 789
f 789 628 627
f 792 793 791
f 791 793 794
f 795 796 726
f 726 796 723
f 798 799 797
f 797 799 800
f 721 633 801
f 801 633 677
f 797 800 802
f 802 800 803
f 805 806 804
f 804 806 807
f 809 810 808
f 808 810 811
f 813 814 812
f 812 814 815
f 809 808 817
f 817 808 816
f 818 819 804
f 804 819 805
f 820 821 818
f 818 821 819
f 821 820 587
f 587 820 822
f 809 823 810
f 810 823 824
f 814 807 815
f 815 807 806
f 826 426 825
f 825 426 223
f 426 826 427
f 427 826 827
f 828 829 454
f 454 829 830
f 831 832 677
f 677 832 801
f 834 835 833
f 833 835 836
f 838 839 837
f 837 839 840
f 841 842 844
f 844 842 843
f 845 846 803
f 803 846 802
f 847 831 678
f 678 831 677
f 848 849 851
f 851 849 850
f 853 854 852
f 852 854 855
f 857 858 856
f 856 858 680
f 860 861 859
f 859 861 862
f 864 865 863
f 863 865 866
f 868 869 867
f 867 869 870
f 839 871 840
f 840 871 872
f 849 848 874
f 874 848 873
f 876 877 875
f 875 877 878
f 880 881 879
f 879 881 882
f 883 884 886
f 886 884 885
f 846 887 802
f 802 887 888
f 890 891 889
f 889 891 888
f 893 894 892
f 892 894 895
f 896 897 728
f 728 897 729
f 899 900 898
f 898 900 901
f 902 852 904
f 904 852 903
f 849 905 850
f 850 905 906
f 875 878 907
f 907 878 908
f 910 911 909
f 909 911 912
f 914 915 913
f 913 915 916
f 917 918 862
f 862 918 859
f 919 920 856
f 856 920 921
f 923 924 922
f 922 924 925
f 926 927 925
f 925 927 922
f 929 930 928
f 928 930 693
f 932 695 931
f 931 695 694
f 823 867 824
f 824 867 933
f 935 936 934
f 934 936 937
f 938 868 823
f 823 868 867
f 940 847 939
f 939 847 678
f 632 655 678
f 678 655 939
f 941 942 619
f 619 942 620
f 687 943 688
f 688 943 944
f 851 850 945
f 945 850 903
f 850 906 903
f 903 906 904
f 946 947 949
f 949 947 948
f 951 952 950
f 950 952 953
f 955 956 954
f 954 956 957
f 907 958 875
f 875 958 874
f 960 961 959
f 959 961 962
f 963 853 902
f 902 853 852
f 909 964 910
f 910 964 965
f 967 968 966
f 966 968 969
f 971 972 970
f 970 972 973
f 974 960 975
f 975 960 959
f 977 978 976
f 976 978 979
f 981 977 980
f 980 977 976
f 980 982 981
f 981 982 983
f 985 983 984
f 984 983 982
f 984 986 985
f 985 986 987
f 989 990 988
f 988 990 991
f 993 994 992
f 992 994 995
f 997 998 996
f 996 998 999
f 1001 1002 1000
f 1000 1002 1003
f 1005 1006 1004
f 1004 1006 1007
f 1004 1008 1005
f 1005 1008 1009
f 1008 1010 1009
f 1009 1010 1011
f 1013 1011 1012
f 1012 1011 1010
f 1014 1015 1017
f 1017 1015 1016
f 1019 1020 1018
f 1018 1020 1021
f 1022 1023 976
f 976 1023 980
f 1024 1025 982
f 982 1025 984
f 992 995 1026
f 1026 995 1027
f 956 955 1028
f 1028 955 1029
f 1030 1031 1033
f 1033 1031 1032
f 1010 1008 1034
f 1034 1008 1035
f 1008 1004 1035
f 1035 1004 1036
f 1037 1038 1002
f 1002 1038 1007
f 1002 1001 1037
f 1037 1001 1039
f 1040 1041 997
f 997 1041 998
f 1015 1014 1043
f 1043 1014 1042
f 1044 1045 1047
f 1047 1045 1046
f 1044 1020 1048
f 1048 1020 1049
f 1050 1051 1003
f 1003 1051 1000
f 1052 1050 1006
f 1006 1050 1003
f 1053 1054 1011
f 1011 1054 1009
f 1013 1045 1055
f 1055 1045 1056
f 1058 1059 1057
f 1057 1059 1060
f 1062 1063 1061
f 1061 1063 1064
f 1065 1066 1050
f 1050 1066 1051
f 1067 1065 1052
f 1052 1065 1050
f 1068 1069 1054
f 1054 1069 1070
f 1071 1068 1053
f 1053 1068 1054
f 1073 1071 1072
f 1072 1071 1074
f 1074 1071 1055
f 1055 1071 1053
f 1076 1077 1075
f 1075 1077 1078
f 1079 1080 1057
f 1057 1080 1058
f 1081 1082 1064
f 1064 1082 1061
f 1084 1085 1083
f 1083 1085 1086
f 1088 1089 1087
f 1087 1089 1090
f 1092 1093 1091
f 1091 1093 1094
f 1096 1097 1095
f 1095 1097 1098
f 1099 1100 1102
f 1102 1100 1101
f 1103 1104 1099
f 1099 1104 1100
f 1106 1107 1105
f 1105 1107 1108
f 1110 1111 1109
f 1109 1111 1112
f 1114 1115 1113
f 1113 1115 1116
f 1118 1119 1117
f 1117 1119 1077
f 1117 1120 1122
f 1122 1120 1121
f 1105 1123 1106
f 1106 1123 1124
f 1125 1126 1128
f 1128 1126 1127
f 1130 1131 1129
f 1129 1131 1132
f 1134 1135 1133
f 1133 1135 1114
f 1113 1136 1114
f 1114 1136 1133
f 1118 1137 1113
f 1113 1137 1136
f 1118 1117 1137
f 1137 1117 1122
f 1139 1140 1138
f 1138 1140 1141
f 1143 953 1142
f 1142 953 952
f 1145 957 1144
f 1144 957 956
f 1028 1146 956
f 956 1146 1144
f 1014 1147 1042
f 1042 1147 1148
f 1014 1017 1147
f 1147 1017 1149
f 1059 1058 1150
f 1150 1058 1151
f 1153 1080 1152
f 1152 1080 1154
f 1156 1088 1155
f 1155 1088 1087
f 1157 1158 1106
f 1106 1158 1107
f 1106 1124 1157
f 1157 1124 1159
f 1161 1162 1160
f 1160 1162 1163
f 1165 1166 1164
f 1164 1166 1167
f 1168 1031 1012
f 1012 1031 1046
f 1024 1023 1035
f 1035 1023 1034
f 1036 1038 1025
f 1025 1038 1169
f 1170 1171 1039
f 1039 1171 1037
f 1028 1029 1042
f 1042 1029 1043
f 1172 1173 1175
f 1175 1173 1174
f 1055 1053 1013
f 1013 1053 1011
f 1005 1009 1070
f 1070 1009 1054
f 996 999 1062
f 1062 999 1063
f 1016 1060 1017
f 1017 1060 1059
f 1017 1059 1149
f 1149 1059 1150
f 1177 1178 1176
f 1176 1178 1103
f 1176 1072 1179
f 1179 1072 1074
f 1073 1102 1086
f 1086 1102 1083
f 1180 1181 1067
f 1067 1181 1065
f 1182 1183 1184
f 1184 1183 1181
f 1186 1187 1185
f 1185 1187 1188
f 1189 1190 798
f 798 1190 799
f 1192 1193 1191
f 1191 1193 1194
f 1195 1196 1194
f 1194 1196 1191
f 1196 1195 1198
f 1198 1195 1197
f 1200 674 1199
f 1199 674 673
f 928 1201 1203
f 1203 1201 1202
f 861 1204 862
f 862 1204 921
f 1205 1206 913
f 913 1206 1207
f 882 1208 879
f 879 1208 1209
f 1210 1211 1167
f 1167 1211 1164
f 1212 769 1213
f 1213 769 768
f 727 1214 728
f 728 1214 1215
f 1217 1218 1216
f 1216 1218 1219
f 1220 813 1221
f 1221 813 812
f 827 828 427
f 427 828 454
f 1223 1224 1222
f 1222 1224 1165
f 1226 1227 1225
f 1225 1227 1228
f 851 1229 848
f 848 1229 1230
f 834 854 835
f 835 854 1231
f 1233 1234 1232
f 1232 1234 1235
f 1237 751 1236
f 1236 751 750
f 743 819 1238
f 1238 819 821
f 1240 1241 1239
f 1239 1241 1242
f 1244 1245 1243
f 1243 1245 1246
f 844 1247 841
f 841 1247 1248
f 1250 1251 1249
f 1249 1251 1252
f 1254 893 1253
f 1253 893 1237
f 1255 1256 1258
f 1258 1256 1257
f 1260 1261 1259
f 1259 1261 1262
f 945 903 855
f 855 903 852
f 855 1263 945
f 945 1263 1264
f 832 845 801
f 801 845 803
f 800 721 803
f 803 721 801
f 721 800 722
f 722 800 799
f 1266 1267 1265
f 1265 1267 1268
f 1270 795 1269
f 1269 795 726
f 725 1271 726
f 726 1271 1269
f 737 765 738
f 738 765 764
f 759 740 760
f 760 740 739
f 717 1272 1274
f 1274 1272 1273
f 1163 1226 1275
f 1275 1226 1225
f 1277 882 1276
f 1276 882 881
f 1041 1040 1027
f 1027 1040 1026
f 900 935 901
f 901 935 934
f 1164 1278 1165
f 1165 1278 1222
f 1211 1279 1164
f 1164 1279 1278
f 442 1280 453
f 453 1280 1281
f 788 1282 785
f 785 1282 1283
f 1285 1286 1284
f 1284 1286 1287
f 1284 1288 1285
f 1285 1288 1289
f 757 1289 754
f 754 1289 1288
f 605 604 675
f 675 604 676
f 1290 1291 1293
f 1293 1291 1292
f 1295 1296 1294
f 1294 1296 1297
f 696 699 694
f 694 699 931
f 1298 1299 592
f 592 1299 589
f 1299 1300 589
f 589 1300 700
f 1300 1301 700
f 700 1301 701
f 743 745 819
f 819 745 805
f 1303 1304 1302
f 1302 1304 1305
f 1306 1307 1305
f 1305 1307 1302
f 609 1298 610
f 610 1298 592
f 587 822 588
f 588 822 1308
f 703 588 1309
f 1309 588 1308
f 1310 703 571
f 571 703 1309
f 1311 1312 789
f 789 1312 790
f 825 223 1313
f 1313 223 220
f 219 1314 220
f 220 1314 1313
f 1315 1316 1311
f 1311 1316 1312
f 1317 1318 1319
f 1319 1318 1241
f 441 1320 442
f 442 1320 1280
f 1321 217 572
f 572 217 216
f 1323 1230 1322
f 1322 1230 1229
f 1324 1325 631
f 631 1325 656
f 1034 1168 1010
f 1010 1168 1012
f 1327 1328 1326
f 1326 1328 1329
f 1331 1202 1330
f 1330 1202 1201
f 571 1309 572
f 572 1309 1321
f 573 572 1332
f 1332 572 216
f 1334 1335 1333
f 1333 1335 1336
f 1337 1338 918
f 918 1338 859
f 1339 863 1340
f 1340 863 866
f 1341 1342 1344
f 1344 1342 1343
f 1345 1346 919
f 919 1346 920
f 1347 1348 673
f 673 1348 1199
f 693 1349 928
f 928 1349 1201
f 1351 1257 1350
f 1350 1257 1256
f 1350 1352 1351
f 1351 1352 1353
f 653 930 654
f 654 930 662
f 1279 1354 1278
f 1278 1354 1355
f 1357 1358 1356
f 1356 1358 1359
f 937 1360 1140
f 1140 1360 1361
f 1225 1228 909
f 909 1228 964
f 901 934 1362
f 1362 934 1139
f 1364 1365 1363
f 1363 1365 1362
f 1367 912 1366
f 1366 912 911
f 1143 1142 1368
f 1368 1142 1369
f 1144 1186 1145
f 1145 1186 1185
f 1146 1175 1144
f 1144 1175 1186
f 1175 1146 1172
f 1172 1146 1148
f 1147 1018 1148
f 1148 1018 1172
f 1018 1147 1019
f 1019 1147 1149
f 1149 1150 1019
f 1019 1150 1370
f 1150 1151 1370
f 1370 1151 1371
f 1151 1153 1371
f 1371 1153 1177
f 1152 1156 1178
f 1178 1156 1372
f 1155 1158 1373
f 1373 1158 1374
f 1157 1159 1376
f 1376 1159 1375
f 1378 1379 1377
f 1377 1379 1380
f 1382 1383 1381
f 1381 1383 1384
f 1382 1386 1385
f 1385 1386 1387
f 1386 1233 1387
f 1387 1233 1232
f 1389 1390 1388
f 1388 1390 1391
f 1393 1394 1392
f 1392 1394 1395
f 1397 1398 1396
f 1396 1398 1399
f 629 1397 630
f 630 1397 1396
f 1342 1400 1343
f 1343 1400 1401
f 1403 1404 1402
f 1402 1404 1405
f 1407 1408 1406
f 1406 1408 1409
f 1411 1412 1410
f 1410 1412 1413
f 793 1414 794
f 794 1414 1415
f 1417 1341 1416
f 1416 1341 1344
f 704 705 1347
f 1347 705 1418
f 741 1419 742
f 742 1419 1420
f 1422 669 1421
f 1421 669 672
f 645 1423 646
f 646 1423 1424
f 1196 1198 614
f 614 1198 611
f 613 1425 614
f 614 1425 1426
f 1427 616 659
f 659 616 660
f 614 1426 1196
f 1196 1426 1191
f 696 594 697
f 697 594 590
f 697 590 700
f 700 590 589
f 703 1310 702
f 702 1310 1428
f 1421 672 1192
f 1192 672 689
f 1271 648 1269
f 1269 648 622
f 621 1270 622
f 622 1270 1269
f 1429 1430 1417
f 1417 1430 1341
f 1431 1432 1434
f 1434 1432 1433
f 1436 1437 1435
f 1435 1437 1438
f 1440 1441 1439
f 1439 1441 1442
f 1443 1444 1446
f 1446 1444 1445
f 823 809 938
f 938 809 817
f 810 1447 811
f 811 1447 1448
f 1449 1450 679
f 679 1450 706
f 913 916 1205
f 1205 916 1451
f 1275 1225 912
f 912 1225 909
f 1452 1453 880
f 880 1453 881
f 1444 1401 1445
f 1445 1401 1400
f 936 1454 937
f 937 1454 1360
f 824 1455 810
f 810 1455 1447
f 631 656 632
f 632 656 655
f 966 1456 967
f 967 1456 1457
f 1459 1460 1458
f 1458 1460 1461
f 1460 1462 1461
f 1461 1462 1463
f 972 974 973
f 973 974 975
f 990 995 991
f 991 995 994
f 1464 1187 1033
f 1033 1187 1174
f 1018 1021 1172
f 1172 1021 1173
f 1000 999 1001
f 1001 999 998
f 976 979 1022
f 1022 979 1032
f 1023 1024 980
f 980 1024 982
f 989 986 1171
f 1171 986 1169
f 1171 1170 989
f 989 1170 990
f 1170 1027 990
f 990 1027 995
f 1041 1039 998
f 998 1039 1001
f 1051 1063 1000
f 1000 1063 999
f 1066 1064 1051
f 1051 1064 1063
f 1183 1081 1066
f 1066 1081 1064
f 1178 1372 1103
f 1103 1372 1104
f 1092 1091 1465
f 1465 1091 1182
f 1467 1465 1466
f 1466 1465 1468
f 1469 1470 1184
f 1184 1470 1468
f 1095 1098 1471
f 1471 1098 1101
f 1076 1374 1120
f 1120 1374 1376
f 1110 1472 1127
f 1127 1472 1132
f 1472 1473 1132
f 1132 1473 1129
f 1474 1475 1466
f 1466 1475 1473
f 1119 1118 1116
f 1116 1118 1113
f 1375 1121 1376
f 1376 1121 1120
f 1127 1132 1128
f 1128 1132 1131
f 1227 1476 1228
f 1228 1476 1361
f 1365 1477 1362
f 1362 1477 872
f 1478 1479 1323
f 1323 1479 1230
f 1480 1481 914
f 914 1481 915
f 913 1277 914
f 914 1277 1276
f 1168 1034 1022
f 1022 1034 1023
f 1035 1036 1024
f 1024 1036 1025
f 1039 1041 1170
f 1170 1041 1027
f 1042 1148 1028
f 1028 1148 1146
f 968 1459 969
f 969 1459 1458
f 1482 1483 664
f 664 1483 665
f 1485 1486 1484
f 1484 1486 1487
f 1489 1490 1488
f 1488 1490 1491
f 1492 1493 722
f 722 1493 634
f 1495 1496 1494
f 1494 1496 1497
f 1498 1207 1339
f 1339 1207 863
f 1224 1499 1165
f 1165 1499 1166
f 1160 1163 1500
f 1500 1163 1275
f 1500 877 1160
f 1160 877 1501
f 876 873 1502
f 1502 873 1479
f 945 1264 851
f 851 1264 1229
f 835 1231 839
f 839 1231 871
f 1503 1283 778
f 778 1283 1282
f 716 715 1505
f 1505 715 1504
f 1446 1445 1507
f 1507 1445 1506
f 779 792 1381
f 1381 792 791
f 1430 1409 1341
f 1341 1409 1342
f 1411 1429 1508
f 1508 1429 1417
f 635 1510 1509
f 1509 1510 1511
f 1377 1380 1315
f 1315 1380 1316
f 1445 1400 1506
f 1506 1400 1408
f 918 917 1336
f 1336 917 1333
f 1513 1514 1512
f 1512 1514 870
f 1515 1516 1363
f 1363 1516 1364
f 1453 1517 881
f 881 1517 1276
f 992 1518 993
f 993 1518 1519
f 1520 1029 1518
f 1518 1029 955
f 1520 1026 1521
f 1521 1026 1040
f 1522 1015 1521
f 1521 1015 1043
f 996 1523 997
f 997 1523 1522
f 1060 1016 1524
f 1524 1016 1523
f 1061 1525 1062
f 1062 1525 1524
f 1079 1527 1526
f 1526 1527 1528
f 1093 1529 1094
f 1094 1529 1528
f 1111 1530 1112
f 1112 1530 1531
f 1532 1533 1105
f 1105 1533 1123
f 934 937 1139
f 1139 937 1140
f 1138 1363 1139
f 1139 1363 1362
f 1534 1222 1355
f 1355 1222 1278
f 1535 1223 1534
f 1534 1223 1222
f 821 587 1238
f 1238 587 586
f 1319 711 1317
f 1317 711 1536
f 1538 1200 1537
f 1537 1200 1199
f 1508 1417 1539
f 1539 1417 1416
f 1540 1541 840
f 840 1541 837
f 1231 898 871
f 871 898 901
f 1500 1275 1367
f 1367 1275 912
f 1543 1379 1542
f 1542 1379 1395
f 1539 772 1508
f 1508 772 1544
f 1546 1403 1545
f 1545 1403 1402
f 1548 1549 1547
f 1547 1549 1550
f 1552 1548 1551
f 1551 1548 1547
f 1554 1555 1553
f 1553 1555 1556
f 1558 1559 1557
f 1557 1559 1560
f 1562 1563 1561
f 1561 1563 1564
f 1566 1567 1565
f 1565 1567 1568
f 1570 1571 1569
f 1569 1571 1572
f 1574 1575 1573
f 1573 1575 1576
f 1577 1578 1572
f 1572 1578 1569
f 1580 1581 1579
f 1579 1581 1582
f 1584 1585 1583
f 1583 1585 1586
f 1588 1555 1587
f 1587 1555 1589
f 1591 1592 1590
f 1590 1592 1593
f 1595 1596 1594
f 1594 1596 1597
f 1596 1581 1597
f 1597 1581 1576
f 1599 1570 1598
f 1598 1570 1569
f 1601 1602 1600
f 1600 1602 1603
f 1605 1606 1604
f 1604 1606 1607
f 1608 1609 1568
f 1568 1609 1565
f 1611 1612 1610
f 1610 1612 1613
f 1615 1616 1614
f 1614 1616 1617
f 1619 1617 1618
f 1618 1617 1616
f 1621 1622 1620
f 1620 1622 1623
f 1625 1626 1624
f 1624 1626 1627
f 1629 1630 1628
f 1628 1630 1631
f 1633 1634 1632
f 1632 1634 1635
f 1636 1637 1639
f 1639 1637 1638
f 1641 1642 1640
f 1640 1642 1643
f 1624 1627 1644
f 1644 1627 1645
f 1647 1648 1646
f 1646 1648 1649
f 1651 1652 1650
f 1650 1652 1653
f 1655 1656 1654
f 1654 1656 1657
f 1659 1660 1658
f 1658 1660 1661
f 1662 1663 1631
f 1631 1663 1628
f 1651 1665 1664
f 1664 1665 1666
f 1667 1656 1619
f 1619 1656 1617
f 1669 1670 1668
f 1668 1670 1671
f 1632 1635 1672
f 1672 1635 1673
f 1674 1675 1638
f 1638 1675 1639
f 1677 1678 1676
f 1676 1678 1679
f 1680 1640 1681
f 1681 1640 1643
f 1682 1683 1643
f 1643 1683 1681
f 1670 1669 1235
f 1235 1669 1232
f 1396 1399 1674
f 1674 1399 1675
f 627 630 1679
f 1679 630 1676
f 1681 1315 1680
f 1680 1315 1311
f 1683 1377 1681
f 1681 1377 1315
f 1672 1673 1387
f 1387 1673 1385
f 1636 1684 1646
f 1646 1684 1685
f 1687 1688 1686
f 1686 1688 1689
f 1585 1690 1586
f 1586 1690 1691
f 1599 1692 1551
f 1551 1692 1693
f 1552 1558 1694
f 1694 1558 1557
f 1696 1615 1695
f 1695 1615 1614
f 1698 1699 1697
f 1697 1699 1623
f 1700 1701 1703
f 1703 1701 1702
f 1705 1706 1704
f 1704 1706 1707
f 1708 1709 1640
f 1640 1709 1641
f 1710 1711 1713
f 1713 1711 1712
f 1652 1655 1653
f 1653 1655 1654
f 1714 1699 1712
f 1712 1699 1713
f 1715 1710 1716
f 1716 1710 1713
f 1717 1708 1680
f 1680 1708 1640
f 1393 1392 1715
f 1715 1392 1710
f 1719 1720 1718
f 1718 1720 1721
f 1680 1311 1717
f 1717 1311 789
f 1378 1711 1392
f 1392 1711 1710
f 1388 1391 1719
f 1719 1391 1720
f 1723 1606 1722
f 1722 1606 1689
f 1725 1568 1724
f 1724 1568 1567
f 1726 1647 1685
f 1685 1647 1646
f 1728 1554 1727
f 1727 1554 1553
f 1591 1687 1600
f 1600 1687 1686
f 1730 1595 1729
f 1729 1595 1594
f 1601 1605 1731
f 1731 1605 1604
f 1733 1663 1732
f 1732 1663 1734
f 1736 1639 1735
f 1735 1639 1675
f 1658 1644 1737
f 1737 1644 1645
f 1726 1662 1724
f 1724 1662 1631
f 1399 1738 1675
f 1675 1738 1735
f 1621 1667 1739
f 1739 1667 1619
f 1714 1740 1620
f 1620 1740 1741
f 1592 1549 1593
f 1593 1549 1742
f 1602 1571 1603
f 1603 1571 1550
f 1688 1690 1689
f 1689 1690 1722
f 1588 1559 1582
f 1582 1559 1579
f 1673 1735 1385
f 1385 1735 1738
f 1387 1232 1672
f 1672 1232 1669
f 1580 1692 1573
f 1573 1692 1743
f 1377 1683 1378
f 1378 1683 1711
f 1664 1666 1744
f 1744 1666 1745
f 1744 1696 1664
f 1664 1696 1695
f 1746 1747 1732
f 1732 1747 1748
f 1749 1750 1677
f 1677 1750 1678
f 1709 1708 1750
f 1750 1708 1678
f 1668 1632 1669
f 1669 1632 1672
f 1633 1746 1734
f 1734 1746 1732
f 1679 1678 1717
f 1717 1678 1708
f 789 627 1717
f 1717 627 1679
f 1563 1723 1564
f 1564 1723 1722
f 1728 1584 1751
f 1751 1584 1583
f 1674 1676 1396
f 1396 1676 630
f 1666 1566 1745
f 1745 1566 1565
f 1627 1629 1645
f 1645 1629 1628
f 1637 1749 1638
f 1638 1749 1677
f 1648 1665 1649
f 1649 1665 1752
f 1740 1642 1741
f 1741 1642 1657
f 1676 1674 1677
f 1677 1674 1638
f 1683 1682 1711
f 1711 1682 1712
f 1618 1753 1619
f 1619 1753 1739
f 1701 1739 1702
f 1702 1739 1753
f 1754 1214 1756
f 1756 1214 1755
f 647 1757 619
f 619 1757 941
f 1759 1193 1758
f 1758 1193 691
f 1419 1760 1420
f 1420 1760 1761
f 682 1762 683
f 683 1762 1763
f 1412 780 1413
f 1413 780 1384
f 1383 1398 1384
f 1384 1398 1413
f 1197 1424 1764
f 1764 1424 1423
f 1537 1287 1538
f 1538 1287 1286
f 1634 1684 1635
f 1635 1684 1736
f 1724 1631 1725
f 1725 1631 1630
f 1562 1730 1610
f 1610 1730 1729
f 1735 1673 1736
f 1736 1673 1635
f 1757 1195 941
f 941 1195 1194
f 1766 200 1765
f 1765 200 199
f 475 500 476
f 476 500 479
f 498 558 483
f 483 558 487
f 545 551 546
f 546 551 550
f 453 1281 219
f 219 1281 1314
f 298 453 208
f 208 453 219
f 368 1765 1767
f 1767 1765 199
f 523 405 363
f 363 405 404
f 523 533 405
f 405 533 402
f 298 208 299
f 299 208 207
f 299 207 176
f 176 207 300
f 176 300 173
f 173 300 202
f 173 202 174
f 174 202 201
f 1337 918 1768
f 1768 918 1336
f 1769 1770 1338
f 1338 1770 859
f 581 570 578
f 578 570 1771
f 555 562 580
f 580 562 561
f 504 1772 501
f 501 1772 548
f 517 542 584
f 584 542 543
f 515 514 516
f 516 514 544
f 542 517 544
f 544 517 516
f 561 575 580
f 580 575 581
f 575 569 581
f 581 569 570
f 501 548 1773
f 1773 548 547
f 1774 1775 570
f 570 1775 1771
f 369 368 1776
f 1776 368 1767
f 372 369 375
f 375 369 1776
f 822 1280 1308
f 1308 1280 1320
f 820 1281 822
f 822 1281 1280
f 818 1314 820
f 820 1314 1281
f 1314 818 1313
f 1313 818 804
f 807 814 825
f 825 814 826
f 814 813 826
f 826 813 827
f 813 1220 827
f 827 1220 828
f 580 579 555
f 555 579 547
f 1477 1540 872
f 872 1540 840
f 367 499 368
f 368 499 1765
f 1766 1765 525
f 525 1765 499
f 1777 1766 526
f 526 1766 525
f 520 527 362
f 362 527 384
f 361 1778 519
f 519 1778 528
f 371 1779 372
f 372 1779 369
f 369 1779 370
f 370 1779 478
f 1779 371 478
f 478 371 374
f 1778 1777 528
f 528 1777 526
f 1781 1782 1780
f 1780 1782 1783
f 431 460 67
f 67 460 64
f 68 338 74
f 74 338 72
f 1785 1782 1784
f 1784 1782 1786
f 1787 1788 1790
f 1790 1788 1789
f 1792 1789 1791
f 1791 1789 1793
f 1791 1794 1792
f 1792 1794 1795
f 1794 1796 1795
f 1795 1796 1797
f 1797 1798 938
f 938 1798 868
f 1798 1799 868
f 868 1799 869
f 1801 1802 1800
f 1800 1802 1451
f 1803 1804 1205
f 1205 1804 1206
f 1805 1806 864
f 864 1806 865
f 1806 1807 865
f 865 1807 1808
f 68 71 338
f 287 328 288
f 1320 1321 1308
f 1308 1321 1309
f 1320 441 1321
f 1321 441 217
f 441 152 217
f 217 152 218
f 151 286 152
f 152 286 218
f 297 310 151
f 151 310 286
f 296 307 297
f 297 307 310
f 296 143 307
f 307 143 284
f 143 56 284
f 284 56 104
f 56 59 104
f 104 59 63
f 59 102 63
f 63 102 60
f 102 94 60
f 60 94 282
f 93 459 279
f 279 459 77
f 459 460 77
f 77 460 78
f 460 431 78
f 78 431 295
f 431 49 295
f 295 49 292
f 48 421 49
f 49 421 292
f 276 278 418
f 418 278 429
f 317 432 278
f 278 432 429
f 432 317 433
f 433 317 316
f 326 324 316
f 316 324 433
f 1536 592 1809
f 1809 592 591
f 1810 744 1812
f 1812 744 1811
f 1814 1815 1813
f 1813 1815 1816
f 1817 748 1818
f 1818 748 747
f 1812 1819 1810
f 1810 1819 1817
f 1820 1821 748
f 748 1821 749
f 1823 1824 1822
f 1822 1824 1825
f 1827 1828 1826
f 1826 1828 1829
f 1831 1832 1830
f 1830 1832 1833
f 1834 1827 1243
f 1243 1827 1826
f 1313 804 825
f 825 804 807
f 1835 1253 1236
f 1236 1253 1237
f 1836 1837 1438
f 1438 1837 1435
f 1838 1505 1840
f 1840 1505 1839
f 1841 1842 716
f 716 1842 713
f 1843 1844 1510
f 1510 1844 1845
f 1847 1848 1846
f 1846 1848 1849
f 1850 1240 1822
f 1822 1240 1239
f 636 1831 637
f 637 1831 1830
f 1852 1853 1851
f 1851 1853 1854
f 1855 1856 1858
f 1858 1856 1857
f 1846 1849 1859
f 1859 1849 1860
f 1343 1401 1509
f 1509 1401 1861
f 1509 1861 635
f 635 1861 636
f 1863 1864 1862
f 1862 1864 1865
f 1283 1503 1867
f 1867 1503 1866
f 1868 1867 681
f 681 1867 682
f 1286 1285 683
f 683 1285 684
f 757 756 1274
f 1274 756 1869
f 1274 1869 717
f 717 1869 718
f 1434 1433 719
f 719 1433 720
f 1200 1538 1545
f 1545 1538 1763
f 1285 1289 684
f 684 1289 1273
f 684 1273 681
f 681 1273 1272
f 785 1283 1868
f 1868 1283 1867
f 786 785 1870
f 1870 785 1868
f 1289 757 1273
f 1273 757 1274
f 1539 1416 1871
f 1871 1416 1872
f 773 1871 1403
f 1403 1871 1404
f 675 674 1405
f 1405 674 1402
f 1864 1873 1865
f 1865 1873 1874
f 638 1843 635
f 635 1843 1510
f 1344 1343 1511
f 1511 1343 1509
f 772 1539 773
f 773 1539 1871
f 674 1200 1402
f 1402 1200 1545
f 1538 1286 1763
f 1763 1286 683
f 1444 1443 1875
f 1875 1443 1876
f 1875 1876 1831
f 1831 1876 1832
f 1416 1344 1872
f 1872 1344 1511
f 1877 1878 774
f 774 1878 1879
f 1878 1847 1879
f 1879 1847 1846
f 1880 714 1881
f 1881 714 1848
f 1401 1444 1861
f 1861 1444 1875
f 1861 1875 636
f 636 1875 1831
f 1823 1863 1882
f 1882 1863 1862
f 1441 1440 1884
f 1884 1440 1883
f 1883 1852 1884
f 1884 1852 1851
f 1886 1887 1885
f 1885 1887 1888
f 1358 1889 1359
f 1359 1889 1890
f 1891 1886 1892
f 1892 1886 1885
f 774 1879 775
f 775 1879 1893
f 1859 1893 1846
f 1846 1893 1879
f 713 1842 1849
f 1849 1842 1860
f 1318 1895 1894
f 1894 1895 1896
f 1873 1897 1874
f 1874 1897 1898
f 1898 605 1899
f 1899 605 675
f 1405 1844 675
f 675 1844 1899
f 1404 1845 1405
f 1405 1845 1844
f 593 1296 591
f 591 1296 1809
f 1295 1292 1900
f 1900 1292 1895
f 606 1897 1291
f 1291 1897 1896
f 1510 1845 1511
f 1511 1845 1872
f 1871 1872 1404
f 1404 1872 1845
f 1866 770 1762
f 1762 770 1546
f 1762 682 1866
f 1866 682 1867
f 1870 1868 1272
f 1272 1868 681
f 1272 717 1870
f 1870 717 720
f 1870 720 786
f 786 720 1433
f 786 1433 787
f 787 1433 1432
f 1261 1414 1432
f 1432 1414 787
f 1389 1234 1260
f 1260 1234 1415
f 1719 1670 1388
f 1388 1670 1235
f 1718 1671 1719
f 1719 1671 1670
f 1705 1747 1718
f 1718 1747 1671
f 1659 1901 1704
f 1704 1901 1748
f 1877 1903 1902
f 1902 1903 1904
f 1259 1905 1390
f 1390 1905 1394
f 1715 1720 1393
f 1393 1720 1391
f 1716 1721 1715
f 1715 1721 1720
f 1698 1706 1716
f 1716 1706 1721
f 277 276 47
f 47 276 48
f 84 96 81
f 81 96 82
f 80 70 81
f 81 70 85
f 99 97 88
f 88 97 89
f 90 100 88
f 88 100 99
f 101 95 102
f 102 95 94
f 1906 1907 280
f 280 1907 281
f 97 86 89
f 89 86 85
f 60 282 61
f 61 282 281
f 83 82 46
f 46 82 47
f 293 292 420
f 420 292 421
f 419 1908 420
f 420 1908 1909
f 92 95 91
f 91 95 90
f 279 282 93
f 93 282 94
f 276 418 48
f 48 418 421
f 1910 1660 1697
f 1697 1660 1707
f 1703 1624 1700
f 1700 1624 1644
f 1622 1910 1623
f 1623 1910 1697
f 1701 1700 1911
f 1911 1700 1661
f 1700 1644 1661
f 1661 1644 1658
f 1901 1737 1733
f 1733 1737 1645
f 1625 1912 1604
f 1604 1912 1731
f 1912 1913 1731
f 1731 1913 1914
f 1913 1577 1914
f 1914 1577 1572
f 1915 1578 1616
f 1616 1578 1618
f 1915 1916 1598
f 1598 1916 1743
f 1916 1574 1743
f 1743 1574 1573
f 1575 1917 1576
f 1576 1917 1597
f 1917 1609 1597
f 1597 1609 1594
f 1608 1611 1729
f 1729 1611 1610
f 1918 1612 1629
f 1629 1612 1630
f 1626 1918 1627
f 1627 1918 1629
f 1920 1921 1919
f 1919 1921 1922
f 1920 1924 1923
f 1923 1924 1925
f 1926 1927 1924
f 1924 1927 1925
f 1929 1930 1928
f 1928 1930 1931
f 1932 1933 1935
f 1935 1933 1934
f 1937 1938 1936
f 1936 1938 1939
f 1941 1942 1940
f 1940 1942 1943
f 1941 1945 1944
f 1944 1945 1946
f 1947 1948 1694
f 1694 1948 1949
f 1950 1951 1953
f 1953 1951 1952
f 1955 1956 1954
f 1954 1956 1589
f 1958 1956 1957
f 1957 1956 1932
f 1960 1934 1959
f 1959 1934 1933
f 1962 1963 1961
f 1961 1963 1964
f 1965 1955 1751
f 1751 1955 1954
f 1935 1930 1932
f 1932 1930 1957
f 1951 1950 1926
f 1926 1950 1929
f 1966 1967 1593
f 1593 1967 1590
f 1969 1967 1968
f 1968 1967 1964
f 1962 1921 1970
f 1970 1921 1971
f 1963 1945 1964
f 1964 1945 1968
f 1972 1948 1922
f 1922 1948 1919
f 1966 1972 1961
f 1961 1972 1922
f 1958 1953 1587
f 1587 1953 1560
f 1974 1975 1973
f 1973 1975 1976
f 1978 1979 1977
f 1977 1979 1691
f 1979 1975 1691
f 1691 1975 1586
f 1938 1942 1939
f 1939 1942 1980
f 1952 1947 1557
f 1557 1947 1694
f 1969 1978 1981
f 1981 1978 1977
f 1983 1984 1982
f 1982 1984 1985
f 1986 1987 1989
f 1989 1987 1988
f 1990 1991 1983
f 1983 1991 1984
f 1990 1993 1992
f 1992 1993 1994
f 1995 1996 1994
f 1994 1996 1997
f 1999 2000 1998
f 1998 2000 2001
f 2003 2004 2002
f 2002 2004 2005
f 2007 2008 2006
f 2006 2008 2009
f 2011 2012 2010
f 2010 2012 2013
f 2014 2015 2017
f 2017 2015 2016
f 2018 2019 2021
f 2021 2019 2020
f 2022 1989 2024
f 2024 1989 2023
f 1989 1988 2023
f 2023 1988 2025
f 2026 2027 2017
f 2017 2027 2014
f 2029 2030 2028
f 2028 2030 2031
f 2033 2034 2032
f 2032 2034 2035
f 2032 2035 2036
f 2036 2035 2037
f 2039 2040 2038
f 2038 2040 2041
f 1982 2042 1983
f 1983 2042 2043
f 2045 2046 2044
f 2044 2046 2047
f 2049 2050 2048
f 2048 2050 2051
f 2053 2054 2052
f 2052 2054 2055
f 2057 2058 2056
f 2056 2058 2059
f 2060 2061 2033
f 2033 2061 2034
f 2063 2064 2062
f 2062 2064 2065
f 2066 2035 2067
f 2067 2035 2034
f 2069 2039 2068
f 2068 2039 2038
f 2025 2070 2023
f 2023 2070 2071
f 2072 2024 2071
f 2071 2024 2023
f 2074 2020 2073
f 2073 2020 2019
f 2050 2049 2047
f 2047 2049 2075
f 1983 2043 1990
f 1990 2043 1993
f 2006 2050 2007
f 2007 2050 2076
f 2050 2006 2051
f 2051 2006 2077
f 2079 2080 2078
f 2078 2080 2081
f 2082 2083 2085
f 2085 2083 2084
f 2010 2013 2086
f 2086 2013 2087
f 2089 2033 2088
f 2088 2033 2032
f 2090 2060 2089
f 2089 2060 2033
f 2092 2093 2091
f 2091 2093 2094
f 2096 1986 2095
f 2095 1986 2097
f 2097 1986 2022
f 2022 1986 1989
f 2015 2094 2016
f 2016 2094 2098
f 2016 2098 2100
f 2100 2098 2099
f 2017 2016 2101
f 2101 2016 2100
f 2017 2101 2026
f 2026 2101 2102
f 2100 2099 2104
f 2104 2099 2103
f 2104 2105 2100
f 2100 2105 2101
f 2105 2106 2101
f 2101 2106 2102
f 2108 2061 2107
f 2107 2061 2109
f 2111 2112 2110
f 2110 2112 2020
f 2020 2074 2110
f 2110 2074 2113
f 2115 2116 2114
f 2114 2116 2117
f 2118 2119 1995
f 1995 2119 2120
f 2121 2122 2027
f 2027 2122 2014
f 2047 2075 2044
f 2044 2075 2123
f 2124 2125 2127
f 2127 2125 2126
f 2129 2130 2128
f 2128 2130 2131
f 2132 2133 2057
f 2057 2133 2058
f 2134 1999 2136
f 2136 1999 2135
f 2055 2138 2137
f 2137 2138 2139
f 2141 2142 2140
f 2140 2142 2143
f 2083 2082 2064
f 2064 2082 2065
f 2082 2144 2065
f 2065 2144 2145
f 2040 2146 2041
f 2041 2146 2147
f 2060 2090 2148
f 2148 2090 2149
f 2048 2051 2137
f 2137 2051 2150
f 2151 1997 2135
f 2135 1997 1996
f 2152 2150 2077
f 2077 2150 2051
f 2046 2045 2118
f 2118 2045 2119
f 2154 2155 2153
f 2153 2155 2156
f 2158 2159 2157
f 2157 2159 2160
f 2162 2163 2161
f 2161 2163 2164
f 2164 2163 2165
f 2165 2163 2166
f 2168 2169 2167
f 2167 2169 2170
f 2003 2172 2171
f 2171 2172 2173
f 2174 2175 2002
f 2002 2175 2176
f 2145 2177 2065
f 2065 2177 2062
f 2178 2179 2180
f 2180 2179 2134
f 2181 2052 2152
f 2152 2052 2150
f 2040 2127 2146
f 2146 2127 2182
f 2130 2162 2131
f 2131 2162 2161
f 2052 2055 2150
f 2150 2055 2137
f 2184 2185 2183
f 2183 2185 2186
f 2159 2030 2160
f 2160 2030 2187
f 2146 2182 2029
f 2029 2182 2188
f 2189 2190 2192
f 2192 2190 2191
f 2172 2003 2176
f 2176 2003 2002
f 1998 2151 1999
f 1999 2151 2135
f 2177 2172 2062
f 2062 2172 2176
f 2172 2177 2173
f 2173 2177 2193
f 2063 2194 2064
f 2064 2194 2195
f 2066 2197 2196
f 2196 2197 2198
f 2002 2005 2174
f 2174 2005 2199
f 2004 2003 2200
f 2200 2003 2171
f 2198 2201 2171
f 2171 2201 2200
f 2197 2202 2198
f 2198 2202 2201
f 2202 2197 2203
f 2203 2197 2204
f 2196 2198 2173
f 2173 2198 2171
f 2205 2069 2170
f 2170 2069 2206
f 2197 2066 2204
f 2204 2066 2067
f 2107 2207 2108
f 2108 2207 2208
f 2210 2208 2209
f 2209 2208 2207
f 2185 2211 2212
f 2213 2214 2211
f 2211 2214 2212
f 1998 2001 2213
f 2213 2001 2214
f 2134 2215 1999
f 1999 2215 2000
f 2216 2217 2219
f 2219 2217 2218
f 2206 2220 2170
f 2170 2220 2167
f 2069 2068 2206
f 2206 2068 2221
f 2151 1998 2222
f 2222 1998 2213
f 2124 2039 2205
f 2205 2039 2069
f 2142 2223 2143
f 2143 2223 2128
f 2203 2186 2202
f 2202 2186 2185
f 2185 2184 2211
f 2211 2184 2224
f 2224 2225 2222
f 2222 2225 2226
f 2071 2227 2072
f 2072 2227 2228
f 2229 2074 2230
f 2230 2074 2073
f 2074 2229 2113
f 2113 2229 2231
f 2232 2225 2227
f 2227 2225 2224
f 2233 2234 2031
f 2031 2234 2028
f 2236 2231 2235
f 2235 2231 2229
f 2230 2183 2229
f 2229 2183 2235
f 2237 1987 2096
f 2096 1987 1986
f 2152 2238 2181
f 2181 2238 2239
f 2080 2240 2081
f 2081 2240 2241
f 2236 2242 1971
f 1971 2242 1970
f 1925 2113 1923
f 1923 2113 2231
f 2110 1927 2111
f 2111 1927 1928
f 2103 2111 1931
f 1931 2111 1928
f 1931 2243 2103
f 2103 2243 2104
f 2105 2104 2244
f 2244 2104 2243
f 1939 1980 2148
f 2148 1980 2109
f 1980 1944 2109
f 2109 1944 2107
f 1946 2245 2207
f 2207 2245 2209
f 2245 1970 2209
f 2209 1970 2242
f 2231 2236 1923
f 1923 2236 1971
f 2113 1925 2110
f 2110 1925 1927
f 2234 2246 2028
f 2028 2246 2147
f 2247 2248 2058
f 2058 2248 2059
f 2114 2117 2249
f 2249 2117 2250
f 2252 2253 2251
f 2251 2253 2254
f 2094 2015 2091
f 2091 2015 2255
f 2256 2255 2014
f 2014 2255 2015
f 2257 2145 2258
f 2258 2145 2144
f 2131 2161 2123
f 2123 2161 2044
f 2045 2044 2164
f 2164 2044 2161
f 2045 2164 2119
f 2119 2164 2165
f 2259 2120 2165
f 2165 2120 2119
f 2260 2261 2259
f 2259 2261 2120
f 2205 2262 2124
f 2124 2262 2125
f 2180 2263 2178
f 2178 2263 2264
f 2265 2266 2092
f 2092 2266 2093
f 1992 2267 2268
f 2184 2228 2224
f 2224 2228 2227
f 2048 2269 2049
f 2049 2269 2141
f 2129 2168 2157
f 2157 2168 2167
f 2049 2141 2075
f 2075 2141 2140
f 2199 2215 2270
f 2270 2215 2271
f 2142 2141 2272
f 2272 2141 2269
f 2089 2026 2090
f 2090 2026 2102
f 2146 2029 2147
f 2147 2029 2028
f 2111 2103 2112
f 2112 2103 2099
f 2061 2060 2109
f 2109 2060 2148
f 2273 2274 2041
f 2041 2274 2038
f 2260 2275 2261
f 2261 2275 2136
f 2057 2138 2132
f 2132 2138 2276
f 2272 2269 2056
f 2056 2269 2139
f 2277 2278 2270
f 2270 2278 2199
f 2029 2188 2030
f 2030 2188 2187
f 2040 2039 2127
f 2127 2039 2124
f 2064 2195 2083
f 2083 2195 2279
f 2056 2139 2057
f 2057 2139 2138
f 2278 2277 2247
f 2247 2277 2248
f 2062 2176 2063
f 2063 2176 2175
f 2280 2210 2242
f 2242 2210 2209
f 2282 2233 2281
f 2281 2233 2031
f 2216 2219 2283
f 2283 2219 2221
f 2158 2220 2218
f 2218 2220 2219
f 2217 2282 2218
f 2218 2282 2281
f 2220 2158 2167
f 2167 2158 2157
f 2223 2264 2128
f 2128 2264 2263
f 2261 1996 2120
f 2120 1996 1995
f 2213 2211 2222
f 2222 2211 2224
f 2283 2221 2284
f 2284 2221 2068
f 2135 1996 2136
f 2136 1996 2261
f 2144 2081 2258
f 2258 2081 2241
f 2235 2280 2236
f 2236 2280 2242
f 2246 2273 2147
f 2147 2273 2041
f 2036 2285 2032
f 2032 2285 2088
f 2077 2286 2152
f 2152 2286 2238
f 1937 1960 1973
f 1973 1960 1959
f 2070 2232 2071
f 2071 2232 2227
f 2244 2287 2105
f 2105 2287 2106
f 1936 1939 2149
f 2149 1939 2148
f 1944 1946 2107
f 2107 1946 2207
f 2285 2121 2088
f 2088 2121 2027
f 2253 2249 2254
f 2254 2249 2250
f 2006 2009 2077
f 2077 2009 2286
f 2289 2086 2288
f 2288 2086 2087
f 2223 2142 2290
f 2290 2142 2272
f 2128 2131 2143
f 2143 2131 2123
f 2156 2291 2153
f 2153 2291 2175
f 2292 2293 2278
f 2278 2293 2294
f 2075 2140 2123
f 2123 2140 2143
f 2262 2169 2275
f 2275 2169 2180
f 2275 2180 2136
f 2136 2180 2134
f 2274 2284 2038
f 2038 2284 2068
f 2127 2126 2182
f 2182 2126 2166
f 2094 2093 2098
f 2098 2093 2021
f 2098 2021 2099
f 2099 2021 2112
f 2018 2021 2266
f 2266 2021 2093
f 2251 2289 2252
f 2252 2289 2288
f 1997 2151 2226
f 2226 2151 2222
f 2206 2221 2220
f 2220 2221 2219
f 2269 2048 2139
f 2139 2048 2137
f 2159 2158 2281
f 2281 2158 2218
f 2156 2155 2190
f 2190 2155 2191
f 1974 1965 1583
f 1583 1965 1751
f 2088 2027 2089
f 2089 2027 2026
f 2030 2159 2031
f 2031 2159 2281
f 2106 2149 2102
f 2102 2149 2090
f 2287 1936 2106
f 2106 1936 2149
f 2293 2154 2294
f 2294 2154 2153
f 2021 2020 2112
f 2247 2295 2278
f 2278 2295 2292
f 2284 2296 2283
f 2283 2296 2297
f 2298 2296 2274
f 2274 2296 2284
f 2273 2299 2274
f 2274 2299 2298
f 2246 2300 2273
f 2273 2300 2299
f 2283 2297 2216
f 2216 2297 2301
f 2216 2301 2217
f 2217 2301 2302
f 2302 2303 2217
f 2217 2303 2282
f 2304 2301 2305
f 2305 2301 2297
f 2307 2308 2306
f 2306 2308 2309
f 2306 2310 2307
f 2307 2310 2311
f 2307 2312 2308
f 2308 2312 2313
f 2314 2315 2312
f 2312 2315 2316
f 2316 2317 2312
f 2312 2317 2313
f 2317 2305 2313
f 2313 2305 2318
f 2314 2312 2311
f 2311 2312 2307
f 2319 2320 2322
f 2322 2320 2321
f 2322 2311 2319
f 2319 2311 2310
f 2313 2318 2308
f 2308 2318 2309
f 2296 2298 2318
f 2318 2298 2309
f 2309 2298 2323
f 2323 2298 2299
f 2306 2309 2324
f 2324 2309 2323
f 2310 2306 2325
f 2325 2306 2324
f 2296 2318 2297
f 2297 2318 2305
f 2319 2310 2326
f 2326 2310 2325
f 2328 2325 2327
f 2327 2325 2324
f 2325 2328 2326
f 2326 2328 2329
f 2331 2328 2330
f 2330 2328 2327
f 2332 2333 2327
f 2327 2333 2330
f 2328 2331 2329
f 2329 2331 2334
f 2324 2323 2327
f 2327 2323 2332
f 2300 2332 2299
f 2299 2332 2323
f 2326 2335 2319
f 2319 2335 2320
f 2305 2317 2336
f 2336 2317 2316
f 2336 2316 2337
f 2337 2316 2315
f 2338 2304 2336
f 2336 2304 2305
f 2337 2339 2336
f 2336 2339 2338
f 2337 2315 2341
f 2341 2315 2340
f 2342 2300 2234
f 2234 2300 2246
f 2303 2343 2282
f 2282 2343 2233
f 2234 2233 2342
f 2342 2233 2343
f 2342 2343 2333
f 2333 2343 2344
f 2333 2344 2330
f 2330 2344 2345
f 2346 2344 2303
f 2303 2344 2343
f 2332 2300 2333
f 2333 2300 2342
f 2347 2346 2302
f 2302 2346 2303
f 2301 2304 2302
f 2302 2304 2347
f 2304 2338 2347
f 2347 2338 2348
f 2348 2349 2347
f 2347 2349 2346
f 2350 2351 2348
f 2348 2351 2349
f 2349 2345 2346
f 2346 2345 2344
f 2345 2349 2352
f 2352 2349 2351
f 2338 2339 2348
f 2348 2339 2350
f 2350 2339 2353
f 2353 2339 2354
f 2356 2357 2355
f 2355 2357 2353
f 2351 2350 2357
f 2357 2350 2353
f 2353 2354 2355
f 2355 2354 2335
f 2320 2335 2341
f 2341 2335 2354
f 2339 2337 2354
f 2354 2337 2341
f 2352 2331 2345
f 2345 2331 2330
f 2356 2334 2352
f 2352 2334 2331
f 2356 2352 2357
f 2357 2352 2351
f 2355 2329 2356
f 2356 2329 2334
f 2335 2326 2355
f 2355 2326 2329
f 2321 2314 2322
f 2322 2314 2311
f 2321 2320 2340
f 2340 2320 2341
f 2315 2314 2340
f 2340 2314 2321
f 2125 2260 2126
f 2126 2260 2259
f 2157 2160 2129
f 2129 2160 2130
f 2188 2163 2187
f 2187 2163 2162
f 2182 2166 2188
f 2188 2166 2163
f 2180 2169 2263
f 2263 2169 2168
f 2160 2187 2130
f 2130 2187 2162
f 2275 2260 2262
f 2262 2260 2125
f 2128 2263 2129
f 2129 2263 2168
f 2262 2205 2169
f 2169 2205 2170
f 2165 2166 2259
f 2259 2166 2126
f 2359 2360 2358
f 2358 2360 2361
f 2363 2364 2362
f 2362 2364 2365
f 2367 2363 2366
f 2366 2363 2362
f 2368 2369 2371
f 2371 2369 2370
f 2372 2373 2248
f 2248 2373 2059
f 2364 2374 2365
f 2365 2374 2375
f 2377 2378 2376
f 2376 2378 2379
f 2290 2380 2223
f 2223 2380 2381
f 2223 2381 2264
f 2264 2381 2382
f 2384 2385 2383
f 2383 2385 2386
f 2364 2371 2374
f 2374 2371 2387
f 2059 2373 2290
f 2290 2373 2380
f 2378 2360 2379
f 2379 2360 2388
f 2374 2387 2359
f 2359 2387 2389
f 2390 2367 2386
f 2386 2367 2391
f 2393 2394 2392
f 2392 2394 2395
f 2386 2391 2383
f 2383 2391 2396
f 2367 2366 2391
f 2391 2366 2397
f 2363 2367 2368
f 2368 2367 2390
f 2398 2399 2361
f 2361 2399 2358
f 2399 2400 2358
f 2358 2400 2375
f 2390 2401 2368
f 2368 2401 2369
f 2372 2384 2376
f 2376 2384 2383
f 2374 2359 2375
f 2375 2359 2358
f 2402 2403 2365
f 2365 2403 2362
f 2359 2389 2360
f 2360 2389 2388
f 2364 2363 2371
f 2371 2363 2368
f 2405 2398 2404
f 2404 2398 2361
f 2392 2395 2406
f 2406 2395 2397
f 2377 2396 2394
f 2394 2396 2395
f 2394 2393 2404
f 2404 2393 2405
f 2396 2377 2383
f 2383 2377 2376
f 2406 2397 2407
f 2407 2397 2366
f 2400 2402 2375
f 2375 2402 2365
f 2385 2270 2401
f 2401 2270 2271
f 2403 2407 2362
f 2362 2407 2366
f 2371 2370 2387
f 2387 2370 2382
f 2391 2397 2396
f 2396 2397 2395
f 2378 2377 2404
f 2404 2377 2394
f 2360 2378 2361
f 2361 2378 2404
f 2407 2408 2406
f 2406 2408 2409
f 2410 2408 2403
f 2403 2408 2407
f 2411 2410 2402
f 2402 2410 2403
f 2412 2411 2400
f 2400 2411 2402
f 2406 2409 2392
f 2392 2409 2413
f 2392 2413 2393
f 2393 2413 2414
f 2415 2405 2414
f 2414 2405 2393
f 2416 2413 2417
f 2417 2413 2409
f 2419 2420 2418
f 2418 2420 2421
f 2420 2422 2421
f 2421 2422 2423
f 2420 2424 2422
f 2422 2424 2425
f 2426 2427 2424
f 2424 2427 2428
f 2428 2429 2424
f 2424 2429 2425
f 2426 2424 2419
f 2419 2424 2420
f 2419 2418 2431
f 2431 2418 2430
f 2425 2432 2422
f 2422 2432 2423
f 2408 2410 2432
f 2432 2410 2423
f 2423 2410 2433
f 2433 2410 2411
f 2421 2423 2434
f 2434 2423 2433
f 2435 2418 2434
f 2434 2418 2421
f 2429 2417 2425
f 2425 2417 2432
f 2408 2432 2409
f 2409 2432 2417
f 2418 2435 2430
f 2430 2435 2436
f 2438 2435 2437
f 2437 2435 2434
f 2435 2438 2436
f 2436 2438 2439
f 2441 2438 2440
f 2440 2438 2437
f 2442 2443 2437
f 2437 2443 2440
f 2439 2438 2444
f 2444 2438 2441
f 2433 2442 2434
f 2434 2442 2437
f 2412 2442 2411
f 2411 2442 2433
f 2436 2445 2430
f 2430 2445 2446
f 2430 2446 2431
f 2431 2446 2447
f 2417 2429 2448
f 2448 2429 2428
f 2427 2449 2428
f 2428 2449 2448
f 2450 2416 2448
f 2448 2416 2417
f 2451 2450 2449
f 2449 2450 2448
f 2427 2452 2449
f 2449 2452 2453
f 2447 2446 2452
f 2452 2446 2453
f 2454 2412 2399
f 2399 2412 2400
f 2415 2455 2405
f 2405 2455 2398
f 2399 2398 2454
f 2454 2398 2455
f 2454 2455 2443
f 2443 2455 2456
f 2443 2456 2440
f 2440 2456 2457
f 2458 2456 2415
f 2415 2456 2455
f 2443 2442 2454
f 2454 2442 2412
f 2459 2458 2414
f 2414 2458 2415
f 2413 2416 2414
f 2414 2416 2459
f 2459 2416 2460
f 2460 2416 2450
f 2460 2461 2459
f 2459 2461 2458
f 2462 2463 2460
f 2460 2463 2461
f 2461 2457 2458
f 2458 2457 2456
f 2457 2461 2464
f 2464 2461 2463
f 2451 2462 2450
f 2450 2462 2460
f 2462 2451 2465
f 2465 2451 2466
f 2468 2469 2467
f 2467 2469 2465
f 2463 2462 2469
f 2469 2462 2465
f 2465 2466 2467
f 2467 2466 2445
f 2446 2445 2453
f 2453 2445 2466
f 2451 2449 2466
f 2466 2449 2453
f 2464 2441 2457
f 2457 2441 2440
f 2468 2444 2464
f 2464 2444 2441
f 2468 2464 2469
f 2469 2464 2463
f 2467 2439 2468
f 2468 2439 2444
f 2445 2436 2467
f 2467 2436 2439
f 2447 2426 2431
f 2431 2426 2419
f 2427 2426 2452
f 2452 2426 2447
f 2369 2179 2370
f 2370 2179 2178
f 2376 2379 2372
f 2372 2379 2373
f 2389 2381 2388
f 2388 2381 2380
f 2387 2382 2389
f 2389 2382 2381
f 2270 2385 2277
f 2277 2385 2384
f 2379 2388 2373
f 2373 2388 2380
f 2401 2271 2369
f 2369 2271 2179
f 2248 2277 2372
f 2372 2277 2384
f 2401 2390 2385
f 2385 2390 2386
f 2264 2382 2178
f 2178 2382 2370
f 2215 2134 2271
f 2271 2134 2179
f 2005 2000 2199
f 2199 2000 2215
f 2004 2001 2005
f 2005 2001 2000
f 2200 2214 2004
f 2004 2214 2001
f 2470 2471 2473
f 2473 2471 2472
f 2475 2476 2474
f 2474 2476 2477
f 2479 2475 2478
f 2478 2475 2474
f 2481 2482 2480
f 2480 2482 2483
f 2476 2484 2477
f 2477 2484 2485
f 2487 2488 2486
f 2486 2488 2489
f 2133 2490 2058
f 2058 2490 2491
f 2058 2491 2247
f 2247 2491 2492
f 2494 2495 2493
f 2493 2495 2496
f 2476 2483 2484
f 2484 2483 2497
f 2472 2498 2488
f 2488 2498 2489
f 2484 2497 2471
f 2471 2497 2499
f 2500 2479 2496
f 2496 2479 2501
f 2502 2503 2505
f 2505 2503 2504
f 2496 2501 2493
f 2493 2501 2506
f 2479 2478 2501
f 2501 2478 2507
f 2475 2479 2480
f 2480 2479 2500
f 2508 2509 2473
f 2473 2509 2470
f 2509 2510 2470
f 2470 2510 2485
f 2511 2481 2500
f 2500 2481 2480
f 2512 2494 2486
f 2486 2494 2493
f 2485 2484 2470
f 2470 2484 2471
f 2513 2514 2477
f 2477 2514 2474
f 2471 2499 2472
f 2472 2499 2498
f 2476 2475 2483
f 2483 2475 2480
f 2516 2508 2515
f 2515 2508 2473
f 2502 2505 2517
f 2517 2505 2507
f 2504 2487 2505
f 2505 2487 2506
f 2503 2516 2504
f 2504 2516 2515
f 2506 2487 2493
f 2493 2487 2486
f 2517 2507 2518
f 2518 2507 2478
f 2510 2513 2485
f 2485 2513 2477
f 2511 2495 2293
f 2293 2495 2154
f 2514 2518 2474
f 2474 2518 2478
f 2483 2482 2497
f 2497 2482 2492
f 2501 2507 2506
f 2506 2507 2505
f 2488 2487 2515
f 2515 2487 2504
f 2472 2488 2473
f 2473 2488 2515
f 2518 2519 2517
f 2517 2519 2520
f 2521 2519 2514
f 2514 2519 2518
f 2522 2521 2513
f 2513 2521 2514
f 2523 2522 2510
f 2510 2522 2513
f 2517 2520 2502
f 2502 2520 2524
f 2502 2524 2503
f 2503 2524 2525
f 2525 2526 2503
f 2503 2526 2516
f 2527 2524 2528
f 2528 2524 2520
f 2530 2531 2529
f 2529 2531 2532
f 2531 2533 2532
f 2532 2533 2534
f 2531 2535 2533
f 2533 2535 2536
f 2537 2538 2535
f 2535 2538 2539
f 2539 2540 2535
f 2535 2540 2536
f 2537 2535 2530
f 2530 2535 2531
f 2529 2541 2530
f 2530 2541 2542
f 2543 2534 2536
f 2536 2534 2533
f 2519 2521 2543
f 2543 2521 2534
f 2534 2521 2544
f 2544 2521 2522
f 2532 2534 2545
f 2545 2534 2544
f 2529 2532 2546
f 2546 2532 2545
f 2536 2540 2543
f 2543 2540 2528
f 2519 2543 2520
f 2520 2543 2528
f 2541 2529 2547
f 2547 2529 2546
f 2548 2549 2545
f 2545 2549 2546
f 2549 2550 2546
f 2546 2550 2547
f 2551 2552 2548
f 2548 2552 2549
f 2548 2553 2551
f 2551 2553 2554
f 2550 2549 2555
f 2555 2549 2552
f 2545 2544 2548
f 2548 2544 2553
f 2523 2553 2522
f 2522 2553 2544
f 2547 2556 2541
f 2541 2556 2557
f 2541 2557 2542
f 2542 2557 2558
f 2528 2540 2559
f 2559 2540 2539
f 2538 2560 2539
f 2539 2560 2559
f 2561 2527 2559
f 2559 2527 2528
f 2560 2562 2559
f 2559 2562 2561
f 2560 2538 2564
f 2564 2538 2563
f 2558 2557 2563
f 2563 2557 2564
f 2565 2523 2509
f 2509 2523 2510
f 2526 2566 2516
f 2516 2566 2508
f 2509 2508 2565
f 2565 2508 2566
f 2565 2566 2554
f 2554 2566 2567
f 2554 2567 2551
f 2551 2567 2568
f 2569 2567 2526
f 2526 2567 2566
f 2553 2523 2554
f 2554 2523 2565
f 2570 2569 2525
f 2525 2569 2526
f 2524 2527 2525
f 2525 2527 2570
f 2527 2561 2570
f 2570 2561 2571
f 2571 2572 2570
f 2570 2572 2569
f 2573 2574 2571
f 2571 2574 2572
f 2572 2568 2569
f 2569 2568 2567
f 2568 2572 2575
f 2575 2572 2574
f 2562 2573 2561
f 2561 2573 2571
f 2573 2562 2576
f 2576 2562 2577
f 2579 2580 2578
f 2578 2580 2576
f 2574 2573 2580
f 2580 2573 2576
f 2576 2577 2578
f 2578 2577 2556
f 2557 2556 2564
f 2564 2556 2577
f 2562 2560 2577
f 2577 2560 2564
f 2575 2552 2568
f 2568 2552 2551
f 2579 2555 2575
f 2575 2555 2552
f 2579 2575 2580
f 2580 2575 2574
f 2550 2555 2578
f 2578 2555 2579
f 2556 2547 2578
f 2578 2547 2550
f 2558 2537 2542
f 2542 2537 2530
f 2538 2537 2563
f 2563 2537 2558
f 2292 2295 2481
f 2481 2295 2482
f 2486 2489 2512
f 2512 2489 2581
f 2499 2491 2498
f 2498 2491 2490
f 2497 2492 2499
f 2499 2492 2491
f 2155 2154 2494
f 2494 2154 2495
f 2581 2489 2490
f 2490 2489 2498
f 2293 2292 2511
f 2511 2292 2481
f 2191 2155 2512
f 2512 2155 2494
f 2500 2496 2511
f 2511 2496 2495
f 2247 2492 2295
f 2295 2492 2482
f 2583 2584 2582
f 2582 2584 2585
f 2587 2588 2586
f 2586 2588 2589
f 2591 2587 2590
f 2590 2587 2586
f 2593 2594 2592
f 2592 2594 2595
f 2596 2597 2599
f 2599 2597 2598
f 2588 2600 2589
f 2589 2600 2601
f 2602 2603 2605
f 2605 2603 2604
f 2606 2607 2609
f 2609 2607 2608
f 2609 2608 2190
f 2190 2608 2610
f 2611 2612 2614
f 2614 2612 2613
f 2600 2588 2615
f 2615 2588 2595
f 2599 2598 2606
f 2606 2598 2607
f 2584 2616 2604
f 2604 2616 2605
f 2600 2615 2583
f 2583 2615 2617
f 2591 2619 2618
f 2618 2619 2614
f 2621 2622 2620
f 2620 2622 2623
f 2619 2624 2614
f 2614 2624 2611
f 2591 2590 2619
f 2619 2590 2625
f 2587 2591 2592
f 2592 2591 2618
f 2626 2627 2585
f 2585 2627 2582
f 2627 2628 2582
f 2582 2628 2601
f 2629 2593 2618
f 2618 2593 2592
f 2602 2597 2611
f 2611 2597 2612
f 2600 2583 2601
f 2601 2583 2582
f 2630 2631 2589
f 2589 2631 2586
f 2583 2617 2584
f 2584 2617 2616
f 2588 2587 2595
f 2595 2587 2592
f 2633 2626 2632
f 2632 2626 2585
f 2620 2623 2634
f 2634 2623 2625
f 2622 2603 2623
f 2623 2603 2624
f 2621 2633 2622
f 2622 2633 2632
f 2611 2624 2602
f 2602 2624 2603
f 2634 2625 2635
f 2635 2625 2590
f 2628 2630 2601
f 2601 2630 2589
f 2613 2195 2629
f 2629 2195 2194
f 2631 2635 2586
f 2586 2635 2590
f 2595 2594 2615
f 2615 2594 2610
f 2619 2625 2624
f 2624 2625 2623
f 2632 2604 2622
f 2622 2604 2603
f 2585 2584 2632
f 2632 2584 2604
f 2635 2636 2634
f 2634 2636 2637
f 2638 2636 2631
f 2631 2636 2635
f 2639 2638 2630
f 2630 2638 2631
f 2640 2639 2628
f 2628 2639 2630
f 2634 2637 2620
f 2620 2637 2641
f 2620 2641 2621
f 2621 2641 2642
f 2642 2643 2621
f 2621 2643 2633
f 2641 2637 2644
f 2644 2637 2645
f 2646 2647 2649
f 2649 2647 2648
f 2648 2650 2649
f 2649 2650 2651
f 2648 2652 2650
f 2650 2652 2653
f 2652 2654 2656
f 2656 2654 2655
f 2656 2657 2652
f 2652 2657 2653
f 2654 2652 2647
f 2647 2652 2648
f 2647 2646 2659
f 2659 2646 2658
f 2660 2651 2653
f 2653 2651 2650
f 2636 2638 2660
f 2660 2638 2651
f 2651 2638 2661
f 2661 2638 2639
f 2651 2661 2649
f 2649 2661 2662
f 2663 2646 2662
f 2662 2646 2649
f 2653 2657 2660
f 2660 2657 2645
f 2636 2660 2637
f 2637 2660 2645
f 2646 2663 2658
f 2658 2663 2664
f 2665 2666 2662
f 2662 2666 2663
f 2666 2667 2663
f 2663 2667 2664
f 2668 2669 2665
f 2665 2669 2666
f 2665 2670 2668
f 2668 2670 2671
f 2667 2666 2672
f 2672 2666 2669
f 2662 2661 2665
f 2665 2661 2670
f 2640 2670 2639
f 2639 2670 2661
f 2673 2674 2664
f 2664 2674 2658
f 2658 2674 2659
f 2659 2674 2675
f 2645 2657 2676
f 2676 2657 2656
f 2677 2676 2655
f 2655 2676 2656
f 2676 2678 2645
f 2645 2678 2644
f 2677 2679 2676
f 2676 2679 2678
f 2655 2680 2677
f 2677 2680 2681
f 2675 2674 2680
f 2680 2674 2681
f 2682 2640 2627
f 2627 2640 2628
f 2643 2683 2633
f 2633 2683 2626
f 2682 2627 2683
f 2683 2627 2626
f 2683 2684 2682
f 2682 2684 2671
f 2684 2685 2671
f 2671 2685 2668
f 2686 2684 2643
f 2643 2684 2683
f 2670 2640 2671
f 2671 2640 2682
f 2687 2686 2642
f 2642 2686 2643
f 2642 2641 2687
f 2687 2641 2644
f 2687 2644 2688
f 2688 2644 2678
f 2688 2689 2687
f 2687 2689 2686
f 2690 2691 2688
f 2688 2691 2689
f 2689 2685 2686
f 2686 2685 2684
f 2685 2689 2692
f 2692 2689 2691
f 2679 2690 2678
f 2678 2690 2688
f 2690 2679 2693
f 2693 2679 2694
f 2696 2697 2695
f 2695 2697 2693
f 2691 2690 2697
f 2697 2690 2693
f 2693 2694 2695
f 2695 2694 2673
f 2674 2673 2681
f 2681 2673 2694
f 2679 2677 2694
f 2694 2677 2681
f 2685 2692 2668
f 2668 2692 2669
f 2696 2672 2692
f 2692 2672 2669
f 2696 2692 2697
f 2697 2692 2691
f 2695 2667 2696
f 2696 2667 2672
f 2673 2664 2695
f 2695 2664 2667
f 2675 2654 2659
f 2659 2654 2647
f 2655 2654 2680
f 2680 2654 2675
f 2291 2156 2593
f 2593 2156 2594
f 2597 2602 2598
f 2598 2602 2605
f 2616 2617 2607
f 2607 2617 2608
f 2615 2610 2617
f 2617 2610 2608
f 2597 2596 2612
f 2612 2596 2698
f 2598 2605 2607
f 2607 2605 2616
f 2194 2291 2629
f 2629 2291 2593
f 2629 2618 2613
f 2613 2618 2614
f 2190 2610 2156
f 2156 2610 2594
f 2700 2010 2699
f 2699 2010 2086
f 2267 2701 2116
f 2116 2701 2702
f 2116 2702 2117
f 2117 2702 2703
f 2704 2705 2250
f 2250 2705 2254
f 2011 2706 2267
f 2267 2706 2701
f 2699 2086 2707
f 2707 2086 2289
f 2010 2700 2011
f 2011 2700 2706
f 2708 2707 2251
f 2251 2707 2289
f 2703 2704 2117
f 2117 2704 2250
f 2705 2708 2254
f 2254 2708 2251
f 2709 2710 2708
f 2708 2710 2707
f 2711 2709 2705
f 2705 2709 2708
f 2712 2711 2704
f 2704 2711 2705
f 2713 2712 2703
f 2703 2712 2704
f 2707 2710 2699
f 2699 2710 2714
f 2699 2714 2700
f 2700 2714 2715
f 2716 2706 2715
f 2715 2706 2700
f 2714 2710 2717
f 2717 2710 2718
f 2720 2721 2719
f 2719 2721 2722
f 2721 2723 2722
f 2722 2723 2724
f 2721 2725 2723
f 2723 2725 2726
f 2727 2728 2725
f 2725 2728 2726
f 2729 2725 2720
f 2720 2725 2721
f 2731 2729 2730
f 2730 2729 2720
f 2719 2732 2720
f 2720 2732 2730
f 2726 2733 2723
f 2723 2733 2724
f 2709 2711 2733
f 2733 2711 2724
f 2724 2711 2734
f 2734 2711 2712
f 2722 2724 2735
f 2735 2724 2734
f 2719 2722 2736
f 2736 2722 2735
f 2726 2728 2733
f 2733 2728 2718
f 2709 2733 2710
f 2710 2733 2718
f 2732 2719 2737
f 2737 2719 2736
f 2738 2739 2735
f 2735 2739 2736
f 2739 2740 2736
f 2736 2740 2737
f 2741 2742 2738
f 2738 2742 2739
f 2738 2743 2741
f 2741 2743 2744
f 2740 2739 2745
f 2745 2739 2742
f 2735 2734 2738
f 2738 2734 2743
f 2713 2743 2712
f 2712 2743 2734
f 2737 2746 2732
f 2732 2746 2747
f 2732 2747 2730
f 2730 2747 2731
f 2718 2728 2748
f 2748 2728 2727
f 2749 2750 2727
f 2727 2750 2748
f 2748 2751 2718
f 2718 2751 2717
f 2750 2752 2748
f 2748 2752 2751
f 2750 2749 2754
f 2754 2749 2753
f 2731 2747 2753
f 2753 2747 2754
f 2727 2725 2749
f 2749 2725 2729
f 2749 2729 2753
f 2753 2729 2731
f 2702 2755 2703
f 2703 2755 2713
f 2706 2716 2701
f 2701 2716 2756
f 2755 2702 2756
f 2756 2702 2701
f 2756 2757 2755
f 2755 2757 2744
f 2757 2758 2744
f 2744 2758 2741
f 2759 2757 2716
f 2716 2757 2756
f 2743 2713 2744
f 2744 2713 2755
f 2760 2759 2715
f 2715 2759 2716
f 2715 2714 2760
f 2760 2714 2717
f 2760 2717 2761
f 2761 2717 2751
f 2761 2762 2760
f 2760 2762 2759
f 2763 2764 2761
f 2761 2764 2762
f 2762 2758 2759
f 2759 2758 2757
f 2758 2762 2765
f 2765 2762 2764
f 2752 2763 2751
f 2751 2763 2761
f 2763 2752 2766
f 2766 2752 2767
f 2768 2769 2766
f 2766 2769 2770
f 2764 2763 2770
f 2770 2763 2766
f 2766 2767 2768
f 2768 2767 2746
f 2747 2746 2754
f 2754 2746 2767
f 2752 2750 2767
f 2767 2750 2754
f 2758 2765 2741
f 2741 2765 2742
f 2769 2745 2765
f 2765 2745 2742
f 2769 2765 2770
f 2770 2765 2764
f 2768 2740 2769
f 2769 2740 2745
f 2746 2737 2768
f 2768 2737 2740
f 2201 2212 2200
f 2200 2212 2214
f 2201 2202 2212
f 2212 2202 2185
f 2512 2581 2191
f 2191 2581 2192
f 2059 2290 2056
f 2056 2290 2272
f 2174 2199 2294
f 2294 2199 2278
f 2063 2175 2194
f 2194 2175 2291
f 2192 2581 2133
f 2133 2581 2490
f 2133 2132 2192
f 2192 2132 2189
f 2054 2276 2055
f 2055 2276 2138
f 2083 2279 2084
f 2084 2279 2771
f 2771 2279 2599
f 2599 2279 2596
f 2606 2772 2599
f 2599 2772 2771
f 2772 2773 2771
f 2771 2773 2084
f 2773 2774 2084
f 2084 2774 2085
f 2085 2775 2082
f 2082 2775 2144
f 2774 2078 2085
f 2085 2078 2775
f 2078 2774 2079
f 2079 2774 2776
f 2774 2773 2776
f 2776 2773 2777
f 2773 2772 2777
f 2777 2772 2778
f 2190 2189 2609
f 2609 2189 2778
f 2053 2052 2779
f 2779 2052 2181
f 2144 2775 2081
f 2081 2775 2078
f 2294 2153 2174
f 2174 2153 2175
f 2132 2276 2189
f 2189 2276 2778
f 2606 2609 2772
f 2772 2609 2778
f 2195 2613 2698
f 2698 2613 2612
f 2596 2279 2698
f 2698 2279 2195
f 2054 2777 2276
f 2276 2777 2778
f 2777 2054 2776
f 2776 2054 2053
f 2053 2779 2776
f 2776 2779 2079
f 2779 2181 2079
f 2079 2181 2080
f 2181 2239 2080
f 2080 2239 2240
f 2122 2256 2014
f 2042 1982 2076
f 2076 1982 2007
f 1982 1985 2007
f 2007 1985 2008
f 2095 2097 2265
f 2265 2097 2266
f 2076 2050 2042
f 2042 2050 2047
f 2046 2043 2047
f 2047 2043 2042
f 2118 1993 2046
f 2046 1993 2043
f 1995 1994 2118
f 2118 1994 1993
f 2267 1992 2011
f 2011 1992 2012
f 1997 2012 1994
f 1994 2012 1992
f 2226 2013 1997
f 1997 2013 2012
f 2225 2087 2226
f 2226 2087 2013
f 2225 2232 2087
f 2087 2232 2288
f 2232 2070 2288
f 2288 2070 2252
f 2070 2025 2252
f 2252 2025 2253
f 1988 2249 2025
f 2025 2249 2253
f 2116 2115 2267
f 2267 2115 2268
f 2096 1984 2237
f 2237 1984 1991
f 2095 1985 2096
f 2096 1985 1984
f 2265 2008 2095
f 2095 2008 1985
f 2092 2009 2265
f 2265 2009 2008
f 2091 2286 2092
f 2092 2286 2009
f 2255 2238 2091
f 2091 2238 2286
f 2256 2239 2255
f 2255 2239 2238
f 2122 2240 2256
f 2256 2240 2239
f 2121 2241 2122
f 2122 2241 2240
f 2022 2018 2097
f 2097 2018 2266
f 2022 2024 2018
f 2018 2024 2019
f 2024 2072 2019
f 2019 2072 2073
f 2072 2228 2073
f 2073 2228 2230
f 2228 2184 2230
f 2230 2184 2183
f 2121 2285 2241
f 2241 2285 2258
f 2285 2036 2258
f 2258 2036 2257
f 2177 2145 2193
f 2193 2145 2257
f 2173 2193 2196
f 2196 2193 2037
f 2036 2037 2257
f 2257 2037 2193
f 2196 2037 2066
f 2066 2037 2035
f 2061 2108 2034
f 2034 2108 2067
f 2108 2208 2067
f 2067 2208 2204
f 2208 2210 2204
f 2204 2210 2203
f 2210 2280 2203
f 2203 2280 2186
f 2183 2186 2235
f 2235 2186 2280
f 1987 2114 1988
f 1988 2114 2249
f 2237 2115 1987
f 1987 2115 2114
f 1991 2268 2237
f 2237 2268 2115
f 1991 1990 2268
f 2268 1990 1992
f 107 110 2781
f 2781 110 2780
f 117 2782 118
f 118 2782 2783
f 119 2784 120
f 120 2784 2785
f 125 2786 126
f 126 2786 2787
f 127 2788 128
f 128 2788 2789
f 127 132 2788
f 2788 132 2790
f 231 230 2792
f 2792 230 2791
f 118 2783 119
f 119 2783 2784
f 241 243 2794
f 2794 243 2793
f 2781 2795 107
f 107 2795 352
f 120 2785 437
f 437 2785 2796
f 126 2787 110
f 110 2787 2780
f 455 2797 456
f 456 2797 2798
f 128 2789 457
f 457 2789 2799
f 456 2798 117
f 117 2798 2782
f 2794 2797 241
f 241 2797 455
f 457 2799 125
f 125 2799 2786
f 132 231 2790
f 2790 231 2792
f 230 437 2791
f 2791 437 2796
f 2792 2789 2790
f 2790 2789 2788
f 2785 2784 2801
f 2801 2784 2800
f 2786 2802 2787
f 2787 2802 2803
f 2792 2791 2805
f 2805 2791 2804
f 2784 2783 2800
f 2800 2783 2806
f 2785 2801 2796
f 2796 2801 2807
f 2787 2803 2780
f 2780 2803 2808
f 2789 2809 2799
f 2799 2809 2810
f 2799 2810 2786
f 2786 2810 2802
f 2791 2796 2804
f 2804 2796 2807
f 2789 2792 2809
f 2809 2792 2805
f 2812 2797 2811
f 2811 2797 2794
f 2809 2805 2810
f 2810 2805 2804
f 2810 2804 2802
f 2802 2804 2807
f 2802 2807 2803
f 2803 2807 2801
f 2808 2803 2800
f 2800 2803 2801
f 2814 699 2813
f 2813 699 698
f 2808 2815 2780
f 2780 2815 2781
f 2817 2782 2816
f 2816 2782 2798
f 2815 2818 2781
f 2781 2818 2795
f 2797 2812 2798
f 2798 2812 2816
f 2783 2782 2806
f 2806 2782 2817
f 2800 2806 2808
f 2808 2806 2815
f 2794 2793 2811
f 2811 2793 2819
f 174 201 384
f 384 201 362
f 200 1766 390
f 390 1766 1777
f 1777 1778 390
f 390 1778 398
f 1778 361 398
f 398 361 222
f 2820 2821 628
f 628 2821 629
f 1406 2820 790
f 790 2820 628
f 794 1415 1233
f 1233 1415 1234
f 1406 790 1407
f 1407 790 1312
f 1407 1312 2822
f 2822 1312 1316
f 2823 1380 1543
f 1543 1380 1379
f 1385 1738 1382
f 1382 1738 1383
f 1381 791 1382
f 1382 791 1386
f 791 794 1386
f 1386 794 1233
f 1259 1390 1260
f 1260 1390 1389
f 1905 1542 1394
f 1394 1542 1395
f 1410 1413 1397
f 1397 1413 1398
f 2821 1410 629
f 629 1410 1397
f 2823 2822 1380
f 1380 2822 1316
f 1392 1395 1378
f 1378 1395 1379
f 1738 1399 1383
f 1383 1399 1398
f 1388 1235 1389
f 1389 1235 1234
f 1393 1391 1394
f 1394 1391 1390
f 1381 1384 779
f 779 1384 780
f 1282 788 792
f 792 788 793
f 1431 1262 1432
f 1432 1262 1261
f 1400 1342 1408
f 1408 1342 1409
f 1508 1544 1411
f 1411 1544 1412
f 788 787 793
f 793 787 1414
f 2821 2820 1429
f 1429 2820 1430
f 2822 2823 1506
f 1506 2823 1507
f 778 1282 779
f 779 1282 792
f 2820 1406 1430
f 1430 1406 1409
f 1410 2821 1411
f 1411 2821 1429
f 1407 2822 1408
f 1408 2822 1506
f 1544 781 1412
f 1412 781 780
f 1260 1415 1261
f 1261 1415 1414
f 1334 2824 923
f 923 2824 924
f 2826 1268 2825
f 2825 1268 1267
f 769 1212 2827
f 2827 1212 2828
f 1492 1190 1266
f 1266 1190 1267
f 1488 2829 1489
f 1489 2829 2830
f 922 1329 923
f 923 1329 1328
f 1484 2831 1485
f 1485 2831 2832
f 1482 2833 1485
f 1485 2833 1486
f 1324 1493 1489
f 1489 1493 1490
f 1265 1491 1266
f 1266 1491 1490
f 2835 2836 2834
f 2834 2836 2837
f 1250 2838 2827
f 2827 2838 2839
f 1488 1491 2840
f 2840 1491 2841
f 1268 2826 2842
f 2842 2826 2843
f 2844 2845 1495
f 1495 2845 1496
f 1427 2847 2846
f 2846 2847 926
f 2829 1488 2848
f 2848 1488 2840
f 1329 922 2849
f 2849 922 927
f 2850 2851 768
f 768 2851 1213
f 1265 1268 2852
f 2852 1268 2842
f 1491 1265 2841
f 2841 1265 2852
f 2854 2855 2853
f 2853 2855 2856
f 2855 2857 2856
f 2856 2857 598
f 2857 2858 598
f 598 2858 595
f 2858 2859 595
f 595 2859 626
f 649 652 2860
f 2860 652 2861
f 639 642 2862
f 2862 642 2863
f 2864 705 2862
f 2862 705 639
f 2865 1418 2864
f 2864 1418 705
f 2866 2867 2865
f 2865 2867 1418
f 1760 1348 1761
f 1761 1348 2867
f 1764 2868 1197
f 1197 2868 1198
f 2869 611 2868
f 2868 611 1198
f 2870 612 2869
f 2869 612 611
f 1352 1350 944
f 944 1350 688
f 1350 1256 688
f 688 1256 685
f 1256 1255 685
f 685 1255 692
f 1255 2871 692
f 692 2871 2872
f 701 2873 698
f 698 2873 2813
f 2872 1349 692
f 692 1349 693
f 1696 1744 1574
f 1574 1744 1575
f 1753 1618 1577
f 1577 1618 1578
f 1729 1594 1608
f 1608 1594 1609
f 1725 1630 1611
f 1611 1630 1612
f 1604 1607 1625
f 1625 1607 1626
f 1624 1703 1625
f 1625 1703 1912
f 1703 1702 1912
f 1912 1702 1913
f 1702 1753 1913
f 1913 1753 1577
f 1598 1569 1915
f 1915 1569 1578
f 1616 1615 1915
f 1915 1615 1916
f 1615 1696 1916
f 1916 1696 1574
f 1744 1745 1575
f 1575 1745 1917
f 1745 1565 1917
f 1917 1565 1609
f 1568 1725 1608
f 1608 1725 1611
f 2874 1613 1918
f 1918 1613 1612
f 1607 2874 1626
f 1626 2874 1918
f 1610 1613 1562
f 1562 1613 1563
f 1547 1550 1570
f 1570 1550 1571
f 1573 1576 1580
f 1580 1576 1581
f 1553 1556 1595
f 1595 1556 1596
f 1556 1582 1596
f 1596 1582 1581
f 1551 1547 1599
f 1599 1547 1570
f 1731 1914 1601
f 1601 1914 1602
f 1686 1689 1605
f 1605 1689 1606
f 1598 1743 1599
f 1599 1743 1692
f 2874 1607 1723
f 1723 1607 1606
f 1727 1553 1730
f 1730 1553 1595
f 1600 1686 1601
f 1601 1686 1605
f 1914 1572 1602
f 1602 1572 1571
f 1579 1693 1580
f 1580 1693 1692
f 1613 2874 1563
f 1563 2874 1723
f 1561 1727 1562
f 1562 1727 1730
f 1949 1742 1548
f 1548 1742 1549
f 1694 1949 1552
f 1552 1949 1548
f 1954 1589 1554
f 1554 1589 1555
f 1693 1579 1558
f 1558 1579 1559
f 1561 1564 1584
f 1584 1564 1585
f 1582 1556 1588
f 1588 1556 1555
f 1600 1603 1591
f 1591 1603 1592
f 1981 1977 1687
f 1687 1977 1688
f 1564 1722 1585
f 1585 1722 1690
f 1551 1693 1552
f 1552 1693 1558
f 1751 1954 1728
f 1728 1954 1554
f 1590 1981 1591
f 1591 1981 1687
f 1603 1550 1592
f 1592 1550 1549
f 1977 1691 1688
f 1688 1691 1690
f 1587 1560 1588
f 1588 1560 1559
f 1727 1561 1728
f 1728 1561 1584
f 2875 1919 1947
f 1947 1919 1948
f 1557 1560 1952
f 1952 1560 1953
f 1933 1932 1955
f 1955 1932 1956
f 1587 1589 1958
f 1958 1589 1956
f 1959 1933 1965
f 1965 1933 1955
f 1961 1964 1966
f 1966 1964 1967
f 1981 1590 1969
f 1969 1590 1967
f 1742 1949 1972
f 1972 1949 1948
f 1593 1742 1966
f 1966 1742 1972
f 1957 1950 1958
f 1958 1950 1953
f 1583 1586 1974
f 1974 1586 1975
f 1940 1943 1978
f 1978 1943 1979
f 1943 1976 1979
f 1979 1976 1975
f 1951 2875 1952
f 1952 2875 1947
f 1968 1940 1969
f 1969 1940 1978
f 1973 1959 1974
f 1974 1959 1965
f 1923 1971 1920
f 1920 1971 1921
f 1919 2875 1920
f 1920 2875 1924
f 2875 1951 1924
f 1924 1951 1926
f 1950 1957 1929
f 1929 1957 1930
f 2244 2243 1934
f 1934 2243 1935
f 1973 1976 1937
f 1937 1976 1938
f 1944 1980 1941
f 1941 1980 1942
f 1940 1968 1941
f 1941 1968 1945
f 2287 2244 1960
f 1960 2244 1934
f 1970 2245 1962
f 1962 2245 1963
f 2243 1931 1935
f 1935 1931 1930
f 1927 1926 1928
f 1928 1926 1929
f 1961 1922 1962
f 1962 1922 1921
f 2245 1946 1963
f 1963 1946 1945
f 1976 1943 1938
f 1938 1943 1942
f 1936 2287 1937
f 1937 2287 1960
f 743 1238 608
f 608 1238 609
f 607 1811 608
f 608 1811 744
f 1304 2876 1305
f 1305 2876 2877
f 586 585 1298
f 1298 585 1299
f 585 702 1299
f 1299 702 1300
f 702 1428 1300
f 1300 1428 1301
f 1238 586 609
f 609 586 1298
f 2878 2879 1218
f 1218 2879 2877
f 2880 2881 1812
f 1812 2881 1819
f 2883 1821 2882
f 2882 1821 1820
f 2840 2841 620
f 620 2841 621
f 2842 2843 795
f 795 2843 796
f 892 895 2844
f 2844 895 2845
f 2848 2840 942
f 942 2840 620
f 2849 927 1202
f 1202 927 1203
f 2852 2842 1270
f 1270 2842 795
f 2841 2852 621
f 621 2852 1270
f 941 1759 942
f 942 1759 2884
f 659 929 1427
f 1427 929 2847
f 1237 2851 751
f 751 2851 2850
f 1216 2885 1217
f 1217 2885 1754
f 2887 734 2886
f 2886 734 733
f 2889 1816 2888
f 2888 1816 1815
f 2890 1245 2889
f 2889 1245 1816
f 1824 2891 1825
f 1825 2891 1246
f 2892 2893 2895
f 2895 2893 2894
f 1854 1833 1851
f 1851 1833 1832
f 1851 1832 1884
f 1884 1832 1876
f 1884 1876 1441
f 1441 1876 1443
f 1441 1443 1442
f 1442 1443 1446
f 1442 1446 2896
f 2896 1446 1507
f 2897 2823 2898
f 2898 2823 1543
f 1542 2899 1543
f 1543 2899 2898
f 1542 1905 2899
f 2899 1905 2900
f 1905 1259 2900
f 2900 1259 2901
f 1262 1431 2902
f 2902 1431 1904
f 1431 1434 1904
f 1904 1434 1902
f 1902 1434 2903
f 2903 1434 719
f 2903 719 2904
f 2904 719 718
f 1869 1881 718
f 718 1881 2904
f 1881 1869 1880
f 1880 1869 756
f 1880 756 2905
f 2905 756 755
f 2905 755 2906
f 2906 755 758
f 762 2907 763
f 763 2907 2908
f 724 723 2909
f 2909 723 894
f 796 895 723
f 723 895 894
f 2843 2845 796
f 796 2845 895
f 2826 1496 2843
f 2843 1496 2845
f 2825 1497 2826
f 2826 1497 1496
f 1189 2836 2825
f 2825 2836 1497
f 797 891 798
f 798 891 2837
f 802 888 797
f 797 888 891
f 2910 2911 2913
f 2913 2911 2912
f 1780 1783 2915
f 2915 1783 2914
f 2916 2917 831
f 831 2917 832
f 2918 2919 845
f 845 2919 846
f 2920 2916 847
f 847 2916 831
f 2921 2922 857
f 857 2922 858
f 2923 2924 860
f 860 2924 861
f 2919 2912 846
f 846 2912 887
f 2925 2920 940
f 940 2920 847
f 2924 2926 861
f 861 2926 1204
f 2917 2918 832
f 832 2918 845
f 2927 2928 1449
f 1449 2928 1450
f 2929 2930 889
f 889 2930 2931
f 2896 1507 2897
f 2897 1507 2823
f 2902 2901 1262
f 1262 2901 1259
f 2932 2933 750
f 750 2933 1236
f 2933 2934 1236
f 1236 2934 1835
f 2936 2937 2935
f 2935 2937 2938
f 2940 2941 2939
f 2939 2941 2942
f 2943 2944 1841
f 1841 2944 1842
f 2945 1860 2944
f 2944 1860 1842
f 2945 2946 1860
f 1860 2946 1859
f 1889 2947 1890
f 1890 2947 1856
f 1856 2947 1857
f 1857 2947 2948
f 2950 709 2949
f 2949 709 1829
f 2952 730 2951
f 2951 730 729
f 2866 2953 2867
f 2867 2953 1761
f 2953 2954 1761
f 1761 2954 1420
f 2954 2955 1420
f 1420 2955 742
f 2955 2956 742
f 742 2956 739
f 2956 2957 739
f 739 2957 760
f 2957 2958 760
f 760 2958 761
f 2958 2959 761
f 761 2959 2960
f 2959 2961 2960
f 2960 2961 2962
f 2963 2964 1839
f 1839 2964 1840
f 2964 2965 1840
f 1840 2965 2942
f 2966 2950 2939
f 2939 2950 2949
f 2935 2967 2936
f 2936 2967 2968
f 2969 2970 736
f 736 2970 735
f 734 2887 1815
f 1815 2887 2888
f 2887 2882 2888
f 2888 2882 2881
f 1819 1820 1817
f 1817 1820 748
f 1195 1757 1197
f 1197 1757 1424
f 1757 647 1424
f 1424 647 646
f 647 648 646
f 646 648 643
f 648 1271 643
f 643 1271 737
f 1271 725 737
f 737 725 765
f 725 724 765
f 765 724 762
f 762 724 2907
f 2907 724 2909
f 1254 1437 2909
f 2909 1437 2907
f 1438 1253 1836
f 1836 1253 1835
f 1836 1835 2938
f 2938 1835 2934
f 2971 2972 2935
f 2935 2972 2967
f 897 896 2969
f 2969 896 2970
f 1815 1814 734
f 734 1814 731
f 728 1215 896
f 896 1215 732
f 2885 1216 733
f 733 1216 2886
f 1216 1219 2886
f 2886 1219 2883
f 2876 1304 1821
f 1821 1304 749
f 1304 1303 749
f 749 1303 746
f 1818 2973 1817
f 1817 2973 1810
f 747 2974 1818
f 1818 2974 2973
f 747 746 2974
f 2974 746 1303
f 2976 2977 2975
f 2975 2977 2978
f 2976 2979 2901
f 2901 2979 2900
f 2980 2981 2982
f 2982 2981 2979
f 2981 2980 2983
f 2983 2980 2984
f 2985 2897 2983
f 2983 2897 2898
f 2987 2988 2986
f 2986 2988 2985
f 2896 2988 1442
f 1442 2988 1439
f 1903 2977 1904
f 1904 2977 2902
f 1856 1855 1890
f 1890 1855 2989
f 2989 2990 1890
f 1890 2990 1359
f 2990 2991 1359
f 1359 2991 1356
f 2946 2992 1859
f 1859 2992 1893
f 2992 2993 1893
f 1893 2993 775
f 2993 2994 775
f 775 2994 776
f 2986 1356 2987
f 2987 1356 2991
f 2975 2978 776
f 776 2978 777
f 2982 2994 2980
f 2980 2994 2995
f 1357 2984 2995
f 2995 2984 2980
f 2995 2996 1357
f 1357 2996 1358
f 2996 2997 1358
f 1358 2997 1889
f 2998 2999 2932
f 2932 2999 2933
f 2999 2971 2933
f 2933 2971 2934
f 1837 1836 2937
f 2937 1836 2938
f 2943 1841 2941
f 2941 1841 1838
f 3001 2944 3000
f 3000 2944 2943
f 3001 3002 2944
f 2944 3002 2945
f 3002 3003 2945
f 2945 3003 2946
f 2997 3003 1889
f 1889 3003 2947
f 2947 3003 2948
f 2948 3003 3002
f 3001 3004 3002
f 3002 3004 2948
f 3000 3005 3001
f 3001 3005 3004
f 2940 3006 3000
f 3000 3006 3005
f 2999 3007 2971
f 2971 3007 2972
f 2998 2951 2999
f 2999 2951 3007
f 3008 2952 2998
f 2998 2952 2951
f 2966 2965 2936
f 2936 2965 2937
f 2935 2938 2971
f 2971 2938 2934
f 3003 2997 2946
f 2946 2997 2992
f 2997 2996 2992
f 2992 2996 2993
f 2996 2995 2993
f 2993 2995 2994
f 1356 2986 1357
f 1357 2986 2984
f 2982 2975 2994
f 2994 2975 776
f 1844 1843 1899
f 1899 1843 3009
f 1843 638 3009
f 3009 638 3010
f 638 637 3010
f 3010 637 3011
f 637 1830 3011
f 3011 1830 3012
f 1830 1833 3012
f 3012 1833 2894
f 1833 1854 2894
f 2894 1854 2895
f 1854 1853 2895
f 2895 1853 1888
f 1858 1857 1885
f 1885 1857 1892
f 1899 3009 1898
f 1898 3009 1874
f 3009 3010 1874
f 1874 3010 1865
f 3010 3011 1865
f 1865 3011 1862
f 3011 3012 1862
f 1862 3012 1882
f 3012 2894 1882
f 1882 2894 2893
f 1850 2890 782
f 782 2890 2889
f 783 2880 1811
f 1811 2880 1812
f 744 1810 745
f 745 1810 2973
f 745 2973 805
f 805 2973 806
f 2973 2974 806
f 806 2974 815
f 1303 812 2974
f 2974 812 815
f 1303 1302 812
f 812 1302 1221
f 1307 3013 1302
f 1302 3013 1221
f 1734 3014 1633
f 1633 3014 1634
f 1646 1649 1636
f 1636 1649 1637
f 1654 1657 1641
f 1641 1657 1642
f 1639 1736 1636
f 1636 1736 1684
f 1716 1713 1698
f 1698 1713 1699
f 1718 1721 1705
f 1705 1721 1706
f 1653 1654 1709
f 1709 1654 1641
f 1620 1623 1714
f 1714 1623 1699
f 1712 1682 1714
f 1714 1682 1740
f 1668 1671 1746
f 1746 1671 1747
f 1752 1650 1749
f 1749 1650 1750
f 1750 1650 1709
f 1709 1650 1653
f 1632 1668 1633
f 1633 1668 1746
f 1649 1752 1637
f 1637 1752 1749
f 1682 1643 1740
f 1740 1643 1642
f 3014 1685 1634
f 1634 1685 1684
f 1704 1748 1705
f 1705 1748 1747
f 1697 1707 1698
f 1698 1707 1706
f 1739 1701 1621
f 1621 1701 1622
f 1567 1566 1647
f 1647 1566 1648
f 1664 1695 1651
f 1651 1695 1652
f 1614 1617 1655
f 1655 1617 1656
f 1704 1707 1659
f 1659 1707 1660
f 3014 1734 1662
f 1662 1734 1663
f 1650 1752 1651
f 1651 1752 1665
f 1741 1657 1667
f 1667 1657 1656
f 1695 1614 1652
f 1652 1614 1655
f 1724 1567 1726
f 1726 1567 1647
f 1645 1628 1733
f 1733 1628 1663
f 1685 3014 1726
f 1726 3014 1662
f 1620 1741 1621
f 1621 1741 1667
f 1566 1666 1648
f 1648 1666 1665
f 1658 1737 1659
f 1659 1737 1901
f 1911 1661 1910
f 1910 1661 1660
f 1701 1911 1622
f 1622 1911 1910
f 1732 1748 1733
f 1733 1748 1901
f 1857 2948 1892
f 1892 2948 3004
f 1892 3004 1891
f 1891 3004 3005
f 1828 3006 1829
f 1829 3006 2949
f 2967 736 2968
f 2968 736 710
f 2972 2969 2967
f 2967 2969 736
f 2969 2972 897
f 897 2972 3007
f 897 3007 729
f 729 3007 2951
f 3016 753 3015
f 3015 753 752
f 3018 767 3017
f 3017 767 766
f 3019 3020 1249
f 1249 3020 3021
f 2915 2914 3019
f 3019 2914 3020
f 3023 2914 3022
f 3022 2914 1783
f 2827 2839 769
f 769 2839 766
f 3025 2838 3024
f 3024 2838 3021
f 768 767 2850
f 2850 767 3026
f 2850 3026 751
f 751 3026 752
f 750 753 2932
f 2932 753 3027
f 3008 2998 3027
f 3027 2998 2932
f 3028 3029 3008
f 3008 3029 2952
f 3029 3030 2952
f 2952 3030 730
f 3032 3033 3031
f 3031 3033 3034
f 3036 3037 3035
f 3035 3037 3038
f 2870 3039 612
f 612 3039 3040
f 3041 3042 3031
f 3031 3042 3038
f 3034 1352 3043
f 3043 1352 944
f 612 3040 613
f 613 3040 3044
f 613 3044 1425
f 1425 3044 1422
f 3045 3042 669
f 669 3042 670
f 3041 3043 599
f 599 3043 600
f 772 771 1544
f 1544 771 781
f 1503 771 1866
f 1866 771 770
f 771 1503 781
f 781 1503 778
f 61 281 416
f 416 281 1907
f 283 103 3046
f 3046 103 3047
f 76 79 3048
f 3048 79 3049
f 280 76 1906
f 1906 76 3048
f 3051 335 3050
f 3050 335 334
f 3053 417 3052
f 3052 417 416
f 3055 435 3054
f 3054 435 434
f 428 435 419
f 419 435 1908
f 420 1909 293
f 293 1909 443
f 79 294 3049
f 3049 294 444
f 3057 444 3056
f 3056 444 443
f 3051 3058 335
f 335 3058 452
f 216 215 1332
f 1332 215 452
f 308 283 462
f 462 283 3046
f 3050 334 3059
f 3059 334 462
f 103 62 3047
f 3047 62 417
f 313 312 434
f 434 312 463
f 3061 574 3060
f 3060 574 573
f 1310 3062 1428
f 1428 3062 3063
f 1258 3064 1255
f 1255 3064 2871
f 932 3065 2853
f 2853 3065 3066
f 699 2814 931
f 931 2814 3067
f 3068 1301 3063
f 3063 1301 1428
f 571 574 1310
f 1310 574 3062
f 3060 573 3069
f 3069 573 1332
f 3070 3071 1906
f 1906 3071 1907
f 3072 3073 1908
f 1908 3073 1909
f 3075 2814 3074
f 3074 2814 2813
f 2854 3076 1258
f 1258 3076 3064
f 2871 3077 2872
f 2872 3077 3078
f 3074 2813 3079
f 3079 2813 2873
f 2872 3078 1349
f 1349 3078 3080
f 2873 701 3068
f 3068 701 1301
f 1330 1201 3080
f 3080 1201 1349
f 1264 1263 3081
f 3081 1263 3082
f 3083 3084 3082
f 3082 3084 3081
f 811 1448 3086
f 3086 1448 3085
f 808 811 3087
f 3087 811 3086
f 3088 3083 833
f 833 3083 3082
f 884 3089 885
f 885 3089 3090
f 3087 1790 808
f 808 1790 816
f 1790 3087 1787
f 1787 3087 3091
f 3092 3091 3086
f 3086 3091 3087
f 3093 3094 3084
f 3084 3094 3095
f 3089 3096 3090
f 3090 3096 3088
f 3097 3093 3083
f 3083 3093 3084
f 3099 3100 3098
f 3098 3100 1786
f 3101 1788 2913
f 2913 1788 3102
f 838 837 885
f 885 837 886
f 886 837 3103
f 3103 837 1541
f 3094 3093 3104
f 3104 3093 3097
f 3105 3106 3089
f 3089 3106 3096
f 3108 3109 3107
f 3107 3109 3110
f 3111 3112 3091
f 3091 3112 1787
f 3114 3108 3113
f 3113 3108 3107
f 3114 3115 3112
f 3112 3115 3102
f 3091 3092 3111
f 3111 3092 3116
f 839 838 835
f 835 838 836
f 885 3090 838
f 838 3090 836
f 3110 3117 1247
f 1247 3117 3118
f 1247 3118 1248
f 1248 3118 3119
f 3120 3121 3119
f 3119 3121 1248
f 1247 844 3110
f 3110 844 3107
f 844 843 3107
f 3107 843 3113
f 843 3099 3113
f 3113 3099 3122
f 1781 3123 3098
f 3098 3123 3124
f 2915 2931 1780
f 1780 2931 2930
f 3019 3125 2915
f 2915 3125 2931
f 890 3125 2834
f 2834 3125 1252
f 3125 3019 1252
f 1252 3019 1249
f 907 908 946
f 946 908 947
f 1185 1188 1369
f 1369 1188 948
f 954 957 951
f 951 957 952
f 910 965 953
f 953 965 950
f 905 958 960
f 960 958 961
f 3126 978 949
f 949 978 962
f 936 935 967
f 967 935 968
f 994 993 969
f 969 993 966
f 902 904 971
f 971 904 972
f 983 985 973
f 973 985 970
f 906 905 974
f 974 905 960
f 977 981 959
f 959 981 975
f 911 910 1143
f 1143 910 953
f 952 957 1142
f 1142 957 1145
f 911 1143 1366
f 1366 1143 1368
f 1185 1369 1145
f 1145 1369 1142
f 993 1519 966
f 966 1519 1456
f 965 1454 950
f 950 1454 1457
f 900 899 1459
f 1459 899 1460
f 988 991 1461
f 1461 991 1458
f 899 963 1460
f 1460 963 1462
f 985 987 970
f 970 987 1463
f 904 906 972
f 972 906 974
f 981 983 975
f 975 983 973
f 935 900 968
f 968 900 1459
f 991 994 1458
f 1458 994 969
f 1154 1526 1088
f 1088 1526 1089
f 1109 1112 1092
f 1092 1112 1093
f 1083 1098 1084
f 1084 1098 1097
f 1078 1471 1100
f 1100 1471 1101
f 1075 1078 1104
f 1104 1078 1100
f 1152 1154 1156
f 1156 1154 1088
f 1156 1155 1372
f 1372 1155 1373
f 1372 1373 1104
f 1104 1373 1075
f 1467 1109 1465
f 1465 1109 1092
f 1465 1182 1468
f 1468 1182 1184
f 1474 1470 1096
f 1096 1470 1097
f 1102 1101 1083
f 1083 1101 1098
f 1112 1531 1093
f 1093 1531 1529
f 1102 1073 1099
f 1099 1073 1072
f 1526 1154 1079
f 1079 1154 1080
f 1081 1091 1082
f 1082 1091 1094
f 1069 1068 1085
f 1085 1068 1086
f 1153 1151 1080
f 1080 1151 1058
f 1371 1177 1179
f 1179 1177 1176
f 1099 1072 1103
f 1103 1072 1176
f 1068 1071 1086
f 1086 1071 1073
f 1085 1084 1180
f 1180 1084 1469
f 1066 1065 1183
f 1183 1065 1181
f 1153 1152 1177
f 1177 1152 1178
f 1091 1081 1182
f 1182 1081 1183
f 1057 1525 1079
f 1079 1525 1527
f 1120 1117 1076
f 1076 1117 1077
f 1087 1090 1107
f 1107 1090 1108
f 1127 1126 1110
f 1110 1126 1111
f 1095 1116 1096
f 1096 1116 1115
f 1471 1078 1119
f 1119 1078 1077
f 1087 1107 1155
f 1155 1107 1158
f 1376 1374 1157
f 1157 1374 1158
f 1076 1075 1374
f 1374 1075 1373
f 1109 1467 1110
f 1110 1467 1472
f 1467 1466 1472
f 1472 1466 1473
f 1135 1475 1114
f 1114 1475 1115
f 1471 1119 1095
f 1095 1119 1116
f 1126 1532 1111
f 1111 1532 1530
f 914 1276 1480
f 1480 1276 1517
f 3127 3128 1223
f 1223 3128 1224
f 824 933 1455
f 1455 933 3129
f 3131 1448 3130
f 3130 1448 1447
f 3132 3133 1452
f 1452 3133 1453
f 3130 1447 1322
f 1322 1447 1455
f 933 1514 3129
f 3129 1514 3134
f 1161 3135 1480
f 1480 3135 1481
f 3128 3136 1224
f 1224 3136 1499
f 3133 1162 1453
f 1453 1162 1517
f 1515 3127 1535
f 1535 3127 1223
f 3095 3085 3131
f 3131 3085 1448
f 3137 3092 3085
f 3085 3092 3086
f 3138 3116 3137
f 3137 3116 3092
f 3110 3109 3117
f 3117 3109 3139
f 3105 3140 3117
f 3117 3140 3118
f 3140 3141 3118
f 3118 3141 3119
f 3142 3120 3141
f 3141 3120 3119
f 1498 3143 1277
f 1277 3143 882
f 3144 3145 1340
f 1340 3145 1339
f 1340 3146 3144
f 3144 3146 3147
f 3145 3144 3143
f 3143 3144 3148
f 871 901 872
f 872 901 1362
f 3149 3148 3147
f 3147 3148 3144
f 1208 3150 1209
f 3098 1786 1781
f 1781 1786 1782
f 2930 2929 3123
f 3123 2929 2911
f 1794 1791 2916
f 2916 1791 2917
f 1793 3101 2918
f 2918 3101 2919
f 1796 1794 2920
f 2920 1794 2916
f 3151 3152 2921
f 2921 3152 2922
f 3153 3154 2923
f 2923 3154 2924
f 2919 3101 2912
f 2912 3101 2913
f 3155 1796 2925
f 2925 1796 2920
f 3154 3156 2924
f 2924 3156 2926
f 1791 1793 2917
f 2917 1793 2918
f 3157 3158 2927
f 2927 3158 2928
f 1780 2930 1781
f 1781 2930 3123
f 2825 1267 1189
f 1189 1267 1190
f 2827 2828 1250
f 1250 2828 1251
f 1489 2830 1324
f 1324 2830 1325
f 923 1328 1334
f 1334 1328 1335
f 1485 2832 1482
f 1482 2832 1483
f 1266 1490 1492
f 1492 1490 1493
f 1333 1346 1334
f 1334 1346 2824
f 722 799 1492
f 1492 799 1190
f 664 657 1482
f 1482 657 2833
f 631 634 1324
f 1324 634 1493
f 2828 1494 1251
f 1251 1494 2835
f 1249 3021 1250
f 1250 3021 2838
f 798 2837 1189
f 1189 2837 2836
f 3100 842 3160
f 3160 842 3159
f 1788 3101 1789
f 1789 3101 1793
f 1792 816 1789
f 1789 816 1790
f 817 816 1795
f 1795 816 1792
f 938 817 1797
f 1797 817 1795
f 1796 3155 1797
f 1797 3155 1798
f 3155 3158 1798
f 1798 3158 1799
f 3157 3152 1801
f 1801 3152 1802
f 3151 3156 1803
f 1803 3156 1804
f 3154 3153 1805
f 1805 3153 1806
f 3153 3161 1806
f 1806 3161 1807
f 3099 843 3100
f 3100 843 842
f 1788 1787 3102
f 3102 1787 3112
f 2910 3115 3124
f 3124 3115 3122
f 3099 3098 3122
f 3122 3098 3124
f 416 1907 3052
f 3052 1907 3071
f 3046 3047 3163
f 3163 3047 3162
f 249 445 259
f 259 445 3164
f 425 3165 424
f 424 3165 461
f 408 410 329
f 329 410 330
f 39 331 40
f 40 331 332
f 305 304 423
f 423 304 464
f 385 254 458
f 458 254 392
f 250 415 251
f 251 415 412
f 233 337 234
f 234 337 3166
f 435 3055 1908
f 1908 3055 3072
f 443 1909 3056
f 3056 1909 3073
f 3167 3049 3057
f 3057 3049 444
f 452 3058 1332
f 1332 3058 3069
f 234 3166 346
f 346 3166 411
f 3046 3163 462
f 462 3163 3059
f 259 3164 260
f 260 3164 336
f 3047 417 3162
f 3162 417 3053
f 463 3168 434
f 434 3168 3054
f 454 830 425
f 425 830 3165
f 3062 3169 3063
f 3063 3169 3170
f 1355 1354 1534
f 1534 1354 3171
f 3063 3170 3068
f 3068 3170 3172
f 574 3061 3062
f 3062 3061 3169
f 1534 3171 1535
f 1535 3171 3173
f 3079 2873 3172
f 3172 2873 3068
f 2838 3025 2839
f 2839 3025 3174
f 3176 3177 3175
f 3175 3177 3178
f 3180 1125 3179
f 3179 1125 1128
f 3182 3183 3181
f 3181 3183 3184
f 1134 3185 1130
f 1130 3185 3182
f 3186 3187 3189
f 3189 3187 3188
f 3191 3189 3190
f 3190 3189 3188
f 1137 1122 3190
f 3190 1122 3192
f 3175 3178 3193
f 3193 3178 3194
f 3181 3184 3179
f 3179 3184 3195
f 3197 3198 3196
f 3196 3198 3180
f 3200 3178 3199
f 3199 3178 3177
f 3202 3196 3201
f 3201 3196 3195
f 3204 3184 3203
f 3203 3184 3183
f 3206 3207 3205
f 3205 3207 3186
f 3205 3186 3208
f 3208 3186 3189
f 3209 3208 3191
f 3191 3208 3189
f 3210 3194 3200
f 3200 3194 3178
f 3201 3195 3204
f 3204 3195 3184
f 3197 3211 3177
f 3177 3211 3199
f 3213 3214 3212
f 3212 3214 3215
f 3217 3218 3216
f 3216 3218 3219
f 3221 3222 3220
f 3220 3222 3223
f 3225 3226 3224
f 3224 3226 3227
f 3229 3230 3228
f 3228 3230 3231
f 3233 3234 3232
f 3232 3234 3235
f 3237 3238 3236
f 3236 3238 3239
f 3238 3240 3239
f 3239 3240 3241
f 3232 3235 3242
f 3242 3235 3243
f 3245 3246 3244
f 3244 3246 3247
f 3248 3249 3245
f 3245 3249 3246
f 3251 3252 3250
f 3250 3252 3253
f 3255 3252 3254
f 3254 3252 3251
f 3256 3257 3259
f 3259 3257 3258
f 3261 3262 3260
f 3260 3262 3263
f 3265 3263 3264
f 3264 3263 3262
f 3256 3259 3266
f 3266 3259 3267
f 3269 3270 3268
f 3268 3270 3271
f 3269 3272 3270
f 3270 3272 3273
f 3274 3275 3277
f 3277 3275 3276
f 3278 3279 3276
f 3276 3279 3277
f 3281 3282 3280
f 3280 3282 3283
f 3280 3284 3281
f 3281 3284 3285
f 3287 3288 3286
f 3286 3288 3289
f 3290 3291 3288
f 3288 3291 3289
f 3234 3218 3235
f 3235 3218 3217
f 3232 3292 3233
f 3233 3292 3293
f 3239 3294 3236
f 3236 3294 3219
f 3233 3293 3237
f 3237 3293 3295
f 3296 3294 3241
f 3241 3294 3239
f 3240 3238 3297
f 3297 3238 3298
f 3217 3216 3235
f 3235 3216 3243
f 3297 3299 3240
f 3240 3299 3242
f 3246 3300 3247
f 3247 3300 3223
f 3301 3302 3254
f 3254 3302 3244
f 3249 3303 3246
f 3246 3303 3300
f 3245 3304 3248
f 3248 3304 3292
f 3252 3221 3253
f 3253 3221 3220
f 3250 3248 3299
f 3299 3248 3292
f 3222 3221 3255
f 3255 3221 3252
f 3297 3301 3251
f 3251 3301 3254
f 3258 3214 3259
f 3259 3214 3213
f 3257 3256 3304
f 3304 3256 3305
f 3263 3306 3260
f 3260 3306 3215
f 3261 3257 3302
f 3302 3257 3304
f 3307 3306 3265
f 3265 3306 3263
f 3262 3301 3264
f 3264 3301 3308
f 3259 3213 3267
f 3267 3213 3212
f 3308 3309 3264
f 3264 3309 3266
f 3270 3310 3271
f 3271 3310 3231
f 3311 3312 3278
f 3278 3312 3268
f 3270 3273 3310
f 3310 3273 3313
f 3272 3269 3305
f 3305 3269 3314
f 3277 3229 3274
f 3274 3229 3228
f 3275 3272 3309
f 3309 3272 3305
f 3279 3230 3277
f 3277 3230 3229
f 3276 3308 3278
f 3278 3308 3311
f 3281 3315 3282
f 3282 3315 3227
f 3290 3316 3283
f 3283 3316 3317
f 3281 3285 3315
f 3315 3285 3318
f 3284 3280 3314
f 3314 3280 3319
f 3289 3225 3286
f 3286 3225 3224
f 3287 3284 3312
f 3284 3314 3312
f 3291 3226 3289
f 3289 3226 3225
f 3288 3311 3290
f 3290 3311 3316
f 3212 3215 3307
f 3307 3215 3306
f 3294 3296 3219
f 3219 3296 3216
f 3303 3220 3300
f 3300 3220 3223
f 3224 3227 3318
f 3318 3227 3315
f 3228 3231 3313
f 3313 3231 3310
f 3234 3233 3236
f 3236 3233 3237
f 3243 3241 3242
f 3242 3241 3240
f 3247 3255 3244
f 3244 3255 3254
f 3253 3249 3250
f 3250 3249 3248
f 3260 3258 3261
f 3261 3258 3257
f 3266 3267 3264
f 3264 3267 3265
f 3268 3271 3278
f 3278 3271 3279
f 3274 3273 3275
f 3275 3273 3272
f 3283 3282 3290
f 3290 3282 3291
f 3286 3285 3287
f 3287 3285 3284
f 3218 3234 3219
f 3219 3234 3236
f 3295 3298 3237
f 3237 3298 3238
f 3216 3296 3243
f 3243 3296 3241
f 3242 3299 3232
f 3232 3299 3292
f 3223 3222 3247
f 3247 3222 3255
f 3244 3302 3245
f 3245 3302 3304
f 3303 3249 3220
f 3220 3249 3253
f 3297 3251 3299
f 3299 3251 3250
f 3215 3214 3260
f 3260 3214 3258
f 3301 3262 3302
f 3302 3262 3261
f 3212 3307 3267
f 3267 3307 3265
f 3266 3309 3256
f 3256 3309 3305
f 3271 3231 3279
f 3279 3231 3230
f 3268 3312 3269
f 3269 3312 3314
f 3228 3313 3274
f 3274 3313 3273
f 3308 3276 3309
f 3309 3276 3275
f 3282 3227 3291
f 3291 3227 3226
f 3317 3319 3283
f 3283 3319 3280
f 3224 3318 3286
f 3286 3318 3285
f 3312 3311 3287
f 3311 3288 3287
f 3320 3321 3194
f 3194 3321 3193
f 1375 3321 1121
f 1121 3321 3322
f 3323 3324 3322
f 3322 3324 3192
f 3175 1124 3176
f 3176 1124 1123
f 3179 3195 3180
f 3180 3195 3196
f 3181 1131 3182
f 3182 1131 1130
f 3207 3185 3186
f 3186 3185 3187
f 1136 3188 1133
f 1133 3188 3187
f 3190 3188 1137
f 1137 3188 1136
f 3193 1159 3175
f 3175 1159 1124
f 3179 1128 3181
f 3181 1128 1131
f 1533 3198 1123
f 1123 3198 3176
f 3321 1375 3193
f 3193 1375 1159
f 3321 3320 3322
f 3322 3320 3323
f 1122 1121 3192
f 3192 1121 3322
f 3194 3210 3320
f 3320 3210 3325
f 3324 3323 3327
f 3327 3323 3326
f 3320 3325 3323
f 3323 3325 3326
f 3208 3328 3205
f 3205 3328 3329
f 3330 3206 3329
f 3329 3206 3205
f 3203 3331 3204
f 3204 3331 3332
f 3210 3333 3325
f 3325 3333 3334
f 3325 3334 3326
f 3326 3334 3335
f 3327 3326 3336
f 3336 3326 3335
f 3327 3209 3324
f 3324 3209 3191
f 3190 3192 3191
f 3191 3192 3324
f 3338 3339 3337
f 3337 3339 3340
f 3338 3341 3339
f 3339 3341 3342
f 3341 3343 3342
f 3342 3343 3344
f 3343 3345 3344
f 3344 3345 3346
f 3345 3347 3346
f 3346 3347 3348
f 3347 3349 3348
f 3348 3349 3350
f 3337 3340 3351
f 3351 3340 3352
f 3351 3352 3353
f 3353 3352 3354
f 3353 3354 3355
f 3355 3354 3356
f 3350 3349 3357
f 3357 3349 3358
f 3355 3356 3359
f 3359 3356 3360
f 3359 3360 3361
f 3361 3360 3362
f 3361 3362 3363
f 3363 3362 3364
f 3363 3364 3358
f 3358 3364 3357
f 3339 3342 3365
f 3365 3342 3366
f 3342 3344 3366
f 3366 3344 3367
f 3344 3346 3367
f 3367 3346 3368
f 3346 3348 3368
f 3368 3348 3369
f 3348 3350 3369
f 3369 3350 3370
f 3368 3369 3371
f 3371 3369 3372
f 3369 3370 3372
f 3372 3370 3373
f 3373 3374 3372
f 3372 3374 3375
f 3377 3378 3376
f 3376 3378 3379
f 3377 3375 3378
f 3378 3375 3374
f 3375 3380 3372
f 3372 3380 3371
f 3377 3381 3375
f 3375 3381 3380
f 3376 3382 3377
f 3377 3382 3381
f 3384 3385 3383
f 3383 3385 3386
f 3384 3383 3388
f 3388 3383 3387
f 3388 3387 3389
f 3389 3387 3390
f 3392 3385 3391
f 3391 3385 3384
f 3388 3393 3384
f 3384 3393 3391
f 3389 3394 3388
f 3388 3394 3393
f 3389 3395 3394
f 3394 3395 3396
f 3395 3389 3397
f 3397 3389 3390
f 3339 3365 3340
f 3340 3365 3398
f 3340 3398 3352
f 3352 3398 3399
f 3371 3400 3368
f 3368 3400 3367
f 3400 3401 3367
f 3367 3401 3366
f 3366 3401 3365
f 3365 3401 3402
f 3398 3365 3403
f 3403 3365 3402
f 3398 3403 3399
f 3399 3403 3404
f 3403 3405 3404
f 3404 3405 3406
f 3352 3399 3354
f 3354 3399 3407
f 3399 3404 3407
f 3407 3404 3408
f 3404 3406 3408
f 3408 3406 3409
f 3405 3410 3406
f 3406 3410 3411
f 3410 3412 3411
f 3411 3412 3413
f 3397 3414 3395
f 3395 3414 3415
f 3417 3415 3416
f 3416 3415 3412
f 3410 3418 3412
f 3412 3418 3416
f 3410 3405 3418
f 3418 3405 3419
f 3405 3403 3419
f 3419 3403 3402
f 3370 3350 3420
f 3420 3350 3357
f 3373 3370 3421
f 3421 3370 3420
f 3374 3373 3422
f 3422 3373 3421
f 3378 3374 3423
f 3423 3374 3422
f 3378 3423 3379
f 3379 3423 3424
f 3424 3425 3379
f 3379 3425 3386
f 3383 3426 3387
f 3387 3426 3427
f 3387 3427 3390
f 3390 3427 3428
f 3390 3428 3397
f 3397 3428 3429
f 3429 3430 3397
f 3397 3430 3414
f 3411 3413 3431
f 3431 3413 3432
f 3406 3411 3409
f 3409 3411 3431
f 3401 3400 3335
f 3335 3400 3336
f 3401 3335 3402
f 3402 3335 3334
f 3402 3334 3419
f 3419 3334 3333
f 3419 3333 3418
f 3418 3333 3433
f 3418 3433 3416
f 3416 3433 3434
f 3435 3417 3434
f 3434 3417 3416
f 3394 3396 3436
f 3436 3396 3437
f 3393 3394 3332
f 3332 3394 3436
f 3393 3332 3391
f 3391 3332 3331
f 3330 3392 3331
f 3331 3392 3391
f 3382 3329 3381
f 3381 3329 3328
f 3354 3407 3356
f 3356 3407 3438
f 3356 3438 3360
f 3360 3438 3439
f 3360 3439 3362
f 3362 3439 3440
f 3362 3440 3364
f 3364 3440 3441
f 3364 3441 3357
f 3357 3441 3420
f 3421 3420 3442
f 3442 3420 3441
f 3442 3441 3443
f 3443 3441 3440
f 3443 3440 3444
f 3444 3440 3439
f 3444 3439 3445
f 3445 3439 3438
f 3445 3438 3408
f 3408 3438 3407
f 3422 3421 3446
f 3446 3421 3442
f 3446 3442 3447
f 3447 3442 3443
f 3447 3443 3448
f 3448 3443 3444
f 3448 3444 3449
f 3449 3444 3445
f 3449 3445 3409
f 3409 3445 3408
f 3409 3431 3449
f 3449 3431 3450
f 3449 3450 3448
f 3448 3450 3451
f 3451 3452 3448
f 3448 3452 3447
f 3447 3452 3446
f 3446 3452 3453
f 3446 3453 3422
f 3422 3453 3423
f 3424 3423 3454
f 3454 3423 3453
f 3452 3455 3453
f 3453 3455 3454
f 3452 3451 3455
f 3455 3451 3456
f 3450 3457 3451
f 3451 3457 3456
f 3431 3432 3450
f 3450 3432 3457
f 3454 3458 3424
f 3424 3458 3425
f 3427 3426 3459
f 3459 3426 3460
f 3428 3427 3461
f 3461 3427 3459
f 3428 3461 3429
f 3429 3461 3462
f 3462 3463 3429
f 3429 3463 3430
f 3464 3465 3462
f 3462 3465 3463
f 3455 3466 3454
f 3454 3466 3458
f 3465 3464 3466
f 3466 3464 3467
f 3461 3459 3468
f 3468 3459 3469
f 3468 3469 3464
f 3464 3469 3467
f 3464 3462 3468
f 3468 3462 3461
f 3459 3460 3469
f 3469 3460 3467
f 3295 3351 3298
f 3298 3351 3353
f 3353 3355 3298
f 3298 3355 3297
f 3297 3355 3301
f 3301 3355 3359
f 3301 3359 3308
f 3308 3359 3361
f 3308 3361 3311
f 3311 3361 3363
f 3311 3363 3316
f 3316 3363 3358
f 3316 3358 3317
f 3317 3358 3349
f 3349 3347 3317
f 3317 3347 3319
f 3347 3345 3319
f 3319 3345 3314
f 3345 3343 3314
f 3314 3343 3305
f 3343 3341 3305
f 3305 3341 3304
f 3304 3341 3292
f 3292 3341 3338
f 3292 3338 3293
f 3293 3338 3337
f 3293 3337 3295
f 3295 3337 3351
f 3437 3202 3436
f 3436 3202 3201
f 3436 3201 3332
f 3332 3201 3204
f 3433 3200 3434
f 3434 3200 3199
f 3211 3435 3199
f 3199 3435 3434
f 3333 3210 3433
f 3433 3210 3200
f 3380 3470 3371
f 3400 3371 3336
f 3336 3371 3470
f 3381 3328 3380
f 3380 3328 3470
f 3470 3328 3209
f 3209 3328 3208
f 3336 3470 3327
f 3327 3470 3209
f 1545 1763 1546
f 1546 1763 1762
f 1403 1546 773
f 773 1546 770
f 1221 3013 1220
f 1220 3013 3471
f 1305 2877 1306
f 1306 2877 2879
f 1220 3471 828
f 828 3471 829
f 1217 1754 3472
f 3472 1754 1756
f 1049 3473 1048
f 1048 3473 3474
f 1371 1179 3473
f 3473 1179 3474
f 1074 3475 1179
f 1179 3475 3474
f 3474 3475 1048
f 1048 3475 1056
f 919 666 1345
f 1345 666 665
f 856 680 919
f 919 680 666
f 679 680 1449
f 1449 680 858
f 1367 878 1500
f 1500 878 877
f 1366 908 1367
f 1367 908 878
f 1512 916 1513
f 1513 916 915
f 947 1368 948
f 948 1368 1369
f 1047 1021 1044
f 1044 1021 1020
f 1370 1049 1019
f 1019 1049 1020
f 1173 1030 1174
f 1174 1030 1033
f 3126 1188 1464
f 1464 1188 1187
f 1800 1451 1512
f 1512 1451 916
f 1175 1174 1186
f 1186 1174 1187
f 1030 1173 1047
f 1047 1173 1021
f 1513 915 3476
f 3476 915 1481
f 1345 665 3477
f 3477 665 1483
f 1502 1501 876
f 876 1501 877
f 1205 1451 1803
f 1803 1451 1802
f 3479 2832 3478
f 3478 2832 2831
f 1449 858 2927
f 2927 858 2922
f 908 1366 947
f 947 1366 1368
f 949 948 3126
f 3126 948 1188
f 3480 3135 1502
f 1502 3135 1501
f 2927 2922 3157
f 3157 2922 3152
f 3477 1483 3479
f 3479 1483 2832
f 1803 1802 3151
f 3151 1802 3152
f 663 658 664
f 664 658 657
f 655 658 939
f 939 658 706
f 1512 870 1800
f 1800 870 869
f 875 874 876
f 876 874 873
f 849 874 905
f 905 874 958
f 949 962 946
f 946 962 961
f 978 3126 979
f 979 3126 1464
f 1031 1168 1032
f 1032 1168 1022
f 1045 1013 1046
f 1046 1013 1012
f 1045 1044 1056
f 1056 1044 1048
f 1047 1046 1030
f 1030 1046 1031
f 939 706 940
f 940 706 1450
f 979 1464 1032
f 1032 1464 1033
f 3480 1478 3476
f 3476 1478 3134
f 2829 1487 2830
f 2830 1487 1486
f 848 1230 873
f 873 1230 1479
f 867 870 933
f 933 870 1514
f 1800 869 1801
f 1801 869 1799
f 2830 1486 1325
f 1325 1486 2833
f 940 1450 2925
f 2925 1450 2928
f 946 961 907
f 907 961 958
f 959 962 977
f 977 962 978
f 3476 3134 1513
f 1513 3134 1514
f 2925 2928 3155
f 3155 2928 3158
f 1325 2833 656
f 656 2833 657
f 1801 1799 3157
f 3157 1799 3158
f 1074 1055 3475
f 3475 1055 1056
f 1371 3473 1370
f 1370 3473 1049
f 2884 615 3481
f 3481 615 618
f 3478 2831 2846
f 2846 2831 617
f 2831 1484 617
f 617 1484 618
f 1484 1487 618
f 618 1487 3481
f 2848 3481 2829
f 2829 3481 1487
f 1480 1517 1161
f 1161 1517 1162
f 3129 1323 1455
f 1455 1323 1322
f 3129 3134 1323
f 1323 3134 1478
f 1535 3173 1515
f 1515 3173 1516
f 3085 3095 3137
f 3137 3095 3094
f 3137 3094 3138
f 3138 3094 3104
f 3117 3139 3105
f 3105 3139 3106
f 1138 1141 3127
f 3127 1141 3128
f 3081 3131 1264
f 1264 3131 3130
f 1227 1226 3132
f 3132 1226 3133
f 1264 3130 1229
f 1229 3130 1322
f 1160 1501 1161
f 1161 1501 3135
f 1141 1476 3128
f 3128 1476 3136
f 1226 1163 3133
f 3133 1163 1162
f 1363 1138 1515
f 1515 1138 3127
f 3084 3095 3081
f 3081 3095 3131
f 3089 884 3105
f 3105 884 3140
f 884 883 3140
f 3140 883 3141
f 883 3482 3141
f 3141 3482 3142
f 3476 1481 3480
f 3480 1481 3135
f 1502 1479 3480
f 3480 1479 1478
f 3168 463 440
f 714 1880 715
f 715 1880 2905
f 896 732 2970
f 2970 732 731
f 1263 834 3082
f 3082 834 833
f 898 1231 853
f 853 1231 854
f 3125 890 2931
f 2931 890 889
f 1237 893 2851
f 2851 893 892
f 898 853 899
f 899 853 963
f 988 987 989
f 989 987 986
f 1002 1007 1003
f 1003 1007 1006
f 1038 1036 1007
f 1007 1036 1004
f 1070 1052 1005
f 1005 1052 1006
f 1069 1067 1070
f 1070 1067 1052
f 1130 1129 1134
f 1134 1129 1135
f 879 1167 880
f 880 1167 1166
f 1171 1169 1037
f 1037 1169 1038
f 1085 1180 1069
f 1069 1180 1067
f 1209 1210 879
f 879 1210 1167
f 2885 1215 1754
f 1754 1215 1214
f 1263 855 834
f 834 855 854
f 708 1244 1826
f 1826 1244 1243
f 2909 894 1254
f 1254 894 893
f 1228 1361 964
f 964 1361 1360
f 2908 2907 1436
f 1436 2907 1437
f 2990 1440 2991
f 2991 1440 1439
f 964 1360 965
f 965 1360 1454
f 950 1457 951
f 951 1457 1456
f 970 1463 971
f 971 1463 1462
f 1025 1169 984
f 984 1169 986
f 1084 1097 1469
f 1469 1097 1470
f 1096 1115 1474
f 1474 1115 1475
f 1140 1361 1141
f 1141 1361 1476
f 1212 1495 2828
f 2828 1495 1494
f 880 1166 1452
f 1452 1166 1499
f 715 2905 1504
f 1504 2905 2906
f 954 1519 955
f 955 1519 1518
f 1026 1520 992
f 992 1520 1518
f 1029 1520 1043
f 1043 1520 1521
f 997 1522 1040
f 1040 1522 1521
f 1015 1522 1016
f 1016 1522 1523
f 1523 996 1524
f 1524 996 1062
f 1057 1060 1525
f 1525 1060 1524
f 1094 1528 1082
f 1082 1528 1527
f 1526 1528 1089
f 1089 1528 1529
f 1090 1531 1108
f 1108 1531 1530
f 1125 1533 1126
f 1126 1533 1532
f 3483 1755 727
f 727 1755 1214
f 735 1814 707
f 707 1814 1813
f 2891 1834 1246
f 1246 1834 1243
f 2904 1881 1847
f 1847 1881 1848
f 1852 1855 1853
f 1853 1855 1858
f 1902 2903 1877
f 1877 2903 1878
f 2903 2904 1878
f 1878 2904 1847
f 714 713 1848
f 1848 713 1849
f 1440 2990 1883
f 1883 2990 2989
f 1883 2989 1852
f 1852 2989 1855
f 2895 1888 2892
f 2892 1888 1887
f 774 777 1877
f 1877 777 1903
f 1251 2835 1252
f 1252 2835 2834
f 1213 2844 1212
f 1212 2844 1495
f 2851 892 1213
f 1213 892 2844
f 3123 2911 3124
f 3124 2911 2910
f 887 2929 888
f 888 2929 889
f 1435 2963 1436
f 1436 2963 2961
f 1253 1438 1254
f 1254 1438 1437
f 2970 731 735
f 735 731 1814
f 733 732 2885
f 2885 732 1215
f 2901 2902 2976
f 2976 2902 2977
f 2975 2982 2976
f 2976 2982 2979
f 2899 2900 2981
f 2981 2900 2979
f 2899 2981 2898
f 2898 2981 2983
f 2986 2985 2984
f 2984 2985 2983
f 2897 2985 2896
f 2896 2985 2988
f 2991 1439 2987
f 2987 1439 2988
f 777 2978 1903
f 1903 2978 2977
f 1885 1888 1858
f 1858 1888 1853
f 3090 3088 836
f 836 3088 833
f 3083 3088 3097
f 3097 3088 3096
f 3097 3096 3104
f 3104 3096 3106
f 3111 3116 3108
f 3108 3116 3109
f 3112 3111 3114
f 3114 3111 3108
f 3113 3122 3114
f 3114 3122 3115
f 891 890 2837
f 2837 890 2834
f 951 1456 954
f 954 1456 1519
f 967 1457 936
f 936 1457 1454
f 971 1462 902
f 902 1462 963
f 1461 1463 988
f 988 1463 987
f 1466 1468 1474
f 1474 1468 1470
f 1089 1529 1090
f 1090 1529 1531
f 1184 1181 1469
f 1469 1181 1180
f 1082 1527 1061
f 1061 1527 1525
f 1129 1473 1135
f 1135 1473 1475
f 1108 1530 1105
f 1105 1530 1532
f 1452 1499 3132
f 3132 1499 3136
f 3109 3116 3139
f 3139 3116 3138
f 2912 2911 887
f 887 2911 2929
f 2836 2835 1497
f 1497 2835 1494
f 2913 3102 2910
f 2910 3102 3115
f 1133 3187 1134
f 1134 3187 3185
f 3177 3176 3197
f 3197 3176 3198
f 3203 3183 3206
f 3206 3183 3207
f 3196 3202 3197
f 3197 3202 3211
f 3183 3182 3207
f 3207 3182 3185
f 1125 3180 1533
f 1533 3180 3198
f 3331 3203 3330
f 3330 3203 3206
f 3376 3379 3385
f 3385 3379 3386
f 3382 3376 3392
f 3392 3376 3385
f 3412 3415 3413
f 3413 3415 3414
f 3417 3396 3415
f 3415 3396 3395
f 3383 3386 3426
f 3426 3386 3425
f 3413 3414 3432
f 3432 3414 3430
f 3437 3396 3435
f 3435 3396 3417
f 3329 3382 3330
f 3330 3382 3392
f 3426 3425 3460
f 3460 3425 3458
f 3432 3430 3457
f 3457 3430 3463
f 3457 3463 3456
f 3456 3463 3465
f 3460 3458 3467
f 3467 3458 3466
f 3466 3455 3465
f 3465 3455 3456
f 3202 3437 3211
f 3211 3437 3435
f 3104 3106 3138
f 3138 3106 3139
f 3132 3136 1227
f 1227 3136 1476
f 943 687 600
f 600 687 601
f 596 625 667
f 667 625 1297
f 687 686 601
f 601 686 653
f 1319 784 711
f 711 784 712
f 1811 607 783
f 783 607 712
f 862 921 917
f 917 921 920
f 3478 925 3479
f 3479 925 924
f 2846 926 3478
f 3478 926 925
f 659 662 929
f 929 662 930
f 856 921 857
f 857 921 1204
f 1206 864 1207
f 1207 864 863
f 2876 1219 2877
f 2877 1219 1218
f 667 1297 593
f 593 1297 1296
f 917 920 1333
f 1333 920 1346
f 686 693 653
f 653 693 930
f 1277 913 1498
f 1498 913 1207
f 592 1536 610
f 610 1536 711
f 864 1206 1805
f 1805 1206 1804
f 1317 1536 1900
f 1900 1536 1809
f 1900 1809 1295
f 1295 1809 1296
f 3479 924 3477
f 3477 924 2824
f 927 926 1203
f 1203 926 2847
f 3484 2859 3032
f 3032 2859 3033
f 3472 2878 1217
f 1217 2878 1218
f 2889 2888 2880
f 2880 2888 2881
f 2886 2883 2887
f 2887 2883 2882
f 929 928 2847
f 2847 928 1203
f 857 1204 2921
f 2921 1204 2926
f 1820 1819 2882
f 2882 1819 2881
f 1821 2883 2876
f 2876 2883 1219
f 782 2889 783
f 783 2889 2880
f 1352 3034 1353
f 1353 3034 3033
f 3031 3034 3041
f 3041 3034 3043
f 944 943 3043
f 3043 943 600
f 1339 3145 1498
f 1498 3145 3143
f 1208 882 3148
f 3148 882 3143
f 2921 2926 3151
f 3151 2926 3156
f 3477 2824 1345
f 1345 2824 1346
f 1805 1804 3154
f 3154 1804 3156
f 886 3103 883
f 883 3103 3482
f 841 1248 3485
f 3485 1248 3121
f 2811 2819 2812
f 2812 2819 2816
f 2818 2815 2817
f 2817 2815 2806
f 2817 2816 2818
f 2818 2816 2819
f 2793 2795 2819
f 2819 2795 2818
f 243 352 2793
f 2793 352 2795
f 242 353 243
f 243 353 352
f 359 191 242
f 242 191 353
f 247 192 359
f 359 192 191
f 157 193 247
f 247 193 192
f 156 194 157
f 157 194 193
f 378 261 156
f 156 261 194
f 378 381 261
f 261 381 195
f 195 381 196
f 196 381 376
f 196 376 198
f 198 376 375
f 375 1776 198
f 198 1776 197
f 1776 1767 197
f 197 1767 274
f 181 274 199
f 199 274 1767
f 568 566 564
f 564 566 563
f 568 569 566
f 566 569 567
f 501 1773 1771
f 1771 1773 578
f 547 579 1773
f 1773 579 578
f 3486 470 474
f 474 470 469
f 450 582 3487
f 3487 582 3488
f 582 583 3488
f 3488 583 3489
f 583 584 3489
f 3489 584 3490
f 3490 584 3491
f 3491 584 543
f 470 3486 466
f 466 3486 467
f 3489 3490 503
f 503 3490 504
f 503 3492 3489
f 3489 3492 3488
f 3492 503 3493
f 3493 503 502
f 3495 3492 3494
f 3494 3492 3493
f 3487 3488 3495
f 3495 3488 3492
f 468 1774 465
f 465 1774 570
f 3494 3493 1775
f 1775 3493 1771
f 3490 3491 504
f 504 3491 1772
f 3491 543 1772
f 1772 543 548
f 450 3487 474
f 474 3487 3486
f 3495 467 3487
f 3487 467 3486
f 3494 468 3495
f 3495 468 467
f 468 3494 1774
f 1774 3494 1775
f 501 1771 502
f 502 1771 3493
f 527 366 384
f 384 366 365
f 522 524 527
f 527 524 366
f 521 534 522
f 522 534 524
f 530 535 521
f 521 535 534
f 508 486 513
f 513 486 532
f 513 532 541
f 541 532 535
f 667 668 596
f 596 668 597
f 1294 1297 624
f 624 1297 625
f 603 641 604
f 604 641 640
f 1290 1293 650
f 650 1293 651
f 1758 691 660
f 660 691 661
f 602 671 599
f 599 671 670
f 654 662 690
f 690 662 661
f 2856 598 695
f 695 598 597
f 602 654 671
f 671 654 690
f 604 640 676
f 676 640 704
f 1826 1829 708
f 708 1829 709
f 1288 1284 740
f 740 1284 741
f 755 754 758
f 758 754 759
f 2853 2856 932
f 932 2856 695
f 689 691 1192
f 1192 691 1193
f 784 1319 1240
f 1240 1319 1241
f 1813 1816 1244
f 1244 1816 1245
f 754 1288 759
f 759 1288 740
f 1894 1242 1318
f 1318 1242 1241
f 2867 1348 1418
f 1418 1348 1347
f 676 704 673
f 673 704 1347
f 1284 1287 741
f 741 1287 1419
f 1421 1426 1422
f 1422 1426 1425
f 1758 660 615
f 615 660 616
f 1192 1191 1421
f 1421 1191 1426
f 2962 1839 1504
f 1504 1839 1505
f 941 1194 1759
f 1759 1194 1193
f 1287 1537 1419
f 1419 1537 1760
f 1882 2893 1823
f 1823 2893 1824
f 1886 1891 1827
f 1827 1891 1828
f 1887 1886 1834
f 1834 1886 1827
f 1841 716 1838
f 1838 716 1505
f 782 784 1850
f 1850 784 1240
f 1239 1242 1863
f 1863 1242 1864
f 1242 1894 1864
f 1864 1894 1873
f 1822 1239 1823
f 1823 1239 1863
f 1318 1317 1895
f 1895 1317 1900
f 1894 1896 1873
f 1873 1896 1897
f 1291 1896 1292
f 1292 1896 1895
f 605 1898 606
f 606 1898 1897
f 1258 1257 2854
f 2854 1257 2855
f 1257 1351 2855
f 2855 1351 2857
f 1351 1353 2857
f 2857 1353 2858
f 1353 3033 2858
f 2858 3033 2859
f 2860 2861 3036
f 3036 2861 3037
f 2862 2863 2870
f 2870 2863 3039
f 2870 2869 2862
f 2862 2869 2864
f 2868 2865 2869
f 2869 2865 2864
f 1764 2866 2868
f 2868 2866 2865
f 1537 1199 1760
f 1760 1199 1348
f 615 2884 1758
f 1758 2884 1759
f 1825 1246 2890
f 2890 1246 1245
f 2893 2892 1824
f 1824 2892 2891
f 761 2960 758
f 758 2960 2906
f 3000 2943 2940
f 2940 2943 2941
f 2968 710 2950
f 2950 710 709
f 1764 1423 2866
f 2866 1423 2953
f 1423 645 2953
f 2953 645 2954
f 645 644 2954
f 2954 644 2955
f 644 738 2955
f 2955 738 2956
f 738 764 2956
f 2956 764 2957
f 764 763 2957
f 2957 763 2958
f 763 2908 2958
f 2958 2908 2959
f 2908 1436 2959
f 2959 1436 2961
f 1837 2964 1435
f 1435 2964 2963
f 1837 2937 2964
f 2964 2937 2965
f 2936 2968 2966
f 2966 2968 2950
f 1840 2942 1838
f 1838 2942 2941
f 2939 2949 2940
f 2940 2949 3006
f 2939 2942 2966
f 2966 2942 2965
f 1822 1825 1850
f 1850 1825 2890
f 1891 3005 1828
f 1828 3005 3006
f 3035 3038 3045
f 3045 3038 3042
f 3045 3044 3035
f 3035 3044 3040
f 669 1422 3045
f 3045 1422 3044
f 599 670 3041
f 3041 670 3042
f 931 3067 932
f 932 3067 3065
f 2853 3066 2854
f 2854 3066 3076
f 3067 3496 3065
f 3065 3496 3497
f 3066 3498 3076
f 3076 3498 3499
f 707 1813 708
f 708 1813 1244
f 2960 2962 2906
f 2906 2962 1504
f 2892 1887 2891
f 2891 1887 1834
f 1839 2962 2963
f 2963 2962 2961
f 595 626 596
f 596 626 625
f 623 626 3484
f 3484 626 2859
f 1291 1290 606
f 606 1290 603
f 1290 650 603
f 603 650 641
f 641 650 642
f 642 650 649
f 2860 2863 649
f 649 2863 642
f 3036 3039 2860
f 2860 3039 2863
f 3035 3040 3036
f 3036 3040 3039
f 1294 1293 1295
f 1295 1293 1292
f 624 651 1294
f 1294 651 1293
f 623 652 624
f 624 652 651
f 3484 2861 623
f 623 2861 652
f 3032 3037 3484
f 3484 3037 2861
f 3031 3038 3032
f 3032 3038 3037
f 3481 2848 2884
f 2884 2848 942
f 2846 617 1427
f 1427 617 616
f 3049 3167 3048
f 3048 3167 3500
f 1906 3048 3070
f 3070 3048 3500
f 1337 1768 3501
f 3501 1768 3502
f 3020 3503 3021
f 3021 3503 3024
f 2914 3023 3020
f 3020 3023 3503
f 859 1770 860
f 860 1770 3504
f 1336 3505 1768
f 1768 3505 3502
f 3065 3497 3066
f 3066 3497 3498
f 2814 3075 3067
f 3067 3075 3496
f 2839 3174 766
f 766 3174 3017
f 1337 3501 1338
f 1338 3501 1769
f 767 3018 3026
f 3026 3018 3506
f 3076 3499 3064
f 3064 3499 3507
f 727 730 3483
f 3483 730 3030
f 3064 3507 2871
f 2871 3507 3077
f 3100 3160 1786
f 1786 3160 1784
f 3026 3506 752
f 752 3506 3015
f 860 3504 2923
f 2923 3504 3508
f 753 3016 3027
f 3027 3016 3509
f 3027 3509 3008
f 3008 3509 3028
f 1782 1785 1783
f 1783 1785 3022
f 2923 3508 3153
f 3153 3508 3161
f 3148 3149 1208
f 1208 3149 3150
f 1335 1328 3510
f 3510 1328 1327
f 1336 1335 3505
f 3505 1335 3510
f 866 3511 1340
f 1340 3511 3146
f 865 1808 866
f 866 1808 3511
f 842 841 3159
f 3159 841 3485
f 2849 3512 1329
f 1329 3512 1326
f 1202 1331 2849
f 2849 1331 3512
f 3514 3515 3513
f 3513 3515 3516
f 3518 3516 3517
f 3517 3516 3515
f 3519 3520 3514
f 3514 3520 3515
f 3522 3523 3521
f 3521 3523 3524
f 3526 3527 3525
f 3525 3527 3528
f 3530 3531 3529
f 3529 3531 3532
f 3534 3535 3533
f 3533 3535 3536
f 3529 3532 3537
f 3537 3532 3538
f 3537 3539 3529
f 3529 3539 3540
f 3542 3543 3541
f 3541 3543 3544
f 3546 3547 3545
f 3545 3547 3548
f 3550 3534 3549
f 3549 3534 3533
f 3550 3543 3551
f 3551 3543 3552
f 3537 3545 3539
f 3539 3545 3548
f 3553 3554 3556
f 3556 3554 3555
f 3537 3557 3545
f 3545 3557 3546
f 3558 3559 3561
f 3561 3559 3560
f 3563 3564 3562
f 3562 3564 3565
f 3564 3563 3566
f 3566 3563 3567
f 3569 3570 3568
f 3568 3570 3571
f 3573 3574 3572
f 3572 3574 3575
f 3577 3578 3576
f 3576 3578 3579
f 3581 3582 3580
f 3580 3582 3583
f 3585 3586 3584
f 3584 3586 3579
f 3586 3587 3579
f 3579 3587 3576
f 3589 3590 3588
f 3588 3590 3591
f 3592 3593 3595
f 3595 3593 3594
f 3597 3598 3596
f 3596 3598 3595
f 3583 3600 3599
f 3599 3600 3601
f 3603 3599 3602
f 3602 3599 3601
f 3605 3606 3604
f 3604 3606 3607
f 3608 3555 3596
f 3596 3555 3554
f 3597 3610 3609
f 3609 3610 3565
f 3564 3611 3565
f 3565 3611 3609
f 3611 3564 3612
f 3612 3564 3566
f 3613 3614 3569
f 3569 3614 3570
f 3615 3616 3573
f 3573 3616 3574
f 3517 3617 3518
f 3518 3617 3618
f 3620 3621 3619
f 3619 3621 3622
f 3624 3625 3623
f 3623 3625 3626
f 3628 3629 3627
f 3627 3629 3630
f 3632 3633 3631
f 3631 3633 3634
f 3636 3637 3635
f 3635 3637 3638
f 3640 3641 3639
f 3639 3641 3642
f 3643 3644 3639
f 3639 3644 3640
f 3646 3513 3645
f 3645 3513 3647
f 3648 3514 3646
f 3646 3514 3513
f 3649 3519 3648
f 3648 3519 3514
f 3650 3651 3527
f 3527 3651 3652
f 3654 3651 3653
f 3653 3651 3650
f 3568 3571 3655
f 3655 3571 3656
f 3657 3658 3653
f 3653 3658 3659
f 3661 3662 3660
f 3660 3662 3658
f 3664 3665 3663
f 3663 3665 3666
f 3667 3657 3650
f 3650 3657 3653
f 3669 3523 3668
f 3668 3523 3670
f 3672 3673 3671
f 3671 3673 3674
f 3676 3677 3675
f 3675 3677 3678
f 3671 3674 3676
f 3676 3674 3677
f 3680 3681 3679
f 3679 3681 3682
f 3683 3684 3680
f 3680 3684 3681
f 3685 3686 3661
f 3661 3686 3662
f 3686 3687 3662
f 3662 3687 3688
f 3684 3683 3689
f 3689 3683 3690
f 3692 3693 3691
f 3691 3693 3694
f 3691 3694 3695
f 3695 3694 3696
f 3698 3699 3697
f 3697 3699 3700
f 3702 3703 3701
f 3701 3703 3704
f 3705 3706 3519
f 3519 3706 3520
f 3673 3672 3707
f 3707 3672 3708
f 3709 3710 3682
f 3682 3710 3679
f 3711 3712 3692
f 3692 3712 3693
f 3714 3715 3713
f 3713 3715 3716
f 3718 3700 3717
f 3717 3700 3699
f 3720 3721 3719
f 3719 3721 3722
f 3724 3725 3723
f 3723 3725 3726
f 3727 3728 3730
f 3730 3728 3729
f 3722 3721 3731
f 3731 3721 3732
f 3697 3700 3733
f 3733 3700 3714
f 3733 3714 3734
f 3734 3714 3713
f 3721 3723 3732
f 3732 3723 3735
f 3720 3736 3724
f 3724 3736 3737
f 3700 3718 3714
f 3714 3718 3715
f 3717 3699 3738
f 3738 3699 3739
f 3536 3740 3533
f 3533 3740 3540
f 3742 3743 3741
f 3741 3743 3744
f 3746 3747 3745
f 3745 3747 3748
f 3750 3751 3749
f 3749 3751 3752
f 3627 3632 3628
f 3628 3632 3631
f 3754 3755 3753
f 3753 3755 3626
f 3562 3565 3756
f 3756 3565 3610
f 3527 3652 3528
f 3528 3652 3757
f 3758 3524 3669
f 3669 3524 3523
f 3582 3598 3583
f 3583 3598 3600
f 3759 3670 3522
f 3522 3670 3523
f 3675 3678 3760
f 3760 3678 3761
f 3762 3763 3690
f 3690 3763 3689
f 3765 3766 3764
f 3764 3766 3767
f 3768 3739 3698
f 3698 3739 3699
f 3726 3725 3770
f 3770 3725 3769
f 3645 3647 3771
f 3771 3647 3772
f 3645 3678 3646
f 3646 3678 3677
f 3646 3677 3648
f 3648 3677 3674
f 3673 3649 3674
f 3674 3649 3648
f 3707 3773 3673
f 3673 3773 3649
f 3775 3776 3774
f 3774 3776 3777
f 3779 3526 3778
f 3778 3526 3525
f 3526 3779 3667
f 3667 3779 3780
f 3780 3781 3667
f 3667 3781 3657
f 3672 3679 3708
f 3708 3679 3710
f 3671 3680 3672
f 3672 3680 3679
f 3676 3683 3671
f 3671 3683 3680
f 3675 3690 3676
f 3676 3690 3683
f 3760 3762 3675
f 3675 3762 3690
f 3682 3681 3783
f 3783 3681 3782
f 3689 3784 3684
f 3684 3784 3785
f 3684 3785 3681
f 3681 3785 3782
f 3786 3709 3783
f 3783 3709 3682
f 3784 3689 3787
f 3787 3689 3763
f 3789 3557 3788
f 3788 3557 3790
f 3792 3793 3791
f 3791 3793 3794
f 3616 3615 3795
f 3795 3615 3796
f 3797 3798 3727
f 3727 3798 3728
f 3800 3801 3799
f 3799 3801 3802
f 3803 3578 3592
f 3592 3578 3593
f 3805 3806 3804
f 3804 3806 3807
f 3599 3603 3585
f 3585 3603 3586
f 3587 3586 3604
f 3604 3586 3603
f 3588 3591 3794
f 3794 3591 3791
f 3581 3803 3582
f 3582 3803 3592
f 3594 3561 3608
f 3608 3561 3790
f 3662 3688 3808
f 3808 3688 3809
f 3665 3664 3810
f 3810 3664 3811
f 3719 3812 3720
f 3720 3812 3736
f 3717 3813 3718
f 3718 3813 3737
f 3723 3721 3724
f 3724 3721 3720
f 3813 3717 3814
f 3814 3717 3738
f 3815 3816 303
f 303 3816 304
f 3818 3819 3817
f 3817 3819 3820
f 3578 3803 3579
f 3579 3803 3584
f 3558 3593 3577
f 3577 3593 3578
f 3822 3823 3821
f 3821 3823 3824
f 3546 3826 3825
f 3825 3826 3827
f 3828 3829 3547
f 3547 3829 3541
f 3831 3542 3830
f 3830 3542 3832
f 3834 3822 3833
f 3833 3822 3821
f 3835 3836 3827
f 3827 3836 3825
f 3800 3799 3828
f 3828 3799 3829
f 3830 3832 3837
f 3837 3832 3838
f 331 330 3551
f 3551 330 3839
f 3831 333 3552
f 3552 333 332
f 3819 3797 3841
f 3841 3797 3840
f 3513 3516 3647
f 3647 3516 3746
f 337 336 3745
f 3745 336 3772
f 3525 3528 3775
f 3775 3528 3749
f 3610 3597 3554
f 3554 3597 3596
f 3706 3702 3520
f 3520 3702 3701
f 3756 3610 3553
f 3553 3610 3554
f 3757 3750 3528
f 3528 3750 3749
f 3517 3515 3701
f 3701 3515 3520
f 3842 3584 3581
f 3581 3584 3803
f 3525 3775 3778
f 3778 3775 3774
f 3638 3843 3635
f 3635 3843 3618
f 3617 3621 3618
f 3618 3621 3635
f 3617 3517 3704
f 3704 3517 3701
f 3521 3624 3522
f 3522 3624 3623
f 3749 3844 3775
f 3775 3844 3776
f 3846 3847 3845
f 3845 3847 3848
f 3843 3747 3618
f 3618 3747 3518
f 3850 3851 3849
f 3849 3851 3748
f 3853 3854 3852
f 3852 3854 3855
f 3856 3857 3622
f 3622 3857 3619
f 3859 3860 3858
f 3858 3860 3861
f 3862 3844 3752
f 3752 3844 3749
f 3863 3759 3623
f 3623 3759 3522
f 3864 3777 3630
f 3630 3777 3776
f 3713 3865 3734
f 3734 3865 3866
f 3868 3869 3867
f 3867 3869 3870
f 3872 3873 3871
f 3871 3873 3874
f 3876 3877 3875
f 3875 3877 3878
f 3879 3880 3878
f 3878 3880 3881
f 3882 3883 3885
f 3885 3883 3884
f 3780 3886 3781
f 3781 3886 3887
f 3888 3685 3869
f 3869 3685 3661
f 3880 3879 3883
f 3883 3879 3884
f 3693 3783 3694
f 3694 3783 3782
f 3696 3785 3764
f 3764 3785 3784
f 3694 3782 3696
f 3696 3782 3785
f 3693 3786 3783
f 3787 3765 3784
f 3784 3765 3764
f 386 385 3765
f 3765 385 3766
f 3695 3889 3691
f 3691 3889 3890
f 3691 3890 3692
f 3692 3890 3891
f 3892 3711 3891
f 3891 3711 3692
f 3767 3893 3695
f 3695 3893 3889
f 3766 3894 3767
f 3767 3894 3893
f 3882 3885 3895
f 3895 3885 3896
f 3898 3698 3897
f 3897 3698 3697
f 3897 3697 3899
f 3899 3697 3733
f 3899 3733 3900
f 3900 3733 3734
f 3901 3768 3898
f 3898 3768 3698
f 3901 3902 3768
f 3768 3902 3903
f 3904 3905 3907
f 3907 3905 3906
f 3869 3661 3870
f 3870 3661 3660
f 3908 3909 3896
f 3896 3909 3895
f 3909 3758 3895
f 3895 3758 3669
f 3751 3531 3752
f 3752 3531 3848
f 3858 3536 3854
f 3854 3536 3535
f 3652 3562 3757
f 3757 3562 3756
f 3651 3654 3563
f 3563 3654 3567
f 3655 3656 3808
f 3808 3656 3659
f 3530 3740 3845
f 3845 3740 3861
f 3751 3750 3556
f 3556 3750 3553
f 3817 3820 3796
f 3796 3820 3795
f 410 409 3910
f 3910 409 3855
f 3750 3757 3553
f 3553 3757 3756
f 3908 3886 3909
f 3909 3886 3780
f 409 411 3855
f 3855 411 3851
f 413 412 3760
f 3760 412 3762
f 415 414 3763
f 3763 414 3787
f 3790 3557 3538
f 3538 3557 3537
f 3555 3608 3538
f 3538 3608 3790
f 3574 3911 3575
f 3575 3911 3912
f 3535 3534 3910
f 3910 3534 3839
f 3831 3552 3542
f 3542 3552 3543
f 3534 3550 3839
f 3839 3550 3551
f 3543 3550 3544
f 3544 3550 3549
f 3913 3914 3916
f 3916 3914 3915
f 3806 3805 3589
f 3589 3805 3590
f 3849 3843 3917
f 3917 3843 3638
f 3853 3644 3859
f 3859 3644 3742
f 3747 3746 3518
f 3518 3746 3516
f 3695 3696 3767
f 3767 3696 3764
f 3903 3918 3768
f 3768 3918 3739
f 3738 3739 3816
f 3816 3739 3918
f 3919 3920 3769
f 3769 3920 3770
f 3921 3726 3922
f 3922 3726 3770
f 3678 3645 3761
f 3761 3645 3771
f 3924 3913 3923
f 3923 3913 3916
f 3802 3925 3838
f 3838 3925 3837
f 3577 3926 3558
f 3558 3926 3559
f 3815 3919 3814
f 3814 3919 3769
f 3927 3928 3822
f 3822 3928 3823
f 3829 3832 3541
f 3541 3832 3542
f 3834 3927 3822
f 3832 3829 3838
f 3838 3829 3799
f 3745 3772 3746
f 3746 3772 3647
f 3849 3748 3843
f 3843 3748 3747
f 3854 3853 3858
f 3858 3853 3859
f 3854 3535 3855
f 3855 3535 3910
f 3557 3789 3546
f 3546 3789 3826
f 3923 3823 3924
f 3924 3823 3928
f 3823 3923 3929
f 3929 3923 3930
f 3531 3751 3532
f 3532 3751 3556
f 3532 3556 3538
f 3538 3556 3555
f 3932 3634 3931
f 3931 3634 3633
f 3814 3769 3813
f 3813 3769 3725
f 3620 3636 3621
f 3621 3636 3635
f 3847 3862 3848
f 3848 3862 3752
f 3531 3530 3848
f 3848 3530 3845
f 3933 3934 3830
f 3830 3934 3831
f 3925 3933 3837
f 3837 3933 3830
f 3934 440 3831
f 3831 440 333
f 3925 3802 3833
f 3833 3802 3801
f 3776 3844 3630
f 3630 3844 3627
f 3808 3659 3662
f 3662 3659 3658
f 3667 3650 3526
f 3526 3650 3527
f 3935 3666 3936
f 3936 3666 3665
f 3718 3737 3715
f 3715 3737 3736
f 3663 3809 3664
f 3664 3809 3688
f 3807 3806 3938
f 3938 3806 3937
f 445 413 3761
f 3761 413 3760
f 3902 447 3903
f 3903 447 446
f 3897 3890 3898
f 3898 3890 3889
f 3899 3891 3897
f 3897 3891 3890
f 3898 3889 3901
f 3901 3889 3893
f 3893 3894 3901
f 3901 3894 3902
f 414 386 3787
f 3787 386 3765
f 3940 3941 3939
f 3939 3941 3942
f 3840 3797 3943
f 3943 3797 3727
f 3665 3810 3936
f 3936 3810 3944
f 3921 3735 3726
f 3726 3735 3723
f 3920 3945 3770
f 3770 3945 3922
f 3521 3524 3774
f 3774 3524 3778
f 3864 3946 3625
f 3625 3946 3947
f 3773 3705 3649
f 3649 3705 3519
f 3779 3778 3758
f 3758 3778 3524
f 3812 3716 3736
f 3736 3716 3715
f 3624 3521 3777
f 3777 3521 3774
f 3703 3856 3704
f 3704 3856 3622
f 3900 3892 3899
f 3899 3892 3891
f 3641 3917 3642
f 3642 3917 3948
f 3895 3669 3882
f 3882 3669 3668
f 3855 3851 3852
f 3852 3851 3850
f 3894 458 3902
f 3902 458 447
f 3781 3887 3660
f 3660 3887 3870
f 3570 3566 3571
f 3571 3566 3567
f 3950 3576 3949
f 3949 3576 3587
f 3605 3602 3614
f 3614 3602 3612
f 3614 3612 3570
f 3570 3612 3566
f 3571 3567 3656
f 3656 3567 3654
f 3660 3658 3781
f 3781 3658 3657
f 3604 3607 3587
f 3587 3607 3949
f 3653 3659 3654
f 3654 3659 3656
f 3529 3540 3530
f 3530 3540 3740
f 3687 3811 3688
f 3688 3811 3664
f 3813 3725 3737
f 3737 3725 3724
f 3919 3815 461
f 461 3815 303
f 3818 3798 3819
f 3819 3798 3797
f 3819 3841 3820
f 3820 3841 3951
f 3816 3815 3738
f 3738 3815 3814
f 3540 3539 3533
f 3533 3539 3549
f 3548 3547 3544
f 3544 3547 3541
f 3539 3548 3549
f 3549 3548 3544
f 3741 3931 3860
f 3860 3931 3846
f 3801 3800 3835
f 3835 3800 3836
f 3934 3933 3824
f 3824 3933 3821
f 3825 3828 3546
f 3546 3828 3547
f 3833 3821 3925
f 3925 3821 3933
f 3800 3828 3836
f 3836 3828 3825
f 3824 3952 3934
f 3934 3952 440
f 3860 3846 3861
f 3861 3846 3845
f 3629 3946 3630
f 3630 3946 3864
f 3740 3536 3861
f 3861 3536 3858
f 3833 3801 3834
f 3834 3801 3835
f 3583 3599 3580
f 3580 3599 3585
f 3651 3563 3652
f 3652 3563 3562
f 3758 3909 3779
f 3779 3909 3780
f 3621 3617 3622
f 3622 3617 3704
f 3625 3947 3626
f 3626 3947 3753
f 3633 3632 3847
f 3847 3632 3862
f 3852 3850 3640
f 3640 3850 3641
f 3644 3853 3640
f 3640 3853 3852
f 3859 3742 3860
f 3860 3742 3741
f 3632 3627 3862
f 3862 3627 3844
f 3755 3863 3626
f 3626 3863 3623
f 3917 3638 3948
f 3948 3638 3637
f 3644 3643 3742
f 3742 3643 3743
f 3931 3633 3846
f 3846 3633 3847
f 3625 3624 3864
f 3864 3624 3777
f 3917 3641 3849
f 3849 3641 3850
f 3744 3932 3741
f 3741 3932 3931
f 3903 446 3918
f 3918 446 464
f 3953 3954 3956
f 3956 3954 3955
f 3958 3959 3957
f 3957 3959 3960
f 3876 3958 3877
f 3877 3958 3957
f 3877 3957 3961
f 3961 3957 3962
f 3963 3964 3958
f 3958 3964 3959
f 3965 3966 3876
f 3876 3966 3958
f 3966 3963 3958
f 3966 3967 3963
f 3963 3967 3968
f 3878 3877 3879
f 3879 3877 3961
f 3967 3969 3968
f 3968 3969 3970
f 3969 3971 3970
f 3970 3971 3972
f 3974 3904 3973
f 3973 3904 3907
f 3971 3975 3972
f 3972 3975 3976
f 3976 3975 3978
f 3978 3975 3977
f 3979 3980 3977
f 3977 3980 3978
f 3981 3982 3979
f 3979 3982 3980
f 3983 3984 3981
f 3981 3984 3982
f 3972 3985 3970
f 3970 3985 3986
f 3871 3987 3969
f 3969 3987 3971
f 3872 3871 3967
f 3967 3871 3969
f 3965 3872 3966
f 3966 3872 3967
f 3970 3986 3968
f 3968 3986 3988
f 3879 3961 3884
f 3884 3961 3940
f 3884 3940 3885
f 3885 3940 3939
f 3989 3990 3992
f 3992 3990 3991
f 3942 3993 3995
f 3995 3993 3994
f 3994 3996 3995
f 3995 3996 3974
f 3997 3998 3994
f 3994 3998 3996
f 3999 3997 3993
f 3993 3997 3994
f 4001 3996 4000
f 4000 3996 3998
f 4000 3998 4002
f 4002 3998 4003
f 4004 4003 3997
f 3997 4003 3998
f 3997 3999 4004
f 4004 3999 4005
f 4006 3995 3973
f 3973 3995 3974
f 3939 3942 4006
f 4006 3942 3995
f 3906 3887 3907
f 3907 3887 3886
f 3887 3906 3870
f 3870 3906 3867
f 3908 3973 3886
f 3886 3973 3907
f 3865 4007 3866
f 3866 4007 4008
f 3984 3983 4009
f 4009 3983 4010
f 3961 3962 3940
f 3940 3962 3941
f 4012 3868 4011
f 4011 3868 3867
f 4013 3975 3987
f 3987 3975 3971
f 4014 3977 4013
f 4013 3977 3975
f 4015 4010 4007
f 4007 4010 3983
f 4007 3983 4008
f 4008 3983 3981
f 4008 3981 4016
f 4016 3981 3979
f 4017 3984 4018
f 4018 3984 4009
f 3977 4014 3979
f 3979 4014 4016
f 3982 3984 4019
f 4019 3984 4017
f 4021 4022 4020
f 4020 4022 4023
f 4022 4012 4023
f 4023 4012 4011
f 4023 3904 4020
f 4020 3904 3974
f 4024 4025 4018
f 4018 4025 4017
f 4026 4027 4024
f 4024 4027 4025
f 4028 4026 4029
f 4029 4026 4024
f 4018 4021 4024
f 4024 4021 4029
f 4030 4031 4026
f 4026 4031 4027
f 4032 4030 4028
f 4028 4030 4026
f 4029 4001 4028
f 4028 4001 4000
f 4028 4000 4032
f 4032 4000 4002
f 4034 4035 4033
f 4033 4035 4036
f 4037 4038 4019
f 4019 4038 4039
f 4041 4039 4040
f 4040 4039 4038
f 4040 4038 4042
f 4042 4038 4036
f 4042 4036 4043
f 4043 4036 4035
f 3985 4044 4046
f 4046 4044 4045
f 4047 4048 4045
f 4045 4048 4046
f 4047 4049 4048
f 4048 4049 4050
f 4042 4047 4040
f 4040 4047 4045
f 4043 4049 4042
f 4042 4049 4047
f 4040 4045 4041
f 4041 4045 4044
f 4052 3959 4051
f 4051 3959 3964
f 4053 4054 4051
f 4051 4054 4055
f 3956 3960 4052
f 4052 3960 3959
f 3953 3956 4056
f 4056 3956 4052
f 4058 3953 4057
f 4057 3953 4056
f 4060 4061 4059
f 4059 4061 4062
f 4063 4064 4054
f 4054 4064 4057
f 4054 4053 4063
f 4063 4053 4065
f 4066 4067 4069
f 4069 4067 4068
f 4048 4050 4063
f 4063 4050 4064
f 4063 4065 4048
f 4048 4065 4046
f 3985 4046 3986
f 3986 4046 4065
f 3986 4065 3988
f 3988 4065 4053
f 3988 4053 3964
f 3964 4053 4051
f 3976 3978 4044
f 4044 3978 4041
f 3980 3982 4039
f 4039 3982 4019
f 4039 4041 3980
f 3980 4041 3978
f 3973 3908 4006
f 4006 3908 3896
f 3885 3939 3896
f 3896 3939 4006
f 4031 4034 4027
f 4027 4034 4033
f 4027 4033 4025
f 4025 4033 4037
f 4019 4017 4037
f 4037 4017 4025
f 3993 3942 4070
f 4070 3942 3941
f 3999 3993 4071
f 4071 3993 4070
f 3999 4071 4005
f 4005 4071 4072
f 4073 4074 4076
f 4076 4074 4075
f 4078 4079 4077
f 4077 4079 4080
f 4082 4080 4081
f 4081 4080 4079
f 4084 4085 4083
f 4083 4085 4086
f 4087 4088 4090
f 4090 4088 4089
f 4092 4093 4091
f 4091 4093 4094
f 4096 4097 4095
f 4095 4097 4098
f 4100 4101 4099
f 4099 4101 4102
f 4103 4104 4106
f 4106 4104 4105
f 4108 4109 4107
f 4107 4109 4110
f 4112 4113 4111
f 4111 4113 4114
f 4116 4117 4115
f 4115 4117 4118
f 4120 4121 4119
f 4119 4121 4122
f 4123 4124 4126
f 4126 4124 4125
f 4127 4128 4130
f 4130 4128 4129
f 4132 4133 4131
f 4131 4133 4134
f 4136 4108 4135
f 4135 4108 4107
f 4138 4139 4137
f 4137 4139 4140
f 4141 4142 4088
f 4088 4142 4089
f 4144 4145 4143
f 4143 4145 4146
f 4148 4149 4147
f 4147 4149 4150
f 4152 4153 4151
f 4151 4153 4154
f 4156 4082 4155
f 4155 4082 4081
f 4157 4158 4160
f 4160 4158 4159
f 4161 4162 4164
f 4164 4162 4163
f 4166 4122 4165
f 4165 4122 4121
f 4168 4152 4167
f 4167 4152 4151
f 4169 4170 4172
f 4172 4170 4171
f 4174 4175 4173
f 4173 4175 4176
f 4178 4149 4177
f 4177 4149 4179
f 4173 4176 4180
f 4180 4176 4181
f 4156 4085 4182
f 4182 4085 4183
f 4182 4184 4156
f 4156 4184 4082
f 4185 4186 4184
f 4184 4186 4187
f 4186 4188 4187
f 4187 4188 4189
f 4190 4191 4073
f 4073 4191 4074
f 4177 4179 4158
f 4158 4179 4159
f 4193 4127 4192
f 4192 4127 4130
f 4144 4194 4151
f 4151 4194 4167
f 4196 4197 4195
f 4195 4197 4198
f 4095 4199 4096
f 4096 4199 4200
f 4201 4202 4204
f 4204 4202 4203
f 4205 4206 4208
f 4208 4206 4207
f 4121 4120 4209
f 4209 4120 4210
f 4212 4213 4211
f 4211 4213 4214
f 4216 4217 4215
f 4215 4217 4218
f 4220 4221 4219
f 4219 4221 4222
f 4224 4196 4223
f 4223 4196 4195
f 4225 4226 4134
f 4134 4226 4131
f 4228 4229 4227
f 4227 4229 4230
f 4232 4233 4231
f 4231 4233 4098
f 4235 4236 4234
f 4234 4236 4237
f 4239 4240 4238
f 4238 4240 4241
f 4242 4243 4245
f 4245 4243 4244
f 4246 4247 4249
f 4249 4247 4248
f 4251 4252 4250
f 4250 4252 4253
f 4255 4256 4254
f 4254 4256 4257
f 4259 4260 4258
f 4258 4260 4261
f 4263 4264 4262
f 4262 4264 4265
f 4267 4268 4266
f 4266 4268 4269
f 4271 4199 4270
f 4270 4199 4272
f 4273 4274 4276
f 4276 4274 4275
f 4115 4118 4277
f 4277 4118 4278
f 4280 4281 4279
f 4279 4281 4282
f 4211 4283 4212
f 4212 4283 4284
f 4286 4287 4285
f 4285 4287 4288
f 4165 4121 4289
f 4289 4121 4209
f 4291 4286 4290
f 4290 4286 4285
f 4293 4294 4292
f 4292 4294 4295
f 4297 4298 4296
f 4296 4298 4299
f 4301 4302 4300
f 4300 4302 4303
f 4299 4304 4296
f 4296 4304 4305
f 4306 4292 4307
f 4307 4292 4295
f 4307 4308 4306
f 4306 4308 4309
f 4310 4309 4075
f 4075 4309 4308
f 4299 4298 4312
f 4312 4298 4311
f 4302 4301 4293
f 4293 4301 4294
f 3735 3921 4313
f 4313 3921 4314
f 4315 4314 3922
f 3922 4314 3921
f 4316 3945 829
f 829 3945 830
f 4289 4317 4165
f 4165 4317 4318
f 4320 4321 4319
f 4319 4321 4322
f 4324 4325 4323
f 4323 4325 4326
f 4327 4328 4330
f 4330 4328 4329
f 4290 4331 4291
f 4291 4331 4332
f 4165 4318 4166
f 4166 4318 4333
f 4334 4335 4337
f 4337 4335 4336
f 4339 4340 4338
f 4338 4340 4341
f 4168 4343 4342
f 4342 4343 4344
f 4346 4347 4345
f 4345 4347 4348
f 4350 4351 4349
f 4349 4351 4352
f 4354 4355 4353
f 4353 4355 4356
f 4357 4358 4324
f 4324 4358 4325
f 4337 4359 4334
f 4334 4359 4360
f 4362 4363 4361
f 4361 4363 4364
f 4366 4367 4365
f 4365 4367 4368
f 4369 4370 4372
f 4372 4370 4371
f 4331 4290 4374
f 4374 4290 4373
f 4373 4376 4375
f 4375 4376 4377
f 4379 4380 4378
f 4378 4380 4381
f 4217 4382 4218
f 4218 4382 4383
f 4385 4386 4384
f 4384 4386 4387
f 4388 4389 4338
f 4338 4389 4390
f 4337 4336 4392
f 4392 4336 4391
f 4394 4362 4393
f 4393 4362 4361
f 4396 4397 4395
f 4395 4397 4398
f 4400 4401 4399
f 4399 4401 4402
f 4345 4403 4346
f 4346 4403 4404
f 4405 4406 4342
f 4342 4406 4407
f 4409 4410 4408
f 4408 4410 4411
f 4408 4412 4409
f 4409 4412 4413
f 4181 4415 4414
f 4414 4415 4416
f 4182 4183 4417
f 4417 4183 4418
f 4419 4353 4311
f 4311 4353 4312
f 4421 4422 4420
f 4420 4422 4423
f 4353 4356 4312
f 4312 4356 4424
f 4166 4333 4425
f 4425 4333 4426
f 4425 4143 4166
f 4166 4143 4122
f 4427 4107 4428
f 4428 4107 4110
f 4429 4430 4174
f 4174 4430 4175
f 4335 4431 4336
f 4336 4431 4390
f 4336 4390 4391
f 4391 4390 4389
f 4432 4433 4435
f 4435 4433 4434
f 4437 4438 4436
f 4436 4438 4439
f 4441 4442 4440
f 4440 4442 4443
f 4359 4444 4361
f 4361 4444 4393
f 4446 4447 4445
f 4445 4447 4448
f 4338 4341 4388
f 4388 4341 4449
f 4450 4451 4398
f 4398 4451 4395
f 4453 4454 4452
f 4452 4454 4455
f 4457 4458 4456
f 4456 4458 4459
f 4460 4461 4448
f 4448 4461 4445
f 4463 4464 4462
f 4462 4464 4465
f 4462 4465 4466
f 4466 4465 4467
f 4468 4469 4467
f 4467 4469 4466
f 4469 4468 4470
f 4470 4468 4471
f 4472 4473 4471
f 4471 4473 4470
f 4475 4476 4474
f 4474 4476 4477
f 4479 4480 4478
f 4478 4480 4481
f 4483 4484 4482
f 4482 4484 4485
f 4487 4488 4486
f 4486 4488 4489
f 4491 4492 4490
f 4490 4492 4493
f 4494 4495 4493
f 4493 4495 4490
f 4496 4497 4494
f 4494 4497 4495
f 4497 4496 4498
f 4498 4496 4499
f 4500 4501 4503
f 4503 4501 4502
f 4505 4506 4504
f 4504 4506 4507
f 4466 4508 4462
f 4462 4508 4509
f 4470 4510 4469
f 4469 4510 4511
f 4513 4479 4512
f 4512 4479 4478
f 4515 4443 4514
f 4514 4443 4442
f 4516 4517 4519
f 4519 4517 4518
f 4521 4495 4520
f 4520 4495 4497
f 4522 4490 4521
f 4521 4490 4495
f 4491 4523 4488
f 4488 4523 4524
f 4525 4489 4524
f 4524 4489 4488
f 4484 4526 4485
f 4485 4526 4527
f 4503 4528 4500
f 4500 4528 4529
f 4530 4531 4533
f 4533 4531 4532
f 4535 4506 4534
f 4534 4506 4530
f 4486 4536 4487
f 4487 4536 4537
f 4487 4537 4492
f 4492 4537 4538
f 4494 4539 4496
f 4496 4539 4540
f 4542 4533 4541
f 4541 4533 4499
f 4544 4545 4543
f 4543 4545 4546
f 4548 4549 4547
f 4547 4549 4550
f 4536 4551 4537
f 4537 4551 4552
f 4537 4552 4538
f 4538 4552 4553
f 4554 4539 4556
f 4556 4539 4555
f 4557 4540 4554
f 4554 4540 4539
f 4559 4557 4558
f 4558 4557 4560
f 4540 4557 4541
f 4541 4557 4559
f 4562 4563 4561
f 4561 4563 4564
f 4546 4565 4543
f 4543 4565 4566
f 4547 4567 4548
f 4548 4567 4568
f 4570 4571 4569
f 4569 4571 4572
f 4574 4575 4573
f 4573 4575 4576
f 4578 4579 4577
f 4577 4579 4580
f 4582 4583 4581
f 4581 4583 4584
f 4585 4586 4588
f 4588 4586 4587
f 4589 4585 4590
f 4590 4585 4588
f 4592 4593 4591
f 4591 4593 4594
f 4596 4597 4595
f 4595 4597 4598
f 4600 4601 4599
f 4599 4601 4602
f 4563 4604 4603
f 4603 4604 4605
f 4603 4606 4608
f 4608 4606 4607
f 4609 4610 4594
f 4594 4610 4591
f 4611 4612 4614
f 4614 4612 4613
f 4616 4617 4615
f 4615 4617 4618
f 4602 4620 4619
f 4619 4620 4621
f 4619 4622 4602
f 4602 4622 4599
f 4605 4599 4623
f 4623 4599 4622
f 4605 4623 4603
f 4603 4623 4606
f 4625 4626 4624
f 4624 4626 4627
f 4438 4437 4628
f 4628 4437 4629
f 4442 4441 4630
f 4630 4441 4631
f 4630 4632 4442
f 4442 4632 4514
f 4633 4634 4529
f 4529 4634 4500
f 4500 4634 4501
f 4501 4634 4635
f 4637 4546 4636
f 4636 4546 4545
f 4639 4565 4638
f 4638 4565 4640
f 4573 4576 4641
f 4641 4576 4642
f 4593 4643 4594
f 4594 4643 4644
f 4645 4609 4644
f 4644 4609 4594
f 4647 4648 4646
f 4646 4648 4649
f 4651 4652 4650
f 4650 4652 4653
f 4654 4498 4519
f 4519 4498 4532
f 4520 4508 4521
f 4521 4508 4511
f 4522 4510 4523
f 4523 4510 4655
f 4524 4656 4525
f 4525 4656 4657
f 4514 4529 4515
f 4515 4529 4528
f 4658 4659 4661
f 4661 4659 4660
f 4496 4540 4499
f 4499 4540 4541
f 4493 4555 4494
f 4494 4555 4539
f 4549 4483 4550
f 4550 4483 4482
f 4545 4544 4501
f 4501 4544 4502
f 4636 4545 4635
f 4635 4545 4501
f 4589 4663 4662
f 4662 4663 4664
f 4662 4665 4558
f 4558 4665 4559
f 4569 4586 4570
f 4570 4586 4560
f 4552 4666 4553
f 4553 4666 4667
f 4668 4669 4670
f 4670 4669 4666
f 4672 4673 4671
f 4671 4673 4674
f 4287 4675 4288
f 4288 4675 4676
f 4678 4679 4677
f 4677 4679 4680
f 4681 4678 4682
f 4682 4678 4677
f 4682 4683 4681
f 4681 4683 4684
f 4161 4164 4685
f 4685 4164 4686
f 4414 4687 4689
f 4689 4687 4688
f 4405 4690 4346
f 4346 4690 4347
f 4691 4399 4693
f 4693 4399 4692
f 1209 4694 4365
f 4365 4694 4366
f 4650 1211 4651
f 4651 1211 1210
f 4695 4696 4255
f 4255 4696 4256
f 4697 4698 4218
f 4218 4698 4215
f 4700 4701 4699
f 4699 4701 4702
f 4703 4704 4303
f 4303 4704 4300
f 4315 3922 4316
f 4316 3922 3945
f 4653 4706 4705
f 4705 4706 4707
f 4709 4710 4708
f 4708 4710 4711
f 4335 4334 4713
f 4713 4334 4712
f 4714 4340 4321
f 4321 4340 4322
f 4716 4717 4715
f 4715 4717 4718
f 4238 4241 4719
f 4719 4241 4720
f 4231 4721 4307
f 4307 4721 4308
f 4723 4724 4722
f 4722 4724 4725
f 4727 4728 4726
f 4726 4728 4729
f 4730 4731 4327
f 4327 4731 4328
f 4733 4734 4732
f 4732 4734 4735
f 4720 4381 4736
f 4736 4381 4737
f 4738 4739 4741
f 4741 4739 4740
f 4743 4744 4742
f 4742 4744 4745
f 4338 4390 4339
f 4339 4390 4431
f 4746 4747 4431
f 4431 4747 4339
f 4291 4332 4289
f 4289 4332 4317
f 4289 4209 4291
f 4291 4209 4286
f 4287 4286 4210
f 4210 4286 4209
f 4749 4750 4748
f 4748 4750 4751
f 4212 4284 4752
f 4752 4284 4753
f 4752 4754 4212
f 4212 4754 4213
f 4252 4251 4225
f 4225 4251 4226
f 4227 4230 4248
f 4248 4230 4249
f 4205 4755 4757
f 4757 4755 4756
f 4708 4711 4758
f 4758 4711 4647
f 4367 4366 4759
f 4759 4366 4760
f 4526 4513 4527
f 4527 4513 4512
f 4420 4423 4385
f 4385 4423 4386
f 4705 4761 4653
f 4653 4761 4650
f 4761 1279 4650
f 4650 1279 1211
f 4762 4763 3944
f 3944 4763 3936
f 4274 4273 4765
f 4765 4273 4764
f 4767 4768 4766
f 4766 4768 4769
f 4770 4771 4769
f 4769 4771 4766
f 4771 4770 4242
f 4242 4770 4243
f 4093 4163 4094
f 4094 4163 4162
f 4772 4773 4775
f 4775 4773 4774
f 4777 4778 4776
f 4776 4778 4779
f 4417 4185 4182
f 4182 4185 4184
f 4780 4078 4781
f 4781 4078 4077
f 4781 4077 4782
f 4782 4077 4189
f 4188 4783 4189
f 4189 4783 4782
f 4295 4232 4307
f 4307 4232 4231
f 4785 4786 4784
f 4784 4786 4787
f 4784 1307 4785
f 4785 1307 1306
f 4078 4780 4096
f 4096 4780 4097
f 4075 4074 4310
f 4310 4074 4788
f 4788 4074 4789
f 4789 4074 4191
f 4789 4191 4059
f 4059 4191 4790
f 4791 4277 4792
f 4792 4277 4278
f 3732 3735 4793
f 4793 3735 4313
f 4793 4794 3732
f 3732 4794 3731
f 4792 4795 4791
f 4791 4795 4796
f 4797 4798 4799
f 4799 4798 4724
f 4763 4800 3936
f 3936 4800 3935
f 4801 4062 3729
f 3729 4062 3730
f 4713 4712 4802
f 4802 4712 4803
f 4146 4804 4119
f 4119 4804 4805
f 4498 4654 4497
f 4497 4654 4520
f 4806 4807 1326
f 1326 4807 1327
f 4689 4688 1330
f 1330 4688 1331
f 4801 4789 4062
f 4062 4789 4059
f 3730 4062 4808
f 4808 4062 4061
f 4810 4811 4809
f 4809 4811 4812
f 4813 4403 4814
f 4814 4403 4345
f 4815 4816 4349
f 4349 4816 4350
f 4817 4818 4820
f 4820 4818 4819
f 4406 4821 4407
f 4407 4821 4822
f 4823 4161 4824
f 4824 4161 4685
f 4181 4414 4825
f 4825 4414 4689
f 4741 4740 4826
f 4826 4740 4827
f 4828 4829 4827
f 4827 4829 4826
f 4142 4141 4415
f 4415 4141 4148
f 4830 1354 4761
f 4761 1354 1279
f 4832 4833 4831
f 4831 4833 4834
f 4835 4836 4626
f 4626 4836 4421
f 4451 4709 4395
f 4395 4709 4708
f 4627 4420 4837
f 4837 4420 4385
f 4837 1365 4838
f 4838 1365 1364
f 4397 4396 4839
f 4839 4396 4840
f 4842 4628 4841
f 4841 4628 4629
f 4671 4674 4631
f 4631 4674 4630
f 4674 4659 4630
f 4630 4659 4632
f 4633 4632 4658
f 4658 4632 4659
f 4658 4504 4633
f 4633 4504 4634
f 4635 4634 4507
f 4507 4634 4504
f 4843 4636 4507
f 4507 4636 4635
f 4844 4637 4843
f 4843 4637 4636
f 4637 4844 4640
f 4640 4844 4664
f 4638 4663 4642
f 4642 4663 4845
f 4847 4643 4846
f 4846 4643 4641
f 4644 4848 4645
f 4645 4848 4849
f 4851 4852 4850
f 4850 4852 4853
f 4855 4856 4854
f 4854 4856 4857
f 4859 4860 4858
f 4858 4860 4857
f 4715 4718 4859
f 4859 4718 4860
f 4862 4863 4861
f 4861 4863 4864
f 4866 4867 4865
f 4865 4867 4868
f 4870 4871 4869
f 4869 4871 4872
f 4869 4872 4116
f 4116 4872 4117
f 4820 4819 4874
f 4874 4819 4873
f 4876 4877 4875
f 4875 4877 4878
f 4880 4881 4879
f 4879 4881 4882
f 4884 4885 4883
f 4883 4885 4886
f 4887 4888 4280
f 4280 4888 4281
f 4818 4817 4889
f 4889 4817 4890
f 4891 4193 4823
f 4823 4193 4192
f 4892 4893 4228
f 4228 4893 4229
f 4158 4157 4894
f 4894 4157 4895
f 4896 4897 4132
f 4132 4897 4133
f 4099 4683 4100
f 4100 4683 4682
f 4101 4100 4899
f 4899 4100 4898
f 4150 4106 4147
f 4147 4106 4900
f 4100 4682 4898
f 4898 4682 4677
f 4080 4082 4187
f 4187 4082 4184
f 4077 4080 4189
f 4189 4080 4187
f 4191 4190 4790
f 4790 4190 4901
f 4177 4158 4680
f 4680 4158 4894
f 4108 4136 4752
f 4752 4136 4754
f 4752 4753 4108
f 4108 4753 4109
f 4817 4902 4890
f 4890 4902 4903
f 4904 4905 4907
f 4907 4905 4906
f 4909 4910 4908
f 4908 4910 4911
f 4913 4914 4912
f 4912 4914 4915
f 4916 4917 4919
f 4919 4917 4918
f 4312 4424 4299
f 4299 4424 4304
f 4920 4921 4297
f 4297 4921 4298
f 4194 4922 4167
f 4167 4922 4923
f 4924 4400 4691
f 4691 4400 4399
f 4395 4708 4396
f 4396 4708 4758
f 4367 4925 4368
f 4368 4925 4926
f 4919 4918 4873
f 4873 4918 4874
f 4836 4927 4421
f 4421 4927 4422
f 4921 4928 4298
f 4298 4928 4311
f 4143 4146 4122
f 4122 4146 4119
f 4929 4930 4455
f 4455 4930 4452
f 4932 4933 4931
f 4931 4933 4934
f 4935 4936 4932
f 4932 4936 4933
f 4461 4460 4457
f 4457 4460 4458
f 4480 4479 4475
f 4475 4479 4476
f 4660 4673 4517
f 4517 4673 4937
f 4661 4505 4658
f 4658 4505 4504
f 4484 4483 4489
f 4489 4483 4486
f 4462 4509 4463
f 4463 4509 4518
f 4469 4511 4466
f 4466 4511 4508
f 4655 4473 4656
f 4656 4473 4477
f 4476 4657 4477
f 4477 4657 4656
f 4479 4513 4476
f 4476 4513 4657
f 4489 4525 4484
f 4484 4525 4526
f 4483 4549 4486
f 4486 4549 4536
f 4549 4548 4536
f 4536 4548 4551
f 4548 4568 4551
f 4551 4568 4670
f 4663 4589 4845
f 4845 4589 4590
f 4668 4577 4938
f 4938 4577 4580
f 4940 4938 4939
f 4939 4938 4941
f 4940 4942 4669
f 4669 4942 4943
f 4587 4582 4944
f 4944 4582 4581
f 4848 4847 4608
f 4608 4847 4564
f 4616 4945 4613
f 4613 4945 4598
f 4615 4946 4616
f 4616 4946 4945
f 4947 4939 4948
f 4948 4939 4946
f 4599 4605 4600
f 4600 4605 4604
f 4608 4607 4848
f 4848 4607 4849
f 4613 4612 4616
f 4616 4612 4617
f 4835 4949 4709
f 4709 4949 4710
f 4357 1477 4837
f 4837 1477 1365
f 4712 4950 4803
f 4803 4950 4951
f 4401 4952 4402
f 4402 4952 4953
f 4759 4760 4402
f 4402 4760 4399
f 4508 4520 4509
f 4509 4520 4654
f 4510 4522 4511
f 4511 4522 4521
f 4513 4526 4657
f 4657 4526 4525
f 4632 4633 4514
f 4514 4633 4529
f 4931 4934 4453
f 4453 4934 4454
f 4153 4954 4154
f 4154 4954 4955
f 4957 4958 4956
f 4956 4958 4959
f 4961 4962 4960
f 4960 4962 4963
f 4120 4964 4210
f 4210 4964 4965
f 4967 4968 4966
f 4966 4968 4969
f 4349 4692 4815
f 4815 4692 4970
f 4652 4971 4653
f 4653 4971 4706
f 4758 4647 4972
f 4972 4647 4646
f 4973 4363 4646
f 4646 4363 4972
f 4950 4360 4974
f 4974 4360 4364
f 4431 4335 4746
f 4746 4335 4713
f 4358 4714 4325
f 4325 4714 4321
f 4765 4764 4266
f 4266 4764 4975
f 4202 4976 4203
f 4203 4976 4977
f 4917 4978 4918
f 4918 4978 4979
f 4279 4282 4854
f 4854 4282 4269
f 4820 4880 4817
f 4817 4880 4902
f 4890 4903 4980
f 4980 4903 4886
f 4982 4983 4981
f 4981 4983 4123
f 4795 4851 4796
f 4796 4851 4850
f 4918 4979 4874
f 4874 4979 4881
f 4809 4404 4810
f 4810 4404 4403
f 4354 4985 4984
f 4984 4985 4986
f 1364 1516 4838
f 4838 1516 4987
f 4759 4988 4367
f 4367 4988 4925
f 4989 4990 4481
f 4481 4990 4478
f 4443 4515 4990
f 4990 4515 4991
f 4527 4512 4992
f 4992 4512 4991
f 4528 4503 4992
f 4992 4503 4993
f 4993 4994 4485
f 4485 4994 4482
f 4544 4995 4502
f 4502 4995 4994
f 4995 4996 4550
f 4550 4996 4547
f 4998 4999 4997
f 4997 4999 4566
f 4998 5000 4578
f 4578 5000 4579
f 5001 5002 4596
f 4596 5002 4597
f 5003 4591 5004
f 5004 4591 4610
f 4626 4421 4627
f 4627 4421 4420
f 4837 4838 4627
f 4627 4838 4624
f 4761 4705 4830
f 4830 4705 5005
f 4705 4707 5005
f 5005 4707 5006
f 4308 4721 4075
f 4075 4721 4076
f 5007 4200 4797
f 4797 4200 4798
f 4685 4686 5008
f 5008 4686 5009
f 4889 4890 5010
f 5010 4890 4980
f 4323 1541 4324
f 4324 1541 1540
f 4385 4384 4358
f 4358 4384 4714
f 4396 4758 4840
f 4840 4758 4972
f 4866 4852 5011
f 5011 4852 5012
f 5013 4260 4980
f 4980 4260 5010
f 4875 4878 5014
f 5014 4878 5015
f 5017 5018 5016
f 5016 5018 5019
f 5016 5019 5020
f 5020 5019 5021
f 5023 5024 5022
f 5022 5024 5025
f 5027 5028 5026
f 5026 5028 5029
f 5031 5032 5030
f 5030 5032 5033
f 5035 5036 5034
f 5034 5036 5037
f 5039 5040 5038
f 5038 5040 5041
f 5043 5044 5042
f 5042 5044 5045
f 5038 5046 5039
f 5039 5046 5047
f 5049 5050 5048
f 5048 5050 5051
f 5053 5054 5052
f 5052 5054 5055
f 5057 5024 5056
f 5056 5024 5058
f 5060 5061 5059
f 5059 5061 5062
f 5064 5065 5063
f 5063 5065 5066
f 5043 5050 5064
f 5064 5050 5065
f 5038 5041 5067
f 5067 5041 5068
f 5070 5071 5069
f 5069 5071 5072
f 5074 5075 5073
f 5073 5075 5076
f 5034 5077 5035
f 5035 5077 5078
f 5080 5081 5079
f 5079 5081 5082
f 5084 5085 5083
f 5083 5085 5086
f 5085 5084 5087
f 5087 5084 5088
f 5090 5091 5089
f 5089 5091 5092
f 5094 5095 5093
f 5093 5095 5096
f 5098 5099 5097
f 5097 5099 5100
f 5102 5103 5101
f 5101 5103 5104
f 5105 5106 5108
f 5108 5106 5107
f 5110 5111 5109
f 5109 5111 5112
f 5114 5094 5113
f 5113 5094 5093
f 5116 5117 5115
f 5115 5117 5118
f 5120 5121 5119
f 5119 5121 5122
f 5124 5125 5123
f 5123 5125 5126
f 5128 5129 5127
f 5127 5129 5130
f 5097 5131 5098
f 5098 5131 5132
f 5134 5135 5133
f 5133 5135 5122
f 5084 5125 5088
f 5088 5125 5136
f 5138 5139 5137
f 5137 5139 5140
f 5142 5102 5141
f 5141 5102 5101
f 5106 5143 5107
f 5107 5143 5144
f 5146 5147 5145
f 5145 5147 5148
f 5149 5150 5109
f 5109 5150 5110
f 5151 5110 5152
f 5152 5110 5150
f 4715 5140 4716
f 4716 5140 5139
f 5143 4870 5144
f 5144 4870 4869
f 4115 5146 4116
f 4116 5146 5145
f 4791 4796 5149
f 5149 4796 5150
f 4796 4850 5150
f 5150 4850 5152
f 4858 5142 4859
f 4859 5142 5141
f 5153 5154 5115
f 5115 5154 5105
f 5156 5157 5155
f 5155 5157 5158
f 5159 5160 5053
f 5053 5160 5054
f 5161 5162 5020
f 5020 5162 5068
f 5026 5029 5163
f 5163 5029 5021
f 5083 5086 5164
f 5164 5086 5165
f 5090 5167 5166
f 5166 5167 5168
f 5169 5170 5172
f 5172 5170 5171
f 5174 5175 5173
f 5173 5175 5176
f 5177 5109 5178
f 5178 5109 5112
f 5179 5180 5182
f 5182 5180 5181
f 5123 5126 5120
f 5120 5126 5121
f 5180 5167 5181
f 5181 5167 5183
f 5184 5185 5179
f 5179 5185 5180
f 5186 5149 5177
f 5177 5149 5109
f 4868 5184 4865
f 4865 5184 5179
f 5188 5189 5187
f 5187 5189 5190
f 4277 4791 5186
f 5186 4791 5149
f 5179 5182 4865
f 4865 5182 4853
f 5189 4862 5190
f 5190 4862 4861
f 5156 5075 5191
f 5191 5075 5192
f 5036 5035 5193
f 5193 5035 5194
f 5115 5118 5153
f 5153 5118 5195
f 5022 5025 5196
f 5196 5025 5197
f 5155 5158 5069
f 5069 5158 5062
f 5063 5066 5198
f 5198 5066 5199
f 5073 5076 5200
f 5200 5076 5072
f 5202 5131 5201
f 5201 5131 5203
f 5143 5106 5204
f 5204 5106 5205
f 5114 5113 5206
f 5206 5113 5127
f 5098 5132 5193
f 5193 5132 5195
f 5204 5207 5143
f 5143 5207 4870
f 5088 5136 5208
f 5208 5136 5092
f 5209 5210 5089
f 5089 5210 5183
f 5211 5018 5060
f 5060 5018 5061
f 5017 5040 5070
f 5070 5040 5071
f 5191 5160 5156
f 5156 5160 5157
f 5048 5028 5049
f 5049 5028 5058
f 5207 5204 4858
f 4858 5204 5142
f 4859 5141 4715
f 4715 5141 5140
f 5212 5162 5042
f 5042 5162 5051
f 5182 5152 4853
f 4853 5152 4850
f 5214 5134 5213
f 5213 5134 5133
f 5164 5165 5133
f 5133 5165 5213
f 5215 5216 5201
f 5201 5216 5217
f 5147 5218 5148
f 5148 5218 5219
f 5147 5177 5218
f 5218 5177 5178
f 5141 5101 5140
f 5140 5101 5137
f 5201 5217 5202
f 5202 5217 5104
f 5146 5186 5147
f 5147 5186 5177
f 4277 5186 4115
f 4115 5186 5146
f 5191 5192 5031
f 5031 5192 5032
f 5052 5055 5220
f 5220 5055 5197
f 4116 5145 4869
f 4869 5145 5144
f 5034 5037 5214
f 5214 5037 5134
f 5097 5100 5114
f 5114 5100 5094
f 5108 5107 5219
f 5219 5107 5148
f 5221 5135 5116
f 5116 5135 5117
f 5124 5111 5209
f 5209 5111 5210
f 5107 5144 5148
f 5148 5144 5145
f 5152 5182 5151
f 5151 5182 5181
f 5208 5222 5088
f 5088 5222 5087
f 5222 5208 5171
f 5171 5208 5172
f 5223 1756 4698
f 4698 1756 1755
f 4427 5224 4107
f 4107 5224 4135
f 4178 4679 5225
f 5225 4679 5226
f 5227 5228 4892
f 4892 5228 4893
f 5229 5230 4171
f 4171 5230 4172
f 4855 4268 4884
f 4884 4268 4885
f 4884 4871 4855
f 4855 4871 4856
f 4684 5231 4896
f 4896 5231 4897
f 4768 4767 5009
f 5009 4767 5008
f 5205 5154 5102
f 5102 5154 5103
f 5099 5098 5194
f 5194 5098 5193
f 5198 5199 5079
f 5079 5199 5033
f 5102 5142 5205
f 5205 5142 5204
f 5224 4427 4681
f 4681 4427 4678
f 3712 3711 5232
f 5232 3711 5233
f 3968 3988 3963
f 3963 3988 3964
f 3976 4044 3972
f 3972 4044 3985
f 4038 4037 4036
f 4036 4037 4033
f 4794 4762 3731
f 3731 4762 3944
f 3731 3944 3722
f 3722 3944 3810
f 3874 5234 5232
f 5232 5234 3712
f 3906 3905 3867
f 3867 3905 4011
f 3904 4023 3905
f 3905 4023 4011
f 3719 3722 3811
f 3811 3722 3810
f 3812 3719 3687
f 3687 3719 3811
f 3716 3812 3686
f 3686 3812 3687
f 3713 3716 3685
f 3685 3716 3686
f 4810 4403 5235
f 5235 4403 4813
f 4345 1770 4814
f 4814 1770 1769
f 4067 4066 4058
f 4058 4066 5236
f 4043 4068 4049
f 4049 4068 4050
f 4034 5237 3989
f 3989 5237 3990
f 4031 4030 4072
f 4072 4030 4005
f 4003 4004 4002
f 4002 4004 4032
f 4004 4005 4032
f 4032 4005 4030
f 4067 4064 4068
f 4068 4064 4050
f 4058 4057 4067
f 4067 4057 4064
f 4035 4034 5238
f 5238 4034 3989
f 5236 5239 4058
f 4058 5239 5240
f 5234 3874 5241
f 5241 3874 3873
f 5241 3873 3881
f 3881 3873 3878
f 4800 4763 4788
f 4788 4763 4310
f 4763 4762 4310
f 4310 4762 4309
f 4762 4794 4309
f 4309 4794 4306
f 4794 4793 4306
f 4306 4793 4292
f 4293 4313 4302
f 4302 4313 4314
f 4302 4314 4303
f 4303 4314 4315
f 4303 4315 4703
f 4703 4315 4316
f 4035 4069 4043
f 4043 4069 4068
f 4324 1540 4357
f 4357 1540 1477
f 5232 3987 3874
f 3874 3987 3871
f 3987 5232 4013
f 4013 5232 5233
f 4013 5233 4014
f 4014 5233 5242
f 3888 4015 3865
f 3865 4015 4007
f 3866 4008 5243
f 5243 4008 4016
f 3873 5244 3878
f 3878 5244 3875
f 3965 5244 3872
f 3872 5244 3873
f 3876 3875 3965
f 3965 3875 5244
f 5243 4016 5242
f 5242 4016 4014
f 5246 5247 5245
f 5245 5247 5248
f 3576 3950 3577
f 3577 3950 3926
f 3584 3842 3585
f 3585 3842 3580
f 5249 5247 1784
f 1784 5247 1785
f 5250 5251 5253
f 5253 5251 5252
f 5255 5252 5254
f 5254 5252 5256
f 5254 5256 5258
f 5258 5256 5257
f 5258 5257 5260
f 5260 5257 5259
f 4356 5261 4424
f 4424 5261 5259
f 4355 5262 4356
f 4356 5262 5261
f 4924 5264 5263
f 5263 5264 5265
f 4693 5266 4691
f 4691 5266 5267
f 4351 5268 4352
f 4352 5268 5269
f 1808 1807 4351
f 4351 1807 5268
f 3580 3842 3581
f 3799 3802 3838
f 4800 4788 4801
f 4801 4788 4789
f 3729 3935 4801
f 4801 3935 4800
f 3728 3666 3729
f 3729 3666 3935
f 3728 3798 3666
f 3666 3798 3663
f 3798 3818 3663
f 3663 3818 3809
f 3818 3817 3809
f 3809 3817 3808
f 3796 3655 3817
f 3817 3655 3808
f 3615 3568 3796
f 3796 3568 3655
f 3573 3569 3615
f 3615 3569 3568
f 3572 3613 3573
f 3573 3613 3569
f 3792 3606 3572
f 3572 3606 3613
f 3607 3791 3949
f 3949 3791 3591
f 3590 3950 3591
f 3591 3950 3949
f 3805 3926 3590
f 3590 3926 3950
f 3804 3559 3805
f 3805 3559 3926
f 3804 3914 3559
f 3559 3914 3560
f 3924 3789 3913
f 3913 3789 3788
f 3924 3928 3789
f 3789 3928 3826
f 3928 3927 3826
f 3826 3927 3827
f 3927 3834 3827
f 3827 3834 3835
f 4079 4078 5270
f 5270 4078 5007
f 5271 5272 4233
f 4233 5272 5273
f 5275 5276 5274
f 5274 5276 5277
f 5278 5279 4236
f 4236 5279 4237
f 5278 5280 5271
f 5271 5280 5272
f 4235 5281 4236
f 4236 5281 5282
f 5284 5285 5283
f 5283 5285 5286
f 5288 5289 5287
f 5287 5289 5290
f 5292 5293 5291
f 5291 5293 5294
f 5287 5290 4726
f 4726 5290 5295
f 4293 4292 4313
f 4313 4292 4793
f 4720 4736 4719
f 4719 4736 5296
f 5297 4909 5298
f 5298 4909 4908
f 5299 5300 4976
f 4976 5300 5301
f 5302 4202 5303
f 5303 4202 4201
f 5304 5305 4983
f 4983 5305 5306
f 5308 5309 5307
f 5307 5309 5310
f 4722 4725 5283
f 5283 4725 5311
f 5291 5294 4125
f 4125 5294 4126
f 5313 5314 5312
f 5312 5314 5315
f 5316 5317 5319
f 5319 5317 5318
f 5321 5308 5320
f 5320 5308 5307
f 4819 4981 4873
f 4873 4981 5322
f 4981 4123 5322
f 5322 4123 4126
f 5324 5325 5323
f 5323 5325 5326
f 4764 5327 4975
f 4975 5327 5328
f 4172 5327 4169
f 4169 5327 5329
f 4768 4171 4769
f 4769 4171 4170
f 4243 4755 4244
f 4244 4755 5330
f 4755 4205 5330
f 5330 4205 4208
f 4206 4906 4207
f 4207 4906 4905
f 4686 5014 5009
f 5009 5014 5229
f 4756 4770 4170
f 4170 4770 4769
f 4170 4169 4756
f 4756 4169 4757
f 4273 5329 4764
f 4764 5329 5327
f 4276 5331 4273
f 4273 5331 5329
f 4770 4756 4243
f 4243 4756 4755
f 5333 4889 5332
f 5332 4889 5010
f 4877 5332 4878
f 4878 5332 4259
f 4875 4164 4876
f 4876 4164 4163
f 5334 5335 5324
f 5324 5335 5325
f 4983 5306 4123
f 4123 5306 4124
f 4818 4982 4819
f 4819 4982 4981
f 5332 5010 4259
f 4259 5010 4260
f 5014 4686 4875
f 4875 4686 4164
f 4171 4768 5229
f 5229 4768 5009
f 5337 4916 5336
f 5336 4916 4919
f 5293 5337 5294
f 5294 5337 5336
f 4982 4818 5333
f 5333 4818 4889
f 5338 5339 4262
f 4262 5339 5340
f 5307 5310 5338
f 5338 5310 5339
f 5341 5342 4204
f 4204 5342 5309
f 5336 4919 5322
f 5322 4919 4873
f 5294 5336 4126
f 4126 5336 5322
f 5323 5326 5343
f 5343 5326 5286
f 4914 5344 4915
f 4915 5344 5345
f 5312 5315 5344
f 5344 5315 5345
f 5347 5348 5346
f 5346 5348 5349
f 5350 5351 4832
f 4832 5351 4833
f 5352 5353 5349
f 5349 5353 5346
f 5354 5338 4265
f 4265 5338 4262
f 5320 5307 5354
f 5354 5307 5338
f 4201 5308 5303
f 5303 5308 5321
f 5356 5357 5355
f 5355 5357 4799
f 5358 5359 5334
f 5334 5359 5335
f 5358 5360 4093
f 4093 5360 4163
f 5360 5305 4163
f 4163 5305 4876
f 5305 5304 4876
f 4876 5304 4877
f 5270 4778 4079
f 4079 4778 4081
f 4779 5361 4774
f 4774 5361 5357
f 5356 5359 4775
f 4775 5359 4092
f 5333 5304 4982
f 4982 5304 4983
f 5332 4877 5333
f 5333 4877 5304
f 5015 4258 5230
f 5230 4258 5328
f 5327 4172 5328
f 5328 4172 5230
f 4169 5329 4757
f 4757 5329 5331
f 4757 5331 4205
f 4205 5331 4206
f 5331 4276 4206
f 4206 4276 4906
f 4276 4275 4906
f 4906 4275 4907
f 4275 4888 4907
f 4907 4888 4744
f 4887 4717 4745
f 4745 4717 4864
f 4716 5139 4861
f 4861 5139 5190
f 5139 5138 5190
f 5190 5138 5187
f 5138 5216 5187
f 5187 5216 5176
f 5215 5362 5173
f 5173 5362 5130
f 5364 5365 5363
f 5363 5365 5340
f 4742 4863 5366
f 5366 4863 4867
f 4862 5189 4868
f 4868 5189 5184
f 5189 5188 5184
f 5184 5188 5185
f 5188 5175 5185
f 5185 5175 5168
f 3560 3788 3561
f 3561 3788 3790
f 3596 3595 3608
f 3608 3595 3594
f 3598 3582 3595
f 3595 3582 3592
f 3600 3609 3601
f 3601 3609 3611
f 3602 3601 3612
f 3612 3601 3611
f 3606 3605 3613
f 3613 3605 3614
f 3793 5367 3794
f 3794 5367 5368
f 3598 3597 3600
f 3600 3597 3609
f 3793 3792 3575
f 3575 3792 3572
f 3561 3594 3558
f 3558 3594 3593
f 3807 3915 3804
f 3804 3915 3914
f 3916 3915 5370
f 5370 3915 5369
f 3602 3605 3603
f 3603 3605 3604
f 3606 3792 3607
f 3607 3792 3791
f 3914 3913 3560
f 3560 3913 3788
f 5174 5129 5166
f 5166 5129 5371
f 5170 5169 5093
f 5093 5169 5113
f 5166 5371 5090
f 5090 5371 5091
f 5128 5169 5372
f 5372 5169 5172
f 5127 5113 5128
f 5128 5113 5169
f 5114 5206 5203
f 5203 5206 5362
f 5200 5373 5073
f 5073 5373 5096
f 5374 5375 5200
f 5200 5375 5373
f 5039 5047 5374
f 5374 5047 5375
f 5087 5046 5085
f 5085 5046 5376
f 5212 5377 5067
f 5067 5377 5376
f 5042 5045 5212
f 5212 5045 5377
f 5064 5378 5043
f 5043 5378 5044
f 5063 5077 5064
f 5064 5077 5378
f 5079 5082 5198
f 5198 5082 5078
f 5099 5081 5100
f 5100 5081 5379
f 5100 5379 5094
f 5094 5379 5095
f 5381 5382 5380
f 5380 5382 5383
f 5385 5386 5384
f 5384 5386 5383
f 5385 5387 5386
f 5386 5387 5388
f 5390 5391 5389
f 5389 5391 5392
f 5393 5394 5396
f 5396 5394 5395
f 5398 5399 5397
f 5397 5399 5400
f 5402 5403 5401
f 5401 5403 5404
f 5406 5407 5405
f 5405 5407 5404
f 5408 5409 5163
f 5163 5409 5410
f 5411 5412 5414
f 5414 5412 5413
f 5057 5416 5415
f 5415 5416 5417
f 5393 5416 5418
f 5418 5416 5419
f 5396 5395 5420
f 5420 5395 5421
f 5423 5424 5422
f 5422 5424 5425
f 5415 5417 5220
f 5220 5417 5426
f 5418 5391 5393
f 5393 5391 5394
f 5414 5388 5411
f 5411 5388 5392
f 5059 5427 5060
f 5060 5427 5428
f 5423 5427 5429
f 5429 5427 5430
f 5432 5382 5431
f 5431 5382 5425
f 5429 5407 5423
f 5423 5407 5424
f 5380 5409 5381
f 5381 5409 5433
f 5381 5433 5422
f 5422 5433 5428
f 5027 5412 5056
f 5056 5412 5419
f 5435 5436 5434
f 5434 5436 5437
f 5159 5439 5438
f 5438 5439 5440
f 5053 5436 5159
f 5159 5436 5439
f 5441 5403 5398
f 5398 5403 5399
f 5163 5410 5026
f 5026 5410 5413
f 5438 5440 5442
f 5442 5440 5430
f 5444 5445 5443
f 5443 5445 5446
f 5447 5448 5450
f 5450 5448 5449
f 5451 5446 5452
f 5452 5446 5445
f 5454 5455 5453
f 5453 5455 5451
f 5456 5454 5458
f 5458 5454 5457
f 5460 5461 5459
f 5459 5461 5462
f 5464 5465 5463
f 5463 5465 5466
f 5468 5469 5467
f 5467 5469 5470
f 5472 5473 5471
f 5471 5473 5474
f 5475 5476 5478
f 5478 5476 5477
f 5479 5480 5482
f 5482 5480 5481
f 5483 5484 5448
f 5448 5484 5485
f 5448 5485 5449
f 5449 5485 5486
f 5487 5476 5488
f 5488 5476 5475
f 5490 5491 5489
f 5489 5491 5492
f 5494 5495 5493
f 5493 5495 5496
f 5498 5494 5497
f 5497 5494 5493
f 5500 5501 5499
f 5499 5501 5502
f 5503 5504 5446
f 5446 5504 5443
f 5506 5507 5505
f 5505 5507 5508
f 5510 5511 5509
f 5509 5511 5512
f 5514 5515 5513
f 5513 5515 5516
f 5518 5519 5517
f 5517 5519 5520
f 5495 5521 5496
f 5496 5521 5522
f 5524 5525 5523
f 5523 5525 5526
f 5527 5528 5494
f 5494 5528 5495
f 5499 5502 5529
f 5529 5502 5530
f 5531 5532 5485
f 5485 5532 5486
f 5485 5484 5531
f 5531 5484 5533
f 5482 5481 5534
f 5534 5481 5535
f 5536 5512 5506
f 5506 5512 5511
f 5455 5503 5451
f 5451 5503 5446
f 5467 5470 5511
f 5511 5470 5537
f 5538 5467 5510
f 5510 5467 5511
f 5540 5541 5539
f 5539 5541 5542
f 5543 5544 5546
f 5546 5544 5545
f 5548 5472 5547
f 5547 5472 5471
f 5493 5496 5549
f 5549 5496 5550
f 5496 5522 5550
f 5550 5522 5551
f 5553 5554 5552
f 5552 5554 5555
f 5557 5447 5556
f 5556 5447 5558
f 5557 5483 5447
f 5447 5483 5448
f 5478 5477 5553
f 5553 5477 5559
f 5477 5560 5559
f 5559 5560 5561
f 5476 5562 5477
f 5477 5562 5560
f 5476 5487 5562
f 5562 5487 5563
f 5560 5564 5561
f 5561 5564 5565
f 5564 5560 5566
f 5566 5560 5562
f 5563 5567 5562
f 5562 5567 5566
f 5569 5521 5568
f 5568 5521 5570
f 5481 5572 5571
f 5571 5572 5573
f 5574 5535 5571
f 5571 5535 5481
f 5576 5577 5575
f 5575 5577 5578
f 5579 5580 5456
f 5456 5580 5581
f 5475 5582 5488
f 5488 5582 5583
f 5584 5536 5505
f 5505 5536 5506
f 5585 5586 5588
f 5588 5586 5587
f 5590 5591 5589
f 5589 5591 5592
f 5519 5593 5520
f 5520 5593 5594
f 5595 5596 5462
f 5462 5596 5597
f 5599 5600 5598
f 5598 5600 5514
f 5602 5603 5601
f 5601 5603 5604
f 5524 5543 5525
f 5525 5543 5546
f 5543 5524 5606
f 5606 5524 5605
f 5607 5608 5500
f 5500 5608 5501
f 5610 5551 5609
f 5609 5551 5522
f 5611 5510 5598
f 5598 5510 5509
f 5612 5597 5457
f 5457 5597 5458
f 5510 5611 5538
f 5538 5611 5613
f 5580 5508 5581
f 5581 5508 5507
f 5615 5616 5614
f 5614 5616 5617
f 5619 5620 5618
f 5618 5620 5621
f 5623 5624 5622
f 5622 5624 5625
f 5627 5624 5626
f 5626 5624 5623
f 5629 5630 5628
f 5628 5630 5631
f 5633 5634 5632
f 5632 5634 5466
f 5635 5636 5463
f 5463 5636 5637
f 5523 5638 5524
f 5524 5638 5605
f 5639 5640 5641
f 5641 5640 5595
f 5611 5513 5613
f 5613 5513 5642
f 5643 5586 5608
f 5608 5586 5501
f 5622 5625 5590
f 5590 5625 5591
f 5598 5514 5611
f 5611 5514 5513
f 5645 5646 5644
f 5644 5646 5647
f 5620 5619 5491
f 5491 5619 5648
f 5649 5643 5492
f 5492 5643 5608
f 5650 5651 5653
f 5653 5651 5652
f 5463 5466 5635
f 5635 5466 5634
f 5597 5612 5462
f 5462 5612 5459
f 5635 5634 5523
f 5523 5634 5638
f 5654 5638 5633
f 5633 5638 5634
f 5655 5656 5525
f 5525 5656 5526
f 5658 5659 5657
f 5657 5659 5527
f 5660 5464 5637
f 5637 5464 5463
f 5632 5466 5661
f 5661 5466 5465
f 5661 5662 5632
f 5632 5662 5658
f 5662 5663 5658
f 5658 5663 5659
f 5665 5659 5664
f 5664 5659 5663
f 5632 5658 5633
f 5633 5658 5657
f 5666 5629 5530
f 5530 5629 5667
f 5528 5527 5665
f 5665 5527 5659
f 5668 5669 5570
f 5570 5669 5568
f 5669 5668 5670
f 5670 5668 5671
f 5646 5672 5673
f 5672 5674 5673
f 5673 5674 5675
f 5674 5460 5675
f 5675 5460 5459
f 5461 5676 5462
f 5462 5676 5595
f 5677 5678 5680
f 5680 5678 5679
f 5628 5681 5629
f 5629 5681 5667
f 5682 5529 5667
f 5667 5529 5530
f 5675 5459 5683
f 5683 5459 5612
f 5585 5666 5502
f 5502 5666 5530
f 5589 5684 5602
f 5602 5684 5603
f 5646 5645 5663
f 5663 5645 5664
f 5685 5647 5673
f 5673 5647 5646
f 5686 5687 5683
f 5683 5687 5685
f 5688 5689 5533
f 5533 5689 5531
f 5690 5691 5535
f 5535 5691 5534
f 5692 5690 5574
f 5574 5690 5535
f 5685 5687 5689
f 5689 5687 5693
f 5489 5694 5490
f 5490 5694 5695
f 5690 5692 5696
f 5696 5692 5697
f 5696 5644 5690
f 5690 5644 5691
f 5447 5450 5558
f 5558 5450 5698
f 5699 5700 5642
f 5642 5700 5613
f 5701 5702 5540
f 5540 5702 5541
f 5431 5703 5432
f 5432 5703 5697
f 5385 5384 5574
f 5574 5384 5692
f 5389 5387 5573
f 5573 5387 5571
f 5565 5390 5573
f 5573 5390 5389
f 5390 5565 5704
f 5704 5565 5564
f 5566 5705 5564
f 5564 5705 5704
f 5569 5441 5609
f 5609 5441 5398
f 5568 5405 5569
f 5569 5405 5441
f 5670 5706 5669
f 5669 5706 5406
f 5703 5431 5670
f 5670 5431 5706
f 5432 5697 5384
f 5384 5697 5692
f 5574 5571 5385
f 5385 5571 5387
f 5607 5707 5489
f 5489 5707 5694
f 5518 5708 5519
f 5519 5708 5709
f 5711 5576 5710
f 5710 5576 5575
f 5713 5714 5712
f 5712 5714 5715
f 5553 5552 5478
f 5478 5552 5716
f 5717 5475 5716
f 5716 5475 5478
f 5718 5719 5605
f 5605 5719 5606
f 5505 5622 5584
f 5584 5622 5590
f 5508 5623 5505
f 5505 5623 5622
f 5626 5623 5580
f 5580 5623 5508
f 5580 5579 5626
f 5626 5579 5720
f 5579 5721 5720
f 5720 5721 5722
f 5666 5585 5723
f 5723 5585 5588
f 5724 5725 5639
f 5639 5725 5640
f 5554 5726 5555
f 5555 5726 5727
f 5453 5728 5729
f 5689 5688 5685
f 5685 5688 5647
f 5604 5730 5512
f 5512 5730 5509
f 5628 5631 5618
f 5618 5631 5592
f 5601 5604 5536
f 5536 5604 5512
f 5732 5676 5731
f 5731 5676 5660
f 5730 5604 5733
f 5733 5604 5603
f 5563 5487 5551
f 5551 5487 5550
f 5489 5492 5607
f 5607 5492 5608
f 5573 5572 5565
f 5565 5572 5561
f 5609 5522 5569
f 5569 5522 5521
f 5499 5734 5500
f 5500 5734 5735
f 5596 5736 5721
f 5721 5736 5722
f 5737 5600 5594
f 5594 5600 5520
f 5599 5730 5517
f 5517 5730 5733
f 5660 5738 5731
f 5731 5738 5739
f 5648 5649 5491
f 5491 5649 5492
f 5501 5586 5502
f 5502 5586 5585
f 5525 5546 5655
f 5655 5546 5740
f 5600 5599 5520
f 5520 5599 5517
f 5708 5739 5709
f 5709 5739 5738
f 5636 5635 5526
f 5526 5635 5523
f 5670 5671 5703
f 5703 5671 5741
f 5490 5695 5742
f 5742 5695 5743
f 5682 5678 5744
f 5744 5678 5677
f 5678 5681 5679
f 5679 5681 5621
f 5742 5743 5679
f 5679 5743 5680
f 5618 5621 5628
f 5628 5621 5681
f 5725 5724 5589
f 5589 5724 5684
f 5456 5458 5579
f 5579 5458 5721
f 5675 5683 5673
f 5673 5683 5685
f 5529 5682 5745
f 5745 5682 5744
f 5721 5458 5596
f 5596 5458 5597
f 5701 5540 5719
f 5719 5540 5606
f 5703 5741 5697
f 5697 5741 5696
f 5500 5735 5607
f 5607 5735 5707
f 5549 5746 5493
f 5493 5746 5497
f 5700 5747 5613
f 5613 5747 5538
f 5420 5421 5434
f 5434 5421 5400
f 5689 5693 5531
f 5531 5693 5532
f 5705 5566 5748
f 5748 5566 5567
f 5609 5398 5610
f 5610 5398 5397
f 5669 5406 5568
f 5568 5406 5405
f 5488 5583 5549
f 5549 5583 5746
f 5714 5713 5710
f 5710 5713 5711
f 5747 5468 5538
f 5538 5468 5467
f 5548 5547 5749
f 5749 5547 5750
f 5733 5603 5751
f 5751 5603 5684
f 5589 5602 5590
f 5590 5602 5584
f 5636 5752 5614
f 5614 5752 5615
f 5753 5754 5738
f 5738 5754 5755
f 5602 5601 5584
f 5584 5601 5536
f 5723 5736 5630
f 5630 5736 5640
f 5595 5640 5596
f 5596 5640 5736
f 5734 5499 5745
f 5745 5499 5529
f 5627 5587 5643
f 5643 5587 5586
f 5553 5559 5554
f 5554 5559 5480
f 5559 5561 5480
f 5480 5561 5572
f 5554 5480 5726
f 5726 5480 5479
f 5749 5750 5715
f 5715 5750 5712
f 5683 5612 5686
f 5686 5612 5457
f 5678 5682 5681
f 5681 5682 5667
f 5598 5509 5599
f 5599 5509 5730
f 5679 5621 5742
f 5742 5621 5620
f 5652 5616 5653
f 5653 5616 5615
f 5220 5426 5052
f 5052 5426 5437
f 5487 5488 5550
f 5550 5488 5549
f 5742 5620 5490
f 5490 5620 5491
f 5551 5610 5563
f 5563 5610 5567
f 5610 5397 5567
f 5567 5397 5748
f 5614 5617 5753
f 5753 5617 5754
f 5480 5572 5481
f 5755 5756 5738
f 5738 5756 5709
f 5745 5744 5758
f 5758 5744 5757
f 5745 5758 5734
f 5734 5758 5759
f 5735 5734 5760
f 5760 5734 5759
f 5707 5735 5761
f 5761 5735 5760
f 5744 5677 5757
f 5757 5677 5762
f 5677 5680 5762
f 5762 5680 5763
f 5763 5680 5764
f 5764 5680 5743
f 5765 5766 5762
f 5762 5766 5757
f 5768 5769 5767
f 5767 5769 5770
f 5771 5772 5770
f 5770 5772 5767
f 5770 5769 5774
f 5774 5769 5773
f 5775 5776 5774
f 5774 5776 5777
f 5773 5778 5774
f 5774 5778 5775
f 5779 5766 5773
f 5773 5766 5778
f 5777 5771 5774
f 5774 5771 5770
f 5780 5781 5783
f 5783 5781 5782
f 5781 5780 5771
f 5771 5780 5772
f 5773 5769 5779
f 5779 5769 5768
f 5768 5759 5779
f 5779 5759 5758
f 5768 5784 5759
f 5759 5784 5760
f 5767 5785 5768
f 5768 5785 5784
f 5785 5767 5786
f 5786 5767 5772
f 5766 5779 5757
f 5757 5779 5758
f 5780 5787 5772
f 5772 5787 5786
f 5785 5786 5788
f 5788 5786 5789
f 5786 5787 5789
f 5789 5787 5790
f 5788 5789 5791
f 5791 5789 5792
f 5791 5793 5788
f 5788 5793 5794
f 5795 5792 5790
f 5790 5792 5789
f 5785 5788 5784
f 5784 5788 5794
f 5784 5794 5760
f 5760 5794 5761
f 5787 5780 5796
f 5796 5780 5783
f 5775 5778 5797
f 5797 5778 5766
f 5797 5798 5775
f 5775 5798 5776
f 5766 5765 5797
f 5797 5765 5799
f 5798 5797 5800
f 5800 5797 5799
f 5798 5801 5776
f 5776 5801 5802
f 5707 5761 5694
f 5694 5761 5803
f 5695 5804 5743
f 5743 5804 5764
f 5804 5695 5803
f 5803 5695 5694
f 5803 5793 5804
f 5804 5793 5805
f 5793 5791 5805
f 5805 5791 5806
f 5804 5805 5764
f 5764 5805 5807
f 5803 5761 5793
f 5793 5761 5794
f 5808 5763 5807
f 5807 5763 5764
f 5808 5765 5763
f 5763 5765 5762
f 5809 5799 5808
f 5808 5799 5765
f 5809 5808 5810
f 5810 5808 5807
f 5811 5809 5812
f 5812 5809 5810
f 5805 5806 5807
f 5807 5806 5810
f 5806 5813 5810
f 5810 5813 5812
f 5799 5809 5800
f 5800 5809 5811
f 5815 5800 5814
f 5814 5800 5811
f 5814 5817 5816
f 5816 5817 5818
f 5814 5811 5817
f 5817 5811 5812
f 5814 5816 5815
f 5815 5816 5796
f 5815 5796 5801
f 5801 5796 5783
f 5801 5798 5815
f 5815 5798 5800
f 5791 5792 5806
f 5806 5792 5813
f 5818 5813 5795
f 5795 5813 5792
f 5818 5817 5813
f 5813 5817 5812
f 5816 5818 5790
f 5790 5818 5795
f 5790 5787 5816
f 5816 5787 5796
f 5771 5777 5781
f 5781 5777 5782
f 5782 5802 5783
f 5783 5802 5801
f 5782 5777 5802
f 5802 5777 5776
f 5588 5587 5722
f 5722 5587 5720
f 5591 5619 5592
f 5592 5619 5618
f 5625 5624 5648
f 5648 5624 5649
f 5624 5627 5649
f 5649 5627 5643
f 5631 5630 5725
f 5725 5630 5640
f 5625 5648 5591
f 5591 5648 5619
f 5588 5722 5723
f 5723 5722 5736
f 5631 5725 5592
f 5592 5725 5589
f 5723 5630 5666
f 5666 5630 5629
f 5587 5627 5720
f 5720 5627 5626
f 5820 5821 5819
f 5819 5821 5822
f 5824 5825 5823
f 5823 5825 5826
f 5823 5826 5827
f 5827 5826 5828
f 5829 5830 5832
f 5832 5830 5831
f 5518 5833 5708
f 5708 5833 5834
f 5835 5836 5824
f 5824 5836 5825
f 5838 5839 5837
f 5837 5839 5840
f 5751 5684 5842
f 5842 5684 5841
f 5843 5841 5724
f 5724 5841 5684
f 5845 5846 5844
f 5844 5846 5847
f 5848 5830 5836
f 5836 5830 5825
f 5518 5751 5833
f 5833 5751 5842
f 5839 5838 5821
f 5821 5838 5849
f 5850 5848 5822
f 5822 5848 5836
f 5851 5845 5828
f 5828 5845 5852
f 5854 5855 5853
f 5853 5855 5856
f 5845 5844 5852
f 5852 5844 5857
f 5858 5827 5852
f 5852 5827 5828
f 5851 5828 5829
f 5829 5828 5826
f 5819 5859 5820
f 5820 5859 5860
f 5835 5861 5819
f 5819 5861 5859
f 5851 5829 5862
f 5862 5829 5832
f 5844 5847 5837
f 5837 5847 5834
f 5819 5822 5835
f 5835 5822 5836
f 5823 5863 5824
f 5824 5863 5864
f 5849 5850 5821
f 5821 5850 5822
f 5825 5830 5826
f 5826 5830 5829
f 5820 5860 5865
f 5865 5860 5866
f 5858 5854 5867
f 5867 5854 5853
f 5854 5857 5855
f 5855 5857 5840
f 5855 5865 5856
f 5856 5865 5866
f 5837 5840 5844
f 5844 5840 5857
f 5827 5858 5868
f 5868 5858 5867
f 5824 5864 5835
f 5835 5864 5861
f 5732 5731 5862
f 5862 5731 5846
f 5863 5823 5868
f 5868 5823 5827
f 5843 5831 5848
f 5848 5831 5830
f 5854 5858 5857
f 5857 5858 5852
f 5855 5840 5865
f 5865 5840 5839
f 5865 5839 5820
f 5820 5839 5821
f 5868 5867 5870
f 5870 5867 5869
f 5868 5870 5863
f 5863 5870 5871
f 5863 5871 5864
f 5864 5871 5872
f 5864 5872 5861
f 5861 5872 5873
f 5867 5853 5869
f 5869 5853 5874
f 5853 5856 5874
f 5874 5856 5875
f 5856 5866 5875
f 5875 5866 5876
f 5877 5878 5874
f 5874 5878 5869
f 5880 5881 5879
f 5879 5881 5882
f 5883 5884 5880
f 5880 5884 5881
f 5881 5884 5886
f 5886 5884 5885
f 5887 5888 5886
f 5886 5888 5889
f 5885 5890 5886
f 5886 5890 5887
f 5889 5882 5886
f 5886 5882 5881
f 5882 5891 5879
f 5879 5891 5892
f 5885 5884 5893
f 5893 5884 5883
f 5883 5871 5893
f 5893 5871 5870
f 5883 5894 5871
f 5871 5894 5872
f 5880 5895 5883
f 5883 5895 5894
f 5896 5895 5879
f 5879 5895 5880
f 5893 5878 5885
f 5885 5878 5890
f 5878 5893 5869
f 5869 5893 5870
f 5897 5896 5892
f 5892 5896 5879
f 5895 5896 5898
f 5898 5896 5899
f 5896 5897 5899
f 5899 5897 5900
f 5898 5899 5901
f 5901 5899 5902
f 5901 5903 5898
f 5898 5903 5904
f 5900 5905 5899
f 5899 5905 5902
f 5898 5904 5895
f 5895 5904 5894
f 5894 5904 5872
f 5872 5904 5873
f 5897 5892 5907
f 5907 5892 5906
f 5892 5891 5906
f 5906 5891 5908
f 5887 5890 5909
f 5909 5890 5878
f 5888 5887 5910
f 5910 5887 5909
f 5878 5877 5909
f 5909 5877 5911
f 5909 5911 5910
f 5910 5911 5912
f 5913 5914 5910
f 5910 5914 5888
f 5908 5914 5906
f 5906 5914 5913
f 5861 5873 5859
f 5859 5873 5915
f 5860 5916 5866
f 5866 5916 5876
f 5916 5860 5915
f 5915 5860 5859
f 5915 5903 5916
f 5916 5903 5917
f 5903 5901 5917
f 5917 5901 5918
f 5916 5917 5876
f 5876 5917 5919
f 5903 5915 5904
f 5904 5915 5873
f 5920 5875 5919
f 5919 5875 5876
f 5920 5877 5875
f 5875 5877 5874
f 5920 5921 5877
f 5877 5921 5911
f 5921 5920 5922
f 5922 5920 5919
f 5923 5921 5924
f 5924 5921 5922
f 5917 5918 5919
f 5919 5918 5922
f 5918 5925 5922
f 5922 5925 5924
f 5921 5923 5911
f 5911 5923 5912
f 5927 5912 5926
f 5926 5912 5923
f 5926 5929 5928
f 5928 5929 5930
f 5926 5923 5929
f 5929 5923 5924
f 5926 5928 5927
f 5927 5928 5907
f 5927 5907 5913
f 5913 5907 5906
f 5913 5910 5927
f 5927 5910 5912
f 5901 5902 5918
f 5918 5902 5925
f 5930 5925 5905
f 5905 5925 5902
f 5930 5929 5925
f 5925 5929 5924
f 5928 5930 5900
f 5900 5930 5905
f 5900 5897 5928
f 5928 5897 5907
f 5882 5889 5891
f 5891 5889 5908
f 5908 5889 5914
f 5914 5889 5888
f 5832 5831 5641
f 5641 5831 5639
f 5833 5838 5834
f 5834 5838 5837
f 5842 5841 5849
f 5849 5841 5850
f 5841 5843 5850
f 5850 5843 5848
f 5847 5846 5739
f 5739 5846 5731
f 5842 5849 5833
f 5833 5849 5838
f 5862 5832 5732
f 5732 5832 5641
f 5847 5739 5834
f 5834 5739 5708
f 5862 5846 5851
f 5851 5846 5845
f 5831 5843 5639
f 5639 5843 5724
f 5676 5732 5595
f 5595 5732 5641
f 5676 5461 5660
f 5660 5461 5464
f 5461 5460 5464
f 5464 5460 5465
f 5460 5674 5465
f 5465 5674 5661
f 5931 5932 5934
f 5934 5932 5933
f 5936 5937 5935
f 5935 5937 5938
f 5935 5938 5939
f 5939 5938 5940
f 5942 5943 5941
f 5941 5943 5944
f 5945 5946 5936
f 5936 5946 5937
f 5948 5949 5947
f 5947 5949 5950
f 5951 5952 5519
f 5519 5952 5593
f 5953 5951 5709
f 5709 5951 5519
f 5955 5956 5954
f 5954 5956 5957
f 5958 5942 5946
f 5946 5942 5937
f 5948 5959 5949
f 5949 5959 5933
f 5960 5958 5934
f 5934 5958 5946
f 5961 5955 5940
f 5940 5955 5962
f 5963 5964 5966
f 5966 5964 5965
f 5955 5954 5962
f 5962 5954 5967
f 5968 5939 5962
f 5962 5939 5940
f 5961 5940 5941
f 5941 5940 5938
f 5931 5969 5932
f 5932 5969 5970
f 5945 5971 5931
f 5931 5971 5969
f 5941 5944 5961
f 5961 5944 5972
f 5954 5957 5947
f 5947 5957 5973
f 5945 5931 5946
f 5946 5931 5934
f 5935 5974 5936
f 5936 5974 5975
f 5959 5960 5933
f 5933 5960 5934
f 5937 5942 5938
f 5938 5942 5941
f 5932 5970 5976
f 5976 5970 5977
f 5968 5964 5978
f 5978 5964 5963
f 5965 5964 5950
f 5950 5964 5967
f 5976 5977 5965
f 5965 5977 5966
f 5947 5950 5954
f 5954 5950 5967
f 5939 5968 5979
f 5979 5968 5978
f 5936 5975 5945
f 5945 5975 5971
f 5972 5754 5956
f 5956 5754 5617
f 5974 5935 5979
f 5979 5935 5939
f 5953 5943 5958
f 5958 5943 5942
f 5964 5968 5967
f 5967 5968 5962
f 5965 5950 5976
f 5976 5950 5949
f 5976 5949 5932
f 5932 5949 5933
f 5979 5978 5981
f 5981 5978 5980
f 5979 5981 5974
f 5974 5981 5982
f 5974 5982 5975
f 5975 5982 5983
f 5975 5983 5971
f 5971 5983 5984
f 5978 5963 5980
f 5980 5963 5985
f 5963 5966 5985
f 5985 5966 5986
f 5986 5966 5987
f 5987 5966 5977
f 5988 5989 5985
f 5985 5989 5980
f 5991 5992 5990
f 5990 5992 5993
f 5994 5995 5991
f 5991 5995 5992
f 5992 5995 5997
f 5997 5995 5996
f 5998 5999 5997
f 5997 5999 6000
f 5996 6001 5997
f 5997 6001 5998
f 6000 5993 5997
f 5997 5993 5992
f 6002 6003 5993
f 5993 6003 5990
f 5995 5994 5996
f 5996 5994 6004
f 5994 5982 6004
f 6004 5982 5981
f 5994 6005 5982
f 5982 6005 5983
f 5991 6006 5994
f 5994 6006 6005
f 6006 5991 6007
f 6007 5991 5990
f 5996 6004 6001
f 6001 6004 5989
f 5989 6004 5980
f 5980 6004 5981
f 6003 6008 5990
f 5990 6008 6007
f 6009 6006 6010
f 6010 6006 6007
f 6008 6011 6007
f 6007 6011 6010
f 6012 6009 6013
f 6013 6009 6010
f 6009 6012 6015
f 6015 6012 6014
f 6011 6016 6010
f 6010 6016 6013
f 6006 6009 6005
f 6005 6009 6015
f 6005 6015 5983
f 5983 6015 5984
f 6008 6003 6018
f 6018 6003 6017
f 6003 6002 6017
f 6017 6002 6019
f 5998 6001 6020
f 6020 6001 5989
f 5999 5998 6021
f 6021 5998 6020
f 5989 5988 6020
f 6020 5988 6022
f 6021 6020 6023
f 6023 6020 6022
f 6021 6024 5999
f 5999 6024 6025
f 6019 6025 6017
f 6017 6025 6024
f 5971 5984 5969
f 5969 5984 6026
f 5970 6027 5977
f 5977 6027 5987
f 6027 5970 6026
f 6026 5970 5969
f 6026 6014 6027
f 6027 6014 6028
f 6014 6012 6028
f 6028 6012 6029
f 6027 6028 5987
f 5987 6028 6030
f 6026 5984 6014
f 6014 5984 6015
f 6031 5986 6030
f 6030 5986 5987
f 6031 5988 5986
f 5986 5988 5985
f 6032 6022 6031
f 6031 6022 5988
f 6032 6031 6033
f 6033 6031 6030
f 6034 6032 6035
f 6035 6032 6033
f 6028 6029 6030
f 6030 6029 6033
f 6029 6036 6033
f 6033 6036 6035
f 6032 6034 6022
f 6022 6034 6023
f 6038 6023 6037
f 6037 6023 6034
f 6037 6040 6039
f 6039 6040 6041
f 6037 6034 6040
f 6040 6034 6035
f 6037 6039 6038
f 6038 6039 6018
f 6038 6018 6024
f 6024 6018 6017
f 6024 6021 6038
f 6038 6021 6023
f 6012 6013 6029
f 6029 6013 6036
f 6041 6036 6016
f 6016 6036 6013
f 6041 6040 6036
f 6036 6040 6035
f 6041 6016 6039
f 6039 6016 6011
f 6011 6008 6039
f 6039 6008 6018
f 5993 6000 6002
f 6002 6000 6019
f 6019 6000 6025
f 6025 6000 5999
f 5943 5756 5944
f 5944 5756 5755
f 6042 5948 5973
f 5973 5948 5947
f 5952 5951 5959
f 5959 5951 5960
f 5951 5953 5960
f 5960 5953 5958
f 5616 5957 5617
f 5617 5957 5956
f 6042 5952 5948
f 5948 5952 5959
f 5944 5755 5972
f 5972 5755 5754
f 5957 5616 5973
f 5973 5616 5652
f 5956 5955 5972
f 5972 5955 5961
f 5943 5953 5756
f 5756 5953 5709
f 6044 6045 6043
f 6043 6045 6046
f 6048 6049 6047
f 6047 6049 6050
f 6047 6050 6051
f 6051 6050 6052
f 6054 6055 6053
f 6053 6055 6056
f 6057 6058 6060
f 6060 6058 6059
f 6061 6062 6048
f 6048 6062 6049
f 6063 6064 6066
f 6066 6064 6065
f 6067 6068 6070
f 6070 6068 6069
f 6071 6069 5653
f 5653 6069 6068
f 6072 6073 6075
f 6075 6073 6074
f 6062 6076 6049
f 6049 6076 6054
f 6058 6067 6059
f 6059 6067 6070
f 6064 6077 6065
f 6065 6077 6045
f 6078 6076 6046
f 6046 6076 6062
f 6073 6080 6079
f 6079 6080 6052
f 6082 6083 6081
f 6081 6083 6084
f 6072 6085 6073
f 6073 6085 6080
f 6086 6051 6080
f 6080 6051 6052
f 6079 6052 6053
f 6053 6052 6050
f 6043 6087 6044
f 6044 6087 6088
f 6061 6089 6043
f 6043 6089 6087
f 6053 6056 6079
f 6079 6056 6090
f 6063 6072 6060
f 6060 6072 6075
f 6043 6046 6061
f 6061 6046 6062
f 6047 6091 6048
f 6048 6091 6092
f 6077 6078 6045
f 6045 6078 6046
f 6049 6054 6050
f 6050 6054 6053
f 6044 6088 6093
f 6093 6088 6094
f 6086 6082 6095
f 6095 6082 6081
f 6083 6082 6066
f 6066 6082 6085
f 6093 6094 6083
f 6083 6094 6084
f 6072 6063 6085
f 6085 6063 6066
f 6051 6086 6096
f 6096 6086 6095
f 6048 6092 6061
f 6061 6092 6089
f 5656 5655 6090
f 6090 5655 6074
f 6091 6047 6096
f 6096 6047 6051
f 6071 6055 6076
f 6076 6055 6054
f 6082 6086 6085
f 6085 6086 6080
f 6093 6083 6065
f 6065 6083 6066
f 6044 6093 6045
f 6045 6093 6065
f 6096 6095 6098
f 6098 6095 6097
f 6096 6098 6091
f 6091 6098 6099
f 6091 6099 6092
f 6092 6099 6100
f 6092 6100 6089
f 6089 6100 6101
f 6095 6081 6097
f 6097 6081 6102
f 6081 6084 6102
f 6102 6084 6103
f 6103 6084 6104
f 6104 6084 6094
f 6106 6097 6105
f 6105 6097 6102
f 6107 6108 6110
f 6110 6108 6109
f 6111 6112 6108
f 6108 6112 6109
f 6109 6112 6114
f 6114 6112 6113
f 6114 6115 6117
f 6117 6115 6116
f 6113 6118 6114
f 6114 6118 6115
f 6117 6110 6114
f 6114 6110 6109
f 6110 6119 6107
f 6107 6119 6120
f 6112 6111 6113
f 6113 6111 6121
f 6111 6099 6121
f 6121 6099 6098
f 6111 6122 6099
f 6099 6122 6100
f 6123 6122 6108
f 6108 6122 6111
f 6124 6123 6107
f 6107 6123 6108
f 6113 6121 6118
f 6118 6121 6106
f 6106 6121 6097
f 6097 6121 6098
f 6125 6124 6120
f 6120 6124 6107
f 6126 6123 6127
f 6127 6123 6124
f 6125 6128 6124
f 6124 6128 6127
f 6129 6126 6130
f 6130 6126 6127
f 6126 6129 6132
f 6132 6129 6131
f 6128 6133 6127
f 6127 6133 6130
f 6123 6126 6122
f 6122 6126 6132
f 6122 6132 6100
f 6100 6132 6101
f 6120 6134 6125
f 6125 6134 6135
f 6120 6119 6134
f 6134 6119 6136
f 6115 6118 6137
f 6137 6118 6106
f 6115 6137 6116
f 6116 6137 6138
f 6137 6106 6139
f 6139 6106 6105
f 6138 6137 6140
f 6140 6137 6139
f 6141 6142 6138
f 6138 6142 6116
f 6136 6142 6134
f 6134 6142 6141
f 6089 6101 6087
f 6087 6101 6143
f 6088 6144 6094
f 6094 6144 6104
f 6143 6144 6087
f 6087 6144 6088
f 6131 6145 6143
f 6143 6145 6144
f 6129 6146 6131
f 6131 6146 6145
f 6144 6145 6104
f 6104 6145 6147
f 6143 6101 6131
f 6131 6101 6132
f 6148 6103 6147
f 6147 6103 6104
f 6103 6148 6102
f 6102 6148 6105
f 6148 6149 6105
f 6105 6149 6139
f 6149 6148 6150
f 6150 6148 6147
f 6151 6149 6152
f 6152 6149 6150
f 6145 6146 6147
f 6147 6146 6150
f 6146 6153 6150
f 6150 6153 6152
f 6149 6151 6139
f 6139 6151 6140
f 6155 6140 6154
f 6154 6140 6151
f 6154 6157 6156
f 6156 6157 6158
f 6154 6151 6157
f 6157 6151 6152
f 6154 6156 6155
f 6155 6156 6135
f 6155 6135 6141
f 6141 6135 6134
f 6141 6138 6155
f 6155 6138 6140
f 6146 6129 6153
f 6153 6129 6130
f 6158 6153 6133
f 6133 6153 6130
f 6158 6157 6153
f 6153 6157 6152
f 6156 6158 6128
f 6128 6158 6133
f 6128 6125 6156
f 6156 6125 6135
f 6110 6117 6119
f 6119 6117 6136
f 6136 6117 6142
f 6142 6117 6116
f 6055 5615 6056
f 6056 5615 5752
f 6060 6059 6063
f 6063 6059 6064
f 6077 6070 6078
f 6078 6070 6069
f 6069 6071 6078
f 6078 6071 6076
f 6159 6057 6075
f 6075 6057 6060
f 6059 6070 6064
f 6064 6070 6077
f 6056 5752 6090
f 6090 5752 5656
f 6090 6074 6079
f 6079 6074 6073
f 6055 6071 5615
f 5615 6071 5653
f 5547 5471 6160
f 6160 5471 6161
f 5729 5577 6163
f 6163 5577 6162
f 5577 5576 6162
f 6162 5576 6164
f 5713 6165 5711
f 5711 6165 6166
f 5474 5729 6167
f 6167 5729 6163
f 5750 5547 6168
f 6168 5547 6160
f 5471 5474 6161
f 6161 5474 6167
f 6169 5712 6168
f 6168 5712 5750
f 5711 6166 5576
f 5576 6166 6164
f 6165 5713 6169
f 6169 5713 5712
f 6168 6170 6169
f 6169 6170 6171
f 6169 6171 6165
f 6165 6171 6172
f 6165 6172 6166
f 6166 6172 6173
f 6166 6173 6164
f 6164 6173 6174
f 6168 6160 6170
f 6170 6160 6175
f 6160 6161 6175
f 6175 6161 6176
f 6161 6167 6176
f 6176 6167 6177
f 6179 6170 6178
f 6178 6170 6175
f 6181 6182 6180
f 6180 6182 6183
f 6184 6185 6181
f 6181 6185 6182
f 6186 6187 6185
f 6185 6187 6182
f 6186 6188 6187
f 6187 6188 6189
f 6190 6183 6187
f 6187 6183 6182
f 6183 6190 6191
f 6191 6190 6192
f 6191 6193 6183
f 6183 6193 6180
f 6186 6185 6194
f 6194 6185 6184
f 6184 6172 6194
f 6194 6172 6171
f 6184 6195 6172
f 6172 6195 6173
f 6181 6196 6184
f 6184 6196 6195
f 6196 6181 6197
f 6197 6181 6180
f 6186 6194 6188
f 6188 6194 6179
f 6179 6194 6170
f 6170 6194 6171
f 6193 6198 6180
f 6180 6198 6197
f 6199 6196 6200
f 6200 6196 6197
f 6198 6201 6197
f 6197 6201 6200
f 6202 6199 6203
f 6203 6199 6200
f 6199 6202 6205
f 6205 6202 6204
f 6201 6206 6200
f 6200 6206 6203
f 6196 6199 6195
f 6195 6199 6205
f 6195 6205 6173
f 6173 6205 6174
f 6198 6193 6208
f 6208 6193 6207
f 6193 6191 6207
f 6207 6191 6192
f 6189 6188 6209
f 6209 6188 6179
f 6210 6189 6211
f 6211 6189 6209
f 6209 6179 6212
f 6212 6179 6178
f 6211 6209 6213
f 6213 6209 6212
f 6211 6214 6210
f 6210 6214 6215
f 6192 6215 6207
f 6207 6215 6214
f 6190 6187 6210
f 6210 6187 6189
f 6192 6190 6215
f 6215 6190 6210
f 6162 6164 6216
f 6216 6164 6174
f 6167 6163 6177
f 6177 6163 6217
f 6216 6217 6162
f 6162 6217 6163
f 6204 6218 6216
f 6216 6218 6217
f 6202 6219 6204
f 6204 6219 6218
f 6217 6218 6177
f 6177 6218 6220
f 6216 6174 6204
f 6204 6174 6205
f 6221 6176 6220
f 6220 6176 6177
f 6176 6221 6175
f 6175 6221 6178
f 6221 6222 6178
f 6178 6222 6212
f 6222 6221 6223
f 6223 6221 6220
f 6224 6222 6225
f 6225 6222 6223
f 6218 6219 6220
f 6220 6219 6223
f 6219 6226 6223
f 6223 6226 6225
f 6222 6224 6212
f 6212 6224 6213
f 6228 6213 6227
f 6227 6213 6224
f 6229 6227 6231
f 6231 6227 6230
f 6227 6224 6230
f 6230 6224 6225
f 6227 6229 6228
f 6228 6229 6208
f 6228 6208 6214
f 6214 6208 6207
f 6214 6211 6228
f 6228 6211 6213
f 6219 6202 6226
f 6226 6202 6203
f 6231 6226 6206
f 6206 6226 6203
f 6231 6230 6226
f 6226 6230 6225
f 6229 6231 6201
f 6201 6231 6206
f 6201 6198 6229
f 6229 6198 6208
f 5674 5672 5661
f 5661 5672 5662
f 5662 5672 5663
f 5663 5672 5646
f 5651 6042 5652
f 5652 6042 5973
f 5518 5517 5751
f 5751 5517 5733
f 5738 5660 5753
f 5753 5660 5637
f 5752 5636 5656
f 5656 5636 5526
f 5952 6042 5593
f 5593 6042 5651
f 5593 5651 5594
f 5594 5651 5650
f 5600 5737 5514
f 5514 5737 5515
f 5546 5545 5740
f 5740 5545 6232
f 6232 6058 5740
f 5740 6058 6057
f 6067 6058 6233
f 6233 6058 6232
f 6233 6232 6234
f 6234 6232 5545
f 6234 5545 6235
f 6235 5545 5544
f 5606 6236 5543
f 5543 6236 5544
f 6235 5544 5539
f 5539 5544 6236
f 6237 6235 5542
f 5542 6235 5539
f 6235 6237 6234
f 6234 6237 6238
f 6234 6238 6233
f 6233 6238 6239
f 5653 6068 5650
f 5650 6068 6239
f 5642 5513 6240
f 6240 5513 5516
f 5539 6236 5540
f 5540 6236 5606
f 5636 5614 5637
f 5637 5614 5753
f 6239 5737 5650
f 5650 5737 5594
f 6239 6068 6233
f 6233 6068 6067
f 6075 6074 6159
f 6159 6074 5655
f 6057 6159 5740
f 5740 6159 5655
f 5515 5737 6238
f 6238 5737 6239
f 6238 6237 5515
f 5515 6237 5516
f 5542 6240 6237
f 6237 6240 5516
f 6240 5542 5642
f 5642 5542 5541
f 5702 5699 5541
f 5541 5699 5642
f 5582 5475 5717
f 5470 5443 5537
f 5537 5443 5504
f 5469 5444 5470
f 5470 5444 5443
f 5726 5557 5727
f 5727 5557 5556
f 5537 5504 5511
f 5511 5504 5506
f 5504 5503 5506
f 5506 5503 5507
f 5503 5455 5507
f 5507 5455 5581
f 5455 5454 5581
f 5581 5454 5456
f 5473 5453 5474
f 5474 5453 5729
f 5457 5454 5473
f 5473 5454 5453
f 5473 5472 5457
f 5457 5472 5686
f 5472 5548 5686
f 5686 5548 5687
f 5749 5693 5548
f 5548 5693 5687
f 5715 5532 5749
f 5749 5532 5693
f 5714 5486 5715
f 5715 5486 5532
f 5714 5710 5486
f 5486 5710 5449
f 5728 5578 5729
f 5729 5578 5577
f 5452 5445 5698
f 5698 5445 5558
f 5445 5444 5558
f 5558 5444 5556
f 5444 5469 5556
f 5556 5469 5727
f 5469 5468 5727
f 5727 5468 5555
f 5468 5747 5555
f 5555 5747 5552
f 5747 5700 5552
f 5552 5700 5716
f 5700 5699 5716
f 5716 5699 5717
f 5699 5702 5717
f 5717 5702 5582
f 5702 5701 5582
f 5582 5701 5583
f 5726 5479 5557
f 5557 5479 5483
f 5483 5479 5484
f 5484 5479 5482
f 5534 5533 5482
f 5482 5533 5484
f 5691 5688 5534
f 5534 5688 5533
f 5644 5647 5691
f 5691 5647 5688
f 5719 5746 5701
f 5701 5746 5583
f 5718 5497 5719
f 5719 5497 5746
f 5718 5605 5654
f 5654 5605 5638
f 5498 5654 5657
f 5657 5654 5633
f 5497 5718 5498
f 5498 5718 5654
f 5657 5527 5498
f 5498 5527 5494
f 5528 5570 5495
f 5495 5570 5521
f 5665 5668 5528
f 5528 5668 5570
f 5664 5671 5665
f 5665 5671 5668
f 5645 5741 5664
f 5664 5741 5671
f 5644 5696 5645
f 5645 5696 5741
f 5710 5575 5449
f 5449 5575 5450
f 5575 5578 5450
f 5450 5578 5698
f 5578 5728 5698
f 5698 5728 5452
f 5452 5728 5451
f 5451 5728 5453
f 3619 6241 3620
f 3620 6241 6242
f 6243 6244 3628
f 3628 6244 3629
f 6245 6246 3634
f 3634 6246 3631
f 6247 6248 3636
f 3636 6248 3637
f 6249 6250 3642
f 3642 6250 3639
f 3639 6250 3643
f 3643 6250 6251
f 3743 6252 3744
f 3744 6252 6253
f 6246 6243 3631
f 3631 6243 3628
f 3753 6254 3754
f 3754 6254 6255
f 3857 6256 3619
f 3619 6256 6241
f 6257 6245 3932
f 3932 6245 3634
f 6242 6247 3620
f 3620 6247 3636
f 6258 6259 3946
f 3946 6259 3947
f 6260 6249 3948
f 3948 6249 3642
f 6244 6258 3629
f 3629 6258 3946
f 3947 6259 3753
f 3753 6259 6254
f 6248 6260 3637
f 3637 6260 3948
f 3643 6251 3743
f 3743 6251 6252
f 3744 6253 3932
f 3932 6253 6257
f 6250 6249 6251
f 6251 6249 6252
f 6245 6261 6246
f 6246 6261 6262
f 6263 6264 6247
f 6247 6264 6248
f 6252 6265 6253
f 6253 6265 6266
f 6246 6262 6243
f 6243 6262 6267
f 6268 6261 6257
f 6257 6261 6245
f 6269 6263 6242
f 6242 6263 6247
f 6270 6271 6260
f 6260 6271 6249
f 6264 6270 6248
f 6248 6270 6260
f 6253 6266 6257
f 6257 6266 6268
f 6249 6271 6252
f 6252 6271 6265
f 6254 6259 6272
f 6272 6259 6273
f 6266 6265 6270
f 6270 6265 6271
f 6268 6266 6264
f 6264 6266 6270
f 6261 6268 6263
f 6263 6268 6264
f 6269 6262 6263
f 6263 6262 6261
f 4186 4185 6274
f 6274 4185 6275
f 6241 6276 6242
f 6242 6276 6269
f 6258 6244 6277
f 6277 6244 6278
f 6256 6279 6241
f 6241 6279 6276
f 6259 6258 6273
f 6273 6258 6277
f 6243 6267 6244
f 6244 6267 6278
f 6276 6267 6269
f 6269 6267 6262
f 6254 6272 6255
f 6255 6272 6280
f 3865 3713 3888
f 3888 3713 3685
f 5242 5233 3892
f 3892 5233 3711
f 3900 5243 3892
f 3892 5243 5242
f 3734 3866 3900
f 3900 3866 5243
f 4117 6281 4118
f 4118 6281 6282
f 4118 6282 4278
f 4278 6282 4879
f 4717 4887 4718
f 4718 4887 4280
f 4792 4278 4882
f 4882 4278 4879
f 4795 4792 6283
f 6283 4792 4882
f 4852 4851 5012
f 5012 4851 6284
f 4856 5207 4857
f 4857 5207 4858
f 4860 4279 4857
f 4857 4279 4854
f 4718 4280 4860
f 4860 4280 4279
f 4864 4863 4745
f 4745 4863 4742
f 5366 4867 5011
f 5011 4867 4866
f 4871 4884 4872
f 4872 4884 4883
f 4872 4883 4117
f 4117 4883 6281
f 6284 4851 6283
f 6283 4851 4795
f 4852 4866 4853
f 4853 4866 4865
f 4871 4870 4856
f 4856 4870 5207
f 4717 4716 4864
f 4864 4716 4861
f 4868 4867 4862
f 4862 4867 4863
f 4268 4855 4269
f 4269 4855 4854
f 4281 4274 4282
f 4282 4274 4765
f 4744 4743 4907
f 4907 4743 4904
f 4874 4881 4820
f 4820 4881 4880
f 4885 5013 4886
f 4886 5013 4980
f 4888 4275 4281
f 4281 4275 4274
f 4902 6282 4903
f 4903 6282 6281
f 6283 4979 6284
f 6284 4979 4978
f 4282 4765 4269
f 4269 4765 4266
f 4880 4879 4902
f 4902 4879 6282
f 4903 6281 4886
f 4886 6281 4883
f 4882 4881 6283
f 6283 4881 4979
f 5013 4885 4267
f 4267 4885 4268
f 4888 4887 4744
f 4744 4887 4745
f 4410 6285 4411
f 4411 6285 4812
f 4750 4749 6286
f 6286 4749 6287
f 6289 4695 6288
f 6288 4695 4255
f 4750 4675 4751
f 4751 4675 4965
f 6290 6291 4963
f 4963 6291 4960
f 4807 4806 4411
f 4411 4806 4408
f 6292 6293 4959
f 4959 6293 4956
f 4958 6294 4959
f 4959 6294 4955
f 4962 4964 4963
f 4963 4964 4805
f 4962 4961 4751
f 4751 4961 4748
f 6296 6297 6295
f 6295 6297 6298
f 6299 6300 6288
f 6288 6300 4735
f 6302 4961 6301
f 6301 4961 4960
f 6304 6287 6303
f 6303 6287 4749
f 4968 6305 4969
f 4969 6305 6306
f 4413 6308 6307
f 6307 6308 4900
f 6301 4960 6309
f 6309 4960 6291
f 4412 4408 6310
f 6310 4408 4806
f 4696 6311 4256
f 4256 6311 6312
f 6303 4749 6313
f 6313 4749 4748
f 6313 4748 6302
f 6302 4748 4961
f 6315 6316 6314
f 6314 6316 6317
f 4084 6318 6315
f 6315 6318 6316
f 4083 6319 4084
f 4084 6319 6318
f 4112 6320 4083
f 4083 6320 6319
f 6322 4138 6321
f 6321 4138 4137
f 6324 4128 6323
f 6323 4128 4127
f 4127 4193 6323
f 6323 4193 6325
f 4193 4891 6325
f 6325 4891 6326
f 4891 6327 6326
f 6326 6327 6328
f 6327 4824 5227
f 5227 4824 5228
f 5231 4684 6329
f 6329 4684 4683
f 4683 4099 6329
f 6329 4099 6330
f 4099 4102 6330
f 6330 4102 6331
f 4174 4826 4429
f 4429 4826 4829
f 4173 4741 4174
f 4174 4741 4826
f 4180 4738 4173
f 4173 4738 4741
f 6332 6333 4180
f 4180 6333 4738
f 6274 6334 4186
f 4186 6334 4188
f 4181 4825 4180
f 4180 4825 6332
f 5044 5213 5045
f 5045 5213 5165
f 5046 5087 5047
f 5047 5087 5222
f 5077 5063 5078
f 5078 5063 5198
f 5081 5099 5082
f 5082 5099 5194
f 5095 5074 5096
f 5096 5074 5073
f 5373 5170 5096
f 5096 5170 5093
f 5375 5171 5373
f 5373 5171 5170
f 5047 5222 5375
f 5375 5222 5171
f 5046 5038 5376
f 5376 5038 5067
f 5377 5086 5376
f 5376 5086 5085
f 5045 5165 5377
f 5377 5165 5086
f 5378 5214 5044
f 5044 5214 5213
f 5077 5034 5378
f 5378 5034 5214
f 5082 5194 5078
f 5078 5194 5035
f 5081 5080 5379
f 5379 5080 6335
f 5379 6335 5095
f 5095 6335 5074
f 5032 5080 5033
f 5033 5080 5079
f 5040 5017 5041
f 5041 5017 5016
f 5050 5043 5051
f 5051 5043 5042
f 5065 5023 5066
f 5066 5023 5022
f 5050 5049 5065
f 5065 5049 5023
f 5041 5016 5068
f 5068 5016 5020
f 5071 5374 5072
f 5072 5374 5200
f 5075 5156 5076
f 5076 5156 5155
f 5162 5212 5068
f 5068 5212 5067
f 5075 5074 5192
f 5192 5074 6335
f 5066 5022 5199
f 5199 5022 5196
f 5076 5155 5072
f 5072 5155 5069
f 5040 5039 5071
f 5071 5039 5374
f 5162 5161 5051
f 5051 5161 5048
f 5192 6335 5032
f 5032 6335 5080
f 5199 5196 5033
f 5033 5196 5030
f 5018 5211 5019
f 5019 5211 5408
f 5019 5408 5021
f 5021 5408 5163
f 5024 5057 5025
f 5025 5057 5415
f 5028 5048 5029
f 5029 5048 5161
f 5054 5031 5055
f 5055 5031 5030
f 5024 5023 5058
f 5058 5023 5049
f 5061 5070 5062
f 5062 5070 5069
f 5157 5438 5158
f 5158 5438 5442
f 5160 5191 5054
f 5054 5191 5031
f 5029 5161 5021
f 5021 5161 5020
f 5025 5415 5197
f 5197 5415 5220
f 5158 5442 5062
f 5062 5442 5059
f 5018 5017 5061
f 5061 5017 5070
f 5160 5159 5157
f 5157 5159 5438
f 5028 5027 5058
f 5058 5027 5056
f 5055 5030 5197
f 5197 5030 5196
f 5409 5380 5410
f 5410 5380 6336
f 5026 5413 5027
f 5027 5413 5412
f 5396 5417 5393
f 5393 5417 5416
f 5416 5057 5419
f 5419 5057 5056
f 5417 5396 5426
f 5426 5396 5420
f 5427 5423 5428
f 5428 5423 5422
f 5427 5059 5430
f 5430 5059 5442
f 5409 5408 5433
f 5433 5408 5211
f 5433 5211 5428
f 5428 5211 5060
f 5412 5411 5419
f 5419 5411 5418
f 5436 5053 5437
f 5437 5053 5052
f 5439 5402 5440
f 5440 5402 5401
f 5436 5435 5439
f 5439 5435 5402
f 5410 6336 5413
f 5413 6336 5414
f 5440 5401 5430
f 5430 5401 5429
f 5426 5420 5437
f 5437 5420 5434
f 5382 5432 5383
f 5383 5432 5384
f 5386 6336 5383
f 5383 6336 5380
f 6336 5386 5414
f 5414 5386 5388
f 5391 5418 5392
f 5392 5418 5411
f 5705 5395 5704
f 5704 5395 5394
f 5399 5435 5400
f 5400 5435 5434
f 5403 5441 5404
f 5404 5441 5405
f 5407 5429 5404
f 5404 5429 5401
f 5395 5705 5421
f 5421 5705 5748
f 5424 5706 5425
f 5425 5706 5431
f 5391 5390 5394
f 5394 5390 5704
f 5392 5388 5389
f 5389 5388 5387
f 5382 5381 5425
f 5425 5381 5422
f 5407 5406 5424
f 5424 5406 5706
f 5403 5402 5399
f 5399 5402 5435
f 5421 5748 5400
f 5400 5748 5397
f 4097 4721 4098
f 4098 4721 4231
f 4233 5273 4098
f 4098 5273 4095
f 6337 6338 4785
f 4785 6338 4786
f 4076 4780 4073
f 4073 4780 4781
f 4782 4190 4781
f 4781 4190 4073
f 4783 4901 4782
f 4782 4901 4190
f 4780 4076 4097
f 4097 4076 4721
f 6337 2879 4701
f 4701 2879 2878
f 5280 6339 5272
f 5272 6339 6340
f 5282 5281 6341
f 6341 5281 6342
f 4109 6302 4110
f 4110 6302 6301
f 4283 6304 4284
f 4284 6304 6303
f 6305 4379 6306
f 6306 4379 4378
f 4110 6301 4428
f 4428 6301 6309
f 6310 4688 4412
f 4412 4688 4687
f 4284 6303 4753
f 4753 6303 6313
f 4753 6313 4109
f 4109 6313 6302
f 6343 5226 4428
f 4428 5226 4427
f 4147 4900 4416
f 4416 4900 6308
f 6312 6311 4241
f 4241 6311 4720
f 5223 6344 4702
f 4702 6344 4699
f 4221 4220 6345
f 6345 4220 6346
f 5276 5275 6347
f 6347 5275 6348
f 5275 4728 6348
f 6348 4728 6349
f 4727 6350 5284
f 5284 6350 5285
f 6351 6352 6354
f 6354 6352 6353
f 5313 5312 5292
f 5292 5312 5293
f 5312 5344 5293
f 5293 5344 5337
f 5344 4914 5337
f 5337 4914 4916
f 4914 4913 4916
f 4916 4913 4917
f 4913 6355 4917
f 4917 6355 4978
f 6356 6357 6284
f 6284 6357 5012
f 6357 6358 5012
f 5012 6358 5011
f 5011 6358 5366
f 5366 6358 6359
f 6360 4742 6359
f 6359 4742 5366
f 4743 6361 4904
f 4904 6361 5364
f 5363 4905 5364
f 5364 4905 4904
f 5363 6362 4905
f 4905 6362 4207
f 6362 6363 4207
f 4207 6363 4208
f 6363 5342 4208
f 4208 5342 5330
f 5342 5341 5330
f 5330 5341 4244
f 5341 6364 4244
f 4244 6364 4245
f 6364 6365 4245
f 4245 6365 4246
f 6366 6367 4253
f 4253 6367 4250
f 4214 6368 4211
f 4211 6368 4380
f 4380 4379 4211
f 4211 4379 4283
f 4379 6305 4283
f 4283 6305 6304
f 6305 4968 6304
f 6304 4968 6287
f 4968 4967 6287
f 6287 4967 6286
f 4967 6297 6286
f 6286 6297 4676
f 6296 4376 4288
f 4288 4376 4285
f 4376 4373 4285
f 4285 4373 4290
f 6369 6370 6372
f 6372 6370 6371
f 5245 6373 5246
f 5246 6373 6374
f 4317 6375 4318
f 4318 6375 6376
f 4331 6377 4332
f 4332 6377 6378
f 6379 4333 6376
f 6376 4333 4318
f 4343 6380 4344
f 4344 6380 6381
f 4347 6382 4348
f 4348 6382 6383
f 4374 6371 4331
f 4331 6371 6377
f 4333 6379 4426
f 4426 6379 6384
f 4690 6385 4347
f 4347 6385 6382
f 4332 6378 4317
f 4317 6378 6375
f 4922 6386 4923
f 4923 6386 6387
f 6388 6389 4375
f 4375 6389 6390
f 6355 6356 4978
f 4978 6356 6284
f 4742 6360 4743
f 4743 6360 6361
f 6391 4238 6392
f 6392 4238 4719
f 6392 4719 6393
f 6393 4719 5296
f 6395 6396 6394
f 6394 6396 6397
f 6399 6400 6398
f 6398 6400 6401
f 6402 5302 6403
f 6403 5302 5303
f 5303 5321 6403
f 6403 5321 6404
f 5320 6405 5321
f 5321 6405 6404
f 5319 6406 5350
f 5350 6406 5351
f 5319 5318 6406
f 6406 5318 6407
f 5288 4197 6408
f 6408 4197 6409
f 4217 4216 6410
f 6410 4216 6411
f 5227 6412 6327
f 6327 6412 6328
f 4892 6413 5227
f 5227 6413 6412
f 4228 6414 4892
f 4892 6414 6413
f 4227 6415 4228
f 4228 6415 6414
f 4248 6416 4227
f 4227 6416 6415
f 4247 6417 4248
f 4248 6417 6416
f 6417 4247 6419
f 6419 4247 6418
f 6419 6418 6421
f 6421 6418 6420
f 6422 5301 6423
f 6423 5301 5300
f 6423 5300 6424
f 6424 5300 6399
f 6408 6409 6398
f 6398 6409 6425
f 6426 6427 6397
f 6397 6427 6394
f 6428 4224 6429
f 6429 4224 4223
f 6347 6346 5276
f 5276 6346 4220
f 6346 6347 6341
f 6341 6347 6339
f 5280 5278 5282
f 5282 5278 4236
f 4896 5224 4684
f 4684 5224 4681
f 4132 4135 4896
f 4896 4135 5224
f 4131 4136 4132
f 4132 4136 4135
f 4226 4754 4131
f 4131 4754 4136
f 4251 4213 4226
f 4226 4213 4754
f 4250 4214 4251
f 4251 4214 4213
f 4250 6367 4214
f 4214 6367 6368
f 6367 4910 6368
f 6368 4910 4737
f 4909 5297 4736
f 4736 5297 5296
f 5297 6395 5296
f 5296 6395 6393
f 6427 6430 6394
f 6394 6430 6431
f 6429 4383 6428
f 6428 4383 4382
f 4219 5277 4220
f 4220 5277 5276
f 4222 4697 4383
f 4383 4697 4218
f 6345 4699 4221
f 4221 4699 6344
f 6342 4700 6345
f 6345 4700 4699
f 4235 4786 5281
f 5281 4786 6338
f 4234 4787 4235
f 4235 4787 4786
f 5279 5278 6432
f 6432 5278 5271
f 4237 5279 6433
f 6433 5279 6432
f 4787 4234 6433
f 6433 4234 4237
f 6435 6436 6434
f 6434 6436 6437
f 6359 6438 6360
f 6360 6438 6437
f 6439 6440 6441
f 6441 6440 6438
f 6443 6439 6442
f 6442 6439 6441
f 6357 6356 6442
f 6442 6356 6444
f 6444 6446 6445
f 6445 6446 6447
f 4912 6446 4913
f 4913 6446 6355
f 6361 6436 5364
f 5364 6436 5365
f 5319 5350 5316
f 5316 5350 6448
f 4832 6449 5350
f 5350 6449 6448
f 4831 6450 4832
f 4832 6450 6449
f 5354 6451 5320
f 5320 6451 6405
f 4265 6452 5354
f 5354 6452 6451
f 4264 6453 4265
f 4265 6453 6452
f 6450 4831 6447
f 6447 4831 6445
f 4263 6435 4264
f 4264 6435 6434
f 6454 6453 6439
f 6439 6453 6440
f 6439 6443 6454
f 6454 6443 4834
f 4833 6455 4834
f 4834 6455 6454
f 5351 6456 4833
f 4833 6456 6455
f 6457 6391 6458
f 6458 6391 6392
f 6458 6392 6431
f 6431 6392 6393
f 5298 6396 5297
f 5297 6396 6395
f 6402 6400 5302
f 5302 6400 5299
f 6402 6403 6459
f 6459 6403 6460
f 6460 6403 6461
f 6461 6403 6404
f 6405 6462 6404
f 6404 6462 6461
f 6406 6462 5351
f 5351 6462 6456
f 6406 6407 6462
f 6462 6407 6461
f 6407 6463 6461
f 6461 6463 6460
f 6463 6464 6460
f 6460 6464 6459
f 6464 6465 6459
f 6459 6465 6401
f 6430 6466 6431
f 6431 6466 6458
f 6466 6410 6458
f 6458 6410 6457
f 6410 6411 6457
f 6457 6411 6467
f 6396 6424 6397
f 6397 6424 6425
f 6393 6395 6431
f 6431 6395 6394
f 6451 6456 6405
f 6405 6456 6462
f 6452 6455 6451
f 6451 6455 6456
f 6453 6454 6452
f 6452 6454 6455
f 6443 6445 4834
f 4834 6445 4831
f 6440 6453 6434
f 6434 6453 4264
f 6468 5306 5360
f 5360 5306 5305
f 6469 4124 6468
f 6468 4124 5306
f 6470 4125 6469
f 6469 4125 4124
f 6471 5291 6470
f 6470 5291 4125
f 6353 5292 6471
f 6471 5292 5291
f 5292 6353 5313
f 5313 6353 6352
f 5347 5314 6352
f 6352 5314 5313
f 5353 5318 5346
f 5346 5318 5317
f 5334 6468 5358
f 5358 6468 5360
f 5324 6469 5334
f 5334 6469 6468
f 5323 6470 5324
f 5324 6470 6469
f 5343 6471 5323
f 5323 6471 6470
f 6354 6353 5343
f 5343 6353 6471
f 6348 6349 4270
f 4270 6349 5311
f 5272 6340 5273
f 5273 6340 4272
f 6432 5271 4232
f 4232 5271 4233
f 4294 6432 4295
f 4295 6432 4232
f 6432 4294 6433
f 6433 4294 4301
f 4301 4300 6433
f 6433 4300 4787
f 4704 4784 4300
f 4300 4784 4787
f 4704 3013 4784
f 4784 3013 1307
f 5103 6472 5104
f 5104 6472 5202
f 5108 5116 5105
f 5105 5116 5115
f 5111 5124 5112
f 5112 5124 5123
f 5154 5205 5105
f 5105 5205 5106
f 5167 5180 5168
f 5168 5180 5185
f 5175 5188 5176
f 5176 5188 5187
f 5112 5123 5178
f 5178 5123 5120
f 5167 5090 5183
f 5183 5090 5089
f 5210 5151 5183
f 5183 5151 5181
f 5216 5138 5217
f 5217 5138 5137
f 5218 5119 5219
f 5219 5119 5221
f 5218 5178 5119
f 5119 5178 5120
f 5217 5137 5104
f 5104 5137 5101
f 5116 5108 5221
f 5221 5108 5219
f 5111 5110 5210
f 5210 5110 5151
f 5154 5153 5103
f 5103 5153 6472
f 5216 5215 5176
f 5176 5215 5173
f 5175 5174 5168
f 5168 5174 5166
f 5091 5172 5092
f 5092 5172 5208
f 5117 5037 5118
f 5118 5037 5036
f 5121 5164 5122
f 5122 5164 5133
f 5125 5084 5126
f 5126 5084 5083
f 5129 5174 5130
f 5130 5174 5173
f 5131 5202 5132
f 5132 5202 6472
f 5135 5221 5122
f 5122 5221 5119
f 5125 5124 5136
f 5136 5124 5209
f 5126 5083 5121
f 5121 5083 5164
f 5118 5036 5195
f 5195 5036 5193
f 5131 5097 5203
f 5203 5097 5114
f 5132 6472 5195
f 5195 6472 5153
f 5136 5209 5092
f 5092 5209 5089
f 5135 5134 5117
f 5117 5134 5037
f 5362 5206 5130
f 5130 5206 5127
f 5372 5371 5128
f 5128 5371 5129
f 5371 5372 5091
f 5091 5372 5172
f 5362 5215 5203
f 5203 5215 5201
f 6463 6407 5353
f 5353 6407 5318
f 6464 6463 5352
f 5352 6463 5353
f 6408 6465 5288
f 5288 6465 5289
f 4196 4224 6426
f 6426 4224 6427
f 6430 6427 6428
f 6428 6427 4224
f 6466 6430 4382
f 4382 6430 6428
f 6410 6466 4217
f 4217 6466 4382
f 4240 4239 3015
f 3015 4239 3016
f 4254 4257 3017
f 3017 4257 3018
f 6473 6474 4732
f 4732 6474 6475
f 6474 6374 6475
f 6475 6374 6373
f 5246 6374 3022
f 3022 6374 3023
f 4254 6299 4255
f 4255 6299 6288
f 6473 6300 3024
f 3024 6300 3025
f 6476 4257 6312
f 6312 4257 4256
f 4240 6476 4241
f 4241 6476 6312
f 6477 4239 6391
f 6391 4239 4238
f 6467 6477 6457
f 6457 6477 6391
f 6411 3029 6467
f 6467 3029 3028
f 4216 3030 6411
f 6411 3030 3029
f 6479 6480 6478
f 6478 6480 6481
f 6483 6484 6482
f 6482 6484 6485
f 6486 6487 4102
f 4102 6487 6331
f 6483 6488 6478
f 6478 6488 6489
f 4429 4829 6490
f 6490 4829 6479
f 6491 6486 4101
f 4101 6486 4102
f 4895 6491 4899
f 4899 6491 4101
f 4160 6488 4157
f 4157 6488 6492
f 6489 4087 6490
f 6490 4087 4090
f 4267 4261 5013
f 5013 4261 4260
f 4258 4261 5328
f 5328 4261 4975
f 4261 4267 4975
f 4975 4267 4266
f 5367 3793 3912
f 3912 3793 3575
f 6494 3616 6493
f 6493 3616 3795
f 6496 3589 6495
f 6495 3589 3588
f 6495 3588 5368
f 5368 3588 3794
f 3841 3840 3050
f 3050 3840 3051
f 3912 3911 3052
f 3052 3911 3053
f 3929 3930 3054
f 3054 3930 3055
f 5370 3930 3916
f 3916 3930 3923
f 3938 5369 3807
f 3807 5369 3915
f 3589 6496 3806
f 3806 6496 3937
f 3938 3937 3056
f 3056 3937 3057
f 3051 3840 3058
f 3058 3840 3943
f 3730 4808 3727
f 3727 4808 3943
f 3820 3951 3795
f 3795 3951 6493
f 3951 3841 3059
f 3059 3841 3050
f 3911 3574 6494
f 6494 3574 3616
f 3823 3929 3824
f 3824 3929 3952
f 4061 4060 3060
f 3060 4060 3061
f 6497 6498 4901
f 4901 6498 4790
f 6333 6499 4738
f 4738 6499 4739
f 6500 6501 6314
f 6314 6501 4418
f 6502 6275 4417
f 4417 6275 4185
f 6503 6497 4783
f 4783 6497 4901
f 6498 4060 4790
f 4790 4060 4059
f 4808 4061 3069
f 3069 4061 3060
f 5367 3071 5368
f 5368 3071 3070
f 5369 3073 5370
f 5370 3073 3072
f 6274 6275 3074
f 3074 6275 3075
f 6499 6504 4739
f 4739 6504 6317
f 6333 6332 3077
f 3077 6332 3078
f 6334 6274 3079
f 3079 6274 3074
f 6332 4825 3078
f 3078 4825 3080
f 6334 6503 4188
f 4188 6503 4783
f 4825 4689 3080
f 3080 4689 1330
f 6506 4747 6505
f 6505 4747 4746
f 6505 6507 6506
f 6506 6507 6508
f 4297 6509 4920
f 4920 6509 6510
f 4296 6511 4297
f 4297 6511 6509
f 6506 6508 4319
f 4319 6508 6512
f 4372 4371 6514
f 6514 4371 6513
f 6511 4296 5251
f 5251 4296 4305
f 5251 5250 6511
f 6511 5250 6515
f 6516 6509 6515
f 6515 6509 6511
f 6517 6507 6519
f 6519 6507 6518
f 6512 6520 6513
f 6513 6520 6514
f 6507 6517 6508
f 6508 6517 6521
f 5249 6523 6522
f 6522 6523 6524
f 6525 6370 5253
f 5253 6370 6526
f 4370 4323 4371
f 4371 4323 4326
f 4370 3103 4323
f 4323 3103 1541
f 6521 6517 6527
f 6527 6517 6519
f 6520 6528 6514
f 6514 6528 6529
f 6531 6532 6530
f 6530 6532 6533
f 5250 6534 6515
f 6515 6534 6535
f 6530 6533 6536
f 6536 6533 6537
f 6526 6538 6534
f 6534 6538 6537
f 6515 6535 6516
f 6516 6535 6539
f 4325 4321 4326
f 4326 4321 4320
f 4371 4326 6513
f 6513 4326 4320
f 6531 4731 6541
f 6541 4731 6540
f 4731 4730 6540
f 6540 4730 6542
f 4730 3121 6542
f 6542 3121 3120
f 6530 4328 6531
f 6531 4328 4731
f 4328 6530 4329
f 4329 6530 6536
f 4329 6536 6524
f 6524 6536 6543
f 6544 6545 6522
f 6522 6545 5248
f 6389 6388 5245
f 5245 6388 6373
f 6388 6546 6373
f 6373 6546 6475
f 4733 6546 6295
f 6295 6546 4377
f 4732 6475 4733
f 4733 6475 6546
f 4393 4432 4394
f 4394 4432 4435
f 4434 4672 4842
f 4842 4672 4671
f 4440 4439 4441
f 4441 4439 4438
f 4436 4450 4437
f 4437 4450 4398
f 4447 4444 4448
f 4448 4444 4392
f 4446 4464 4433
f 4433 4464 6547
f 4454 4423 4455
f 4455 4423 4422
f 4452 4481 4453
f 4453 4481 4480
f 4458 4389 4459
f 4459 4389 4388
f 4456 4471 4457
f 4457 4471 4468
f 4391 4460 4392
f 4392 4460 4448
f 4461 4467 4445
f 4445 4467 4465
f 4437 4398 4629
f 4629 4398 4397
f 4438 4628 4441
f 4441 4628 4631
f 4841 4629 4839
f 4839 4629 4397
f 4628 4842 4631
f 4631 4842 4671
f 4930 4989 4452
f 4452 4989 4481
f 4929 4927 4436
f 4436 4927 4450
f 4933 4387 4934
f 4934 4387 4386
f 4931 4475 4932
f 4932 4475 4474
f 4936 4449 4933
f 4933 4449 4387
f 4935 4472 4456
f 4456 4472 4471
f 4389 4458 4391
f 4391 4458 4460
f 4457 4468 4461
f 4461 4468 4467
f 4934 4386 4454
f 4454 4386 4423
f 4453 4480 4931
f 4931 4480 4475
f 4575 4997 4576
f 4576 4997 4639
f 4579 4596 4580
f 4580 4596 4595
f 4583 4582 4572
f 4572 4582 4569
f 4587 4944 4588
f 4588 4944 4562
f 4588 4562 4590
f 4590 4562 4561
f 4576 4639 4642
f 4642 4639 4638
f 4642 4845 4641
f 4641 4845 4846
f 4845 4590 4846
f 4846 4590 4561
f 4941 4938 4595
f 4595 4938 4580
f 4938 4940 4668
f 4668 4940 4669
f 4583 4942 4584
f 4584 4942 4947
f 4582 4587 4569
f 4569 4587 4586
f 5000 5001 4579
f 4579 5001 4596
f 4558 4560 4585
f 4585 4560 4586
f 4565 4639 4566
f 4566 4639 4997
f 4568 4567 4577
f 4577 4567 4578
f 4570 4554 4571
f 4571 4554 4556
f 4640 4565 4637
f 4637 4565 4546
f 4662 4664 4665
f 4665 4664 4844
f 4662 4558 4589
f 4589 4558 4585
f 4554 4570 4557
f 4557 4570 4560
f 4571 4667 4572
f 4572 4667 4943
f 4551 4670 4552
f 4552 4670 4666
f 4640 4664 4638
f 4638 4664 4663
f 4670 4568 4668
f 4668 4568 4577
f 4999 4996 4566
f 4566 4996 4543
f 4608 4564 4603
f 4603 4564 4563
f 4573 4593 4574
f 4574 4593 4592
f 4597 4614 4598
f 4598 4614 4613
f 4601 4600 4584
f 4584 4600 4581
f 4563 4562 4604
f 4604 4562 4944
f 4643 4593 4641
f 4641 4593 4573
f 4643 4847 4644
f 4644 4847 4848
f 4564 4847 4561
f 4561 4847 4846
f 4945 4941 4598
f 4598 4941 4595
f 4941 4945 4939
f 4939 4945 4946
f 4601 4948 4602
f 4602 4948 4620
f 4600 4604 4581
f 4581 4604 4944
f 5002 5003 4597
f 4597 5003 4614
f 4988 4759 4953
f 4953 4759 4402
f 4706 6548 4707
f 4707 6548 6549
f 4311 4928 4419
f 4419 4928 6550
f 4921 4920 6551
f 6551 4920 6552
f 4925 6553 4926
f 4926 6553 6554
f 4928 4921 4802
f 4802 4921 6551
f 6555 4985 6550
f 6550 4985 4419
f 4952 6556 4953
f 4953 6556 4649
f 4971 6557 4706
f 4706 6557 6548
f 4988 4648 4925
f 4925 4648 6553
f 4707 6549 5006
f 5006 6549 4987
f 4920 6510 6552
f 6552 6510 6518
f 6558 6510 6516
f 6516 6510 6509
f 6559 6558 6539
f 6539 6558 6516
f 6531 6541 6532
f 6532 6541 6560
f 6540 6561 6541
f 6541 6561 6529
f 6542 6562 6540
f 6540 6562 6561
f 6542 3120 6562
f 6562 3120 3142
f 4366 6563 4760
f 4760 6563 4970
f 4815 6564 4816
f 4816 6564 6565
f 3147 3146 6565
f 6565 3146 4816
f 6564 6563 6565
f 6565 6563 6566
f 4837 4385 4357
f 4357 4385 4358
f 6565 6566 3147
f 3147 6566 3149
f 4694 1209 3150
f 5247 5249 5248
f 5248 5249 6522
f 6372 6390 6545
f 6545 6390 6389
f 6375 5254 6376
f 6376 5254 5258
f 6377 6525 6378
f 6378 6525 5255
f 5260 6379 5258
f 5258 6379 6376
f 6380 6567 6381
f 6381 6567 6568
f 6382 6569 6383
f 6383 6569 6570
f 6377 6371 6525
f 6525 6371 6370
f 6379 5260 6384
f 6384 5260 6571
f 6385 6572 6382
f 6382 6572 6569
f 6378 5255 6375
f 6375 5255 5254
f 6386 6573 6387
f 6387 6573 6574
f 6545 6389 5248
f 5248 6389 5245
f 4675 4750 4676
f 4676 4750 6286
f 4734 6289 4735
f 4735 6289 6288
f 4804 6290 4805
f 4805 6290 4963
f 4811 4807 4812
f 4812 4807 4411
f 4954 6292 4955
f 4955 6292 4959
f 4964 4962 4965
f 4965 4962 4751
f 6285 4821 4812
f 4812 4821 4809
f 4675 4287 4965
f 4965 4287 4210
f 6294 4145 4955
f 4955 4145 4154
f 4964 4120 4805
f 4805 4120 4119
f 6298 4966 4734
f 4734 4966 6289
f 6300 6473 4735
f 4735 6473 4732
f 6297 6296 4676
f 4676 6296 4288
f 6523 3160 4330
f 4330 3160 3159
f 5253 5252 6525
f 6525 5252 5255
f 5256 5252 4305
f 4305 5252 5251
f 4304 5257 4305
f 4305 5257 5256
f 4424 5259 4304
f 4304 5259 5257
f 5261 6571 5259
f 5259 6571 5260
f 5262 6573 5261
f 5261 6573 6571
f 5264 6567 5265
f 5265 6567 6574
f 5266 6572 5267
f 5267 6572 6568
f 5268 6570 5269
f 5269 6570 6569
f 1807 3161 5268
f 5268 3161 6570
f 6524 6523 4329
f 4329 6523 4330
f 5253 6526 5250
f 5250 6526 6534
f 6543 6538 6544
f 6544 6538 6369
f 6524 6543 6522
f 6522 6543 6544
f 3071 5367 3052
f 3052 5367 3912
f 6493 3163 6494
f 6494 3163 3162
f 3164 445 3771
f 3771 445 3761
f 461 3165 3919
f 3919 3165 3920
f 330 410 3839
f 3839 410 3910
f 332 331 3552
f 3552 331 3551
f 464 304 3918
f 3918 304 3816
f 385 458 3766
f 3766 458 3894
f 412 415 3762
f 3762 415 3763
f 3166 337 3748
f 3748 337 3745
f 3072 3055 5370
f 5370 3055 3930
f 3073 5369 3056
f 3056 5369 3938
f 3167 3057 6496
f 6496 3057 3937
f 3069 3058 4808
f 4808 3058 3943
f 411 3166 3851
f 3851 3166 3748
f 3059 3163 3951
f 3951 3163 6493
f 336 3164 3772
f 3772 3164 3771
f 3053 3911 3162
f 3162 3911 6494
f 3054 3168 3929
f 3929 3168 3952
f 3165 830 3920
f 3920 830 3945
f 3170 3169 6497
f 6497 3169 6498
f 3171 1354 5005
f 5005 1354 4830
f 3172 3170 6503
f 6503 3170 6497
f 3169 3061 6498
f 6498 3061 4060
f 3173 3171 5006
f 5006 3171 5005
f 3079 3172 6334
f 6334 3172 6503
f 3174 3025 6299
f 6299 3025 6300
f 6576 6577 6575
f 6575 6577 6578
f 4612 4611 6579
f 6579 4611 6580
f 6582 6583 6581
f 6581 6583 6584
f 6584 6585 4618
f 4618 6585 4621
f 6586 6587 6589
f 6589 6587 6588
f 6588 6587 6590
f 6590 6587 6591
f 6592 4606 6590
f 6590 4606 4623
f 6594 6576 6593
f 6593 6576 6575
f 6595 6582 6579
f 6579 6582 6581
f 6580 6597 6596
f 6596 6597 6598
f 6577 6576 6599
f 6599 6576 6600
f 6595 6596 6601
f 6601 6596 6602
f 6583 6582 6603
f 6603 6582 6604
f 6586 6606 6605
f 6605 6606 6607
f 6587 6586 6608
f 6608 6586 6605
f 6587 6608 6591
f 6591 6608 6609
f 6576 6594 6600
f 6600 6594 6610
f 6582 6595 6604
f 6604 6595 6601
f 6599 6611 6577
f 6577 6611 6598
f 6613 6614 6612
f 6612 6614 6615
f 6617 6618 6616
f 6616 6618 6619
f 6621 6622 6620
f 6620 6622 6623
f 6625 6626 6624
f 6624 6626 6627
f 6629 6630 6628
f 6628 6630 6631
f 6633 6634 6632
f 6632 6634 6635
f 6637 6638 6636
f 6636 6638 6639
f 6640 6641 6637
f 6637 6641 6638
f 6643 6633 6642
f 6642 6633 6632
f 6645 6646 6644
f 6644 6646 6647
f 6646 6648 6647
f 6647 6648 6649
f 6651 6652 6650
f 6650 6652 6653
f 6653 6652 6654
f 6654 6652 6655
f 6656 6657 6659
f 6659 6657 6658
f 6661 6662 6660
f 6660 6662 6663
f 6662 6661 6664
f 6664 6661 6665
f 6667 6657 6666
f 6666 6657 6656
f 6669 6670 6668
f 6668 6670 6671
f 6672 6673 6670
f 6670 6673 6671
f 6674 6675 6677
f 6677 6675 6676
f 6675 6678 6676
f 6676 6678 6679
f 6681 6682 6680
f 6680 6682 6683
f 6684 6685 6683
f 6683 6685 6680
f 6687 6688 6686
f 6686 6688 6689
f 6687 6690 6688
f 6688 6690 6691
f 6619 6618 6633
f 6633 6618 6634
f 6632 6635 6693
f 6693 6635 6692
f 6617 6694 6636
f 6636 6694 6637
f 6695 6692 6639
f 6639 6692 6635
f 6637 6694 6640
f 6640 6694 6696
f 6698 6638 6697
f 6697 6638 6641
f 6643 6616 6633
f 6633 6616 6619
f 6642 6699 6641
f 6641 6699 6697
f 6646 6645 6700
f 6700 6645 6621
f 6644 6701 6654
f 6654 6701 6702
f 6700 6703 6646
f 6646 6703 6648
f 6693 6704 6649
f 6649 6704 6647
f 6620 6623 6651
f 6651 6623 6652
f 6693 6649 6699
f 6699 6649 6650
f 6652 6623 6655
f 6655 6623 6622
f 6654 6702 6653
f 6653 6702 6697
f 6615 6614 6657
f 6657 6614 6658
f 6705 6656 6704
f 6704 6656 6659
f 6613 6706 6660
f 6660 6706 6661
f 6704 6659 6701
f 6701 6659 6663
f 6661 6706 6665
f 6665 6706 6707
f 6708 6702 6664
f 6664 6702 6662
f 6612 6615 6667
f 6667 6615 6657
f 6666 6709 6664
f 6664 6709 6708
f 6629 6710 6669
f 6669 6710 6670
f 6668 6711 6679
f 6679 6711 6712
f 6713 6672 6710
f 6710 6672 6670
f 6714 6671 6705
f 6705 6671 6673
f 6628 6631 6674
f 6674 6631 6675
f 6705 6673 6709
f 6709 6673 6677
f 6631 6630 6675
f 6675 6630 6678
f 6712 6708 6679
f 6679 6708 6676
f 6625 6715 6682
f 6682 6715 6683
f 6716 6717 6681
f 6681 6717 6691
f 6718 6684 6715
f 6715 6684 6683
f 6719 6680 6714
f 6714 6680 6685
f 6624 6627 6686
f 6686 6627 6687
f 6689 6711 6685
f 6685 6711 6714
f 6627 6626 6687
f 6687 6626 6690
f 6717 6712 6691
f 6691 6712 6688
f 6612 6707 6613
f 6613 6707 6706
f 6616 6696 6617
f 6617 6696 6694
f 6703 6700 6620
f 6620 6700 6621
f 6715 6625 6718
f 6718 6625 6624
f 6710 6629 6713
f 6713 6629 6628
f 6639 6635 6636
f 6636 6635 6634
f 6641 6640 6642
f 6642 6640 6643
f 6654 6655 6644
f 6644 6655 6645
f 6651 6650 6648
f 6648 6650 6649
f 6659 6658 6663
f 6663 6658 6660
f 6665 6667 6664
f 6664 6667 6666
f 6678 6669 6679
f 6679 6669 6668
f 6673 6672 6677
f 6677 6672 6674
f 6690 6682 6691
f 6691 6682 6681
f 6685 6684 6689
f 6689 6684 6686
f 6636 6634 6617
f 6617 6634 6618
f 6638 6698 6639
f 6639 6698 6695
f 6640 6696 6643
f 6643 6696 6616
f 6693 6699 6632
f 6632 6699 6642
f 6655 6622 6645
f 6645 6622 6621
f 6704 6701 6647
f 6647 6701 6644
f 6651 6648 6620
f 6620 6648 6703
f 6650 6653 6699
f 6699 6653 6697
f 6613 6660 6614
f 6614 6660 6658
f 6663 6662 6701
f 6701 6662 6702
f 6665 6707 6667
f 6667 6707 6612
f 6705 6709 6656
f 6656 6709 6666
f 6630 6629 6678
f 6678 6629 6669
f 6714 6711 6671
f 6671 6711 6668
f 6672 6713 6674
f 6674 6713 6628
f 6677 6676 6709
f 6709 6676 6708
f 6626 6625 6690
f 6690 6625 6682
f 6680 6719 6681
f 6681 6719 6716
f 6684 6718 6686
f 6686 6718 6624
f 6711 6689 6712
f 6689 6688 6712
f 6593 6720 6594
f 6594 6720 6721
f 6722 6720 4607
f 4607 6720 4849
f 6592 6723 6722
f 6722 6723 6724
f 4610 4609 6578
f 6578 4609 6575
f 6596 6595 6580
f 6580 6595 6579
f 4618 4617 6584
f 6584 4617 6581
f 6589 6585 6586
f 6586 6585 6606
f 4622 4619 6588
f 6588 4619 6589
f 4622 6588 4623
f 4623 6588 6590
f 4609 4645 6575
f 6575 4645 6593
f 4617 4612 6581
f 6581 4612 6579
f 5004 4610 6597
f 6597 4610 6578
f 4645 4849 6593
f 6593 4849 6720
f 6724 6721 6722
f 6722 6721 6720
f 6722 4607 6592
f 6592 4607 4606
f 6725 6610 6721
f 6721 6610 6594
f 6723 6726 6724
f 6724 6726 6727
f 6727 6725 6724
f 6724 6725 6721
f 6728 6729 6605
f 6605 6729 6608
f 6605 6607 6728
f 6728 6607 6730
f 6731 6732 6604
f 6604 6732 6603
f 6733 6734 6725
f 6725 6734 6610
f 6735 6733 6727
f 6727 6733 6725
f 6735 6727 6736
f 6736 6727 6726
f 6591 6609 6723
f 6723 6609 6726
f 6723 6592 6591
f 6591 6592 6590
f 6738 6739 6737
f 6737 6739 6740
f 6740 6739 6742
f 6742 6739 6741
f 6743 6744 6741
f 6741 6744 6742
f 6745 6746 6743
f 6743 6746 6744
f 6747 6748 6745
f 6745 6748 6746
f 6749 6750 6747
f 6747 6750 6748
f 6752 6738 6751
f 6751 6738 6737
f 6754 6752 6753
f 6753 6752 6751
f 6756 6754 6755
f 6755 6754 6753
f 6758 6750 6757
f 6757 6750 6749
f 6760 6756 6759
f 6759 6756 6755
f 6762 6760 6761
f 6761 6760 6759
f 6764 6762 6763
f 6763 6762 6761
f 6757 6764 6758
f 6758 6764 6763
f 6766 6741 6765
f 6765 6741 6739
f 6767 6743 6766
f 6766 6743 6741
f 6768 6745 6767
f 6767 6745 6743
f 6769 6747 6768
f 6768 6747 6745
f 6770 6749 6769
f 6769 6749 6747
f 6772 6769 6771
f 6771 6769 6768
f 6773 6770 6772
f 6772 6770 6769
f 6774 6775 6772
f 6772 6775 6773
f 6777 6778 6776
f 6776 6778 6779
f 6775 6774 6778
f 6778 6774 6779
f 6771 6780 6772
f 6772 6780 6774
f 6780 6781 6774
f 6774 6781 6779
f 6781 6782 6779
f 6779 6782 6776
f 6784 6785 6783
f 6783 6785 6786
f 6786 6787 6783
f 6783 6787 6788
f 6790 6788 6789
f 6789 6788 6787
f 6786 6785 6791
f 6791 6785 6792
f 6791 6793 6786
f 6786 6793 6787
f 6793 6794 6787
f 6787 6794 6789
f 6795 6796 6794
f 6794 6796 6789
f 6790 6789 6797
f 6797 6789 6796
f 6798 6765 6738
f 6738 6765 6739
f 6799 6798 6752
f 6752 6798 6738
f 6767 6800 6768
f 6768 6800 6771
f 6766 6801 6767
f 6767 6801 6800
f 6802 6801 6765
f 6765 6801 6766
f 6798 6803 6765
f 6765 6803 6802
f 6804 6803 6799
f 6799 6803 6798
f 6805 6806 6804
f 6804 6806 6803
f 6807 6799 6754
f 6754 6799 6752
f 6808 6804 6807
f 6807 6804 6799
f 6809 6805 6808
f 6808 6805 6804
f 6810 6811 6805
f 6805 6811 6806
f 6812 6813 6810
f 6810 6813 6811
f 6814 6815 6796
f 6796 6815 6797
f 6813 6814 6816
f 6816 6814 6817
f 6816 6818 6813
f 6813 6818 6811
f 6819 6806 6818
f 6818 6806 6811
f 6802 6803 6819
f 6819 6803 6806
f 6757 6749 6820
f 6820 6749 6770
f 6820 6770 6821
f 6821 6770 6773
f 6821 6773 6822
f 6822 6773 6775
f 6822 6775 6823
f 6823 6775 6778
f 6824 6823 6777
f 6777 6823 6778
f 6784 6825 6777
f 6777 6825 6824
f 6826 6827 6788
f 6788 6827 6783
f 6828 6826 6790
f 6790 6826 6788
f 6829 6828 6797
f 6797 6828 6790
f 6815 6830 6797
f 6797 6830 6829
f 6832 6812 6831
f 6831 6812 6810
f 6831 6810 6809
f 6809 6810 6805
f 6736 6800 6735
f 6735 6800 6801
f 6733 6735 6802
f 6802 6735 6801
f 6734 6733 6819
f 6819 6733 6802
f 6833 6734 6818
f 6818 6734 6819
f 6834 6833 6816
f 6816 6833 6818
f 6816 6817 6834
f 6834 6817 6835
f 6837 6795 6836
f 6836 6795 6794
f 6836 6794 6731
f 6731 6794 6793
f 6732 6731 6791
f 6791 6731 6793
f 6791 6792 6732
f 6732 6792 6730
f 6729 6728 6781
f 6781 6728 6782
f 6838 6807 6756
f 6756 6807 6754
f 6839 6838 6760
f 6760 6838 6756
f 6840 6839 6762
f 6762 6839 6760
f 6841 6840 6764
f 6764 6840 6762
f 6820 6841 6757
f 6757 6841 6764
f 6841 6820 6842
f 6842 6820 6821
f 6840 6841 6843
f 6843 6841 6842
f 6839 6840 6844
f 6844 6840 6843
f 6838 6839 6845
f 6845 6839 6844
f 6807 6838 6808
f 6808 6838 6845
f 6842 6821 6846
f 6846 6821 6822
f 6843 6842 6847
f 6847 6842 6846
f 6844 6843 6848
f 6848 6843 6847
f 6845 6844 6849
f 6849 6844 6848
f 6808 6845 6809
f 6809 6845 6849
f 6850 6831 6849
f 6849 6831 6809
f 6851 6850 6848
f 6848 6850 6849
f 6847 6852 6848
f 6848 6852 6851
f 6853 6852 6846
f 6846 6852 6847
f 6846 6822 6853
f 6853 6822 6823
f 6853 6823 6854
f 6854 6823 6824
f 6854 6855 6853
f 6853 6855 6852
f 6856 6851 6855
f 6855 6851 6852
f 6856 6857 6851
f 6851 6857 6850
f 6857 6832 6850
f 6850 6832 6831
f 6825 6858 6824
f 6824 6858 6854
f 6860 6827 6859
f 6859 6827 6826
f 6859 6826 6861
f 6861 6826 6828
f 6862 6861 6829
f 6829 6861 6828
f 6830 6863 6829
f 6829 6863 6862
f 6863 6864 6862
f 6862 6864 6865
f 6858 6866 6854
f 6854 6866 6855
f 6867 6865 6866
f 6866 6865 6864
f 6869 6859 6868
f 6868 6859 6861
f 6867 6869 6865
f 6865 6869 6868
f 6861 6862 6868
f 6868 6862 6865
f 6867 6860 6869
f 6869 6860 6859
f 6753 6751 6698
f 6698 6751 6695
f 6697 6755 6698
f 6698 6755 6753
f 6759 6755 6702
f 6702 6755 6697
f 6761 6759 6708
f 6708 6759 6702
f 6763 6761 6712
f 6712 6761 6708
f 6758 6763 6717
f 6717 6763 6712
f 6750 6758 6716
f 6716 6758 6717
f 6719 6748 6716
f 6716 6748 6750
f 6714 6746 6719
f 6719 6746 6748
f 6705 6744 6714
f 6714 6744 6746
f 6704 6742 6705
f 6705 6742 6744
f 6740 6742 6693
f 6693 6742 6704
f 6737 6740 6692
f 6692 6740 6693
f 6751 6737 6695
f 6695 6737 6692
f 6601 6602 6836
f 6836 6602 6837
f 6604 6601 6731
f 6731 6601 6836
f 6599 6600 6834
f 6834 6600 6833
f 6834 6835 6599
f 6599 6835 6611
f 6600 6610 6833
f 6833 6610 6734
f 6780 6771 6870
f 6870 6771 6736
f 6736 6771 6800
f 6870 6729 6780
f 6780 6729 6781
f 6608 6729 6609
f 6609 6729 6870
f 6609 6870 6726
f 6726 6870 6736
f 5014 5015 5229
f 5229 5015 5230
f 4258 5015 4259
f 4259 5015 4878
f 3471 3013 4703
f 4703 3013 4704
f 2879 6337 1306
f 1306 6337 4785
f 829 3471 4316
f 4316 3471 4703
f 4702 3472 5223
f 5223 3472 1756
f 6871 6872 4534
f 4534 6872 4535
f 6871 4665 6872
f 6872 4665 4844
f 6871 6873 4665
f 4665 6873 4559
f 6871 4534 6873
f 6873 4534 4542
f 4153 4152 4822
f 4822 4152 4407
f 4152 4168 4407
f 4407 4168 4342
f 4343 4168 4923
f 4923 4168 4167
f 4363 4362 4972
f 4972 4362 4840
f 4362 4394 4840
f 4840 4394 4839
f 4401 4400 4986
f 4986 4400 4984
f 4435 4434 4841
f 4841 4434 4842
f 4506 4505 4530
f 4530 4505 4531
f 4506 4535 4507
f 4507 4535 4843
f 4661 4660 4516
f 4516 4660 4517
f 4673 4672 4937
f 4937 4672 6547
f 4400 4924 4984
f 4984 4924 5263
f 4673 4660 4674
f 4674 4660 4659
f 4505 4661 4531
f 4531 4661 4516
f 4952 4401 6874
f 6874 4401 4986
f 4954 4153 6875
f 6875 4153 4822
f 4363 4973 4364
f 4364 4973 4974
f 5264 4924 5267
f 5267 4924 4691
f 6293 6292 6876
f 6876 6292 6877
f 6380 4343 6387
f 6387 4343 4923
f 4394 4435 4839
f 4839 4435 4841
f 4672 4434 6547
f 6547 4434 4433
f 4973 6556 4974
f 4974 6556 6878
f 6567 6380 6574
f 6574 6380 6387
f 6292 4954 6877
f 6877 4954 6875
f 6567 5264 6568
f 6568 5264 5267
f 4145 4144 4154
f 4154 4144 4151
f 4194 4144 4425
f 4425 4144 4143
f 4355 4354 5263
f 5263 4354 4984
f 4360 4359 4364
f 4364 4359 4361
f 4444 4359 4392
f 4392 4359 4337
f 4447 4446 4432
f 4432 4446 4433
f 4464 4463 6547
f 6547 4463 4937
f 4519 4518 4654
f 4654 4518 4509
f 4533 4532 4499
f 4499 4532 4498
f 4533 4542 4530
f 4530 4542 4534
f 4519 4532 4516
f 4516 4532 4531
f 4922 4194 4426
f 4426 4194 4425
f 4463 4518 4937
f 4937 4518 4517
f 6555 4951 6874
f 6874 4951 6878
f 4958 4957 6290
f 6290 4957 6291
f 4334 4360 4712
f 4712 4360 4950
f 4985 4354 4419
f 4419 4354 4353
f 5262 4355 5265
f 5265 4355 5263
f 6294 4958 4804
f 4804 4958 6290
f 6386 4922 6384
f 6384 4922 4426
f 4444 4447 4393
f 4393 4447 4432
f 4464 4446 4465
f 4465 4446 4445
f 4985 6555 4986
f 4986 6555 6874
f 6573 6386 6571
f 6571 6386 6384
f 4145 6294 4146
f 4146 6294 4804
f 6573 5262 6574
f 6574 5262 5265
f 4542 4541 6873
f 6873 4541 4559
f 4535 6872 4843
f 4843 6872 4844
f 4104 4103 6879
f 6879 4103 6343
f 4105 6293 6307
f 6307 6293 6876
f 4104 4956 4105
f 4105 4956 6293
f 4956 4104 4957
f 4957 4104 6879
f 4957 6879 6291
f 6291 6879 6309
f 4648 4988 4649
f 4649 4988 4953
f 4802 4803 4928
f 4928 4803 6550
f 6550 4803 6555
f 6555 4803 4951
f 1516 3173 4987
f 4987 3173 5006
f 6519 6518 6558
f 6558 6518 6510
f 6527 6519 6559
f 6559 6519 6558
f 6528 6560 6529
f 6529 6560 6541
f 6548 4625 6549
f 6549 4625 4624
f 6551 6552 4746
f 4746 6552 6505
f 6553 4711 6554
f 6554 4711 4710
f 4802 6551 4713
f 4713 6551 4746
f 6556 4973 4649
f 4649 4973 4646
f 6557 4949 6548
f 6548 4949 4625
f 4648 4647 6553
f 6553 4647 4711
f 6549 4624 4987
f 4987 4624 4838
f 6552 6518 6505
f 6505 6518 6507
f 6561 4372 6529
f 6529 4372 6514
f 6562 4369 6561
f 6561 4369 4372
f 3142 3482 6562
f 6562 3482 4369
f 6556 4952 6878
f 6878 4952 6874
f 4951 4950 6878
f 6878 4950 4974
f 3168 440 3952
f 4204 4203 5341
f 5341 4203 6364
f 4219 4222 6429
f 6429 4222 4383
f 4319 4322 6506
f 6506 4322 4747
f 4340 4714 4341
f 4341 4714 4384
f 4375 4377 6388
f 6388 4377 6546
f 4378 4381 6311
f 6311 4381 4720
f 4449 4341 4387
f 4387 4341 4384
f 4473 4472 4477
f 4477 4472 4474
f 4492 4491 4487
f 4487 4491 4488
f 4523 4491 4522
f 4522 4491 4490
f 4492 4538 4493
f 4493 4538 4555
f 4538 4553 4555
f 4555 4553 4556
f 4620 4615 4621
f 4621 4615 4618
f 4652 4651 4368
f 4368 4651 4365
f 4523 4655 4524
f 4524 4655 4656
f 4553 4667 4556
f 4556 4667 4571
f 4651 1210 4365
f 4365 1210 1209
f 4698 4697 5223
f 5223 4697 6344
f 4340 4339 4322
f 4322 4339 4747
f 4726 4729 5287
f 5287 4729 4198
f 4381 4380 4737
f 4737 4380 6368
f 4836 4835 4451
f 4451 4835 4709
f 4910 6367 4911
f 4911 6367 6366
f 4912 4915 6450
f 6450 4915 6449
f 4927 4836 4450
f 4450 4836 4451
f 4930 4929 4439
f 4439 4929 4436
f 4936 4935 4459
f 4459 4935 4456
f 4473 4655 4470
f 4470 4655 4510
f 4942 4583 4943
f 4943 4583 4572
f 4948 4601 4947
f 4947 4601 4584
f 4949 4835 4625
f 4625 4835 4626
f 4966 4969 6289
f 6289 4969 4695
f 4971 4652 4926
f 4926 4652 4368
f 4203 4977 6364
f 6364 4977 6365
f 4990 4989 4443
f 4443 4989 4440
f 4990 4991 4478
f 4478 4991 4512
f 4992 4991 4528
f 4528 4991 4515
f 4992 4993 4527
f 4527 4993 4485
f 4994 4993 4502
f 4502 4993 4503
f 4994 4995 4482
f 4482 4995 4550
f 4543 4996 4544
f 4544 4996 4995
f 4999 4998 4567
f 4567 4998 4578
f 5000 4998 4575
f 4575 4998 4997
f 5002 5001 4592
f 4592 5001 4574
f 5003 5004 4614
f 4614 5004 4611
f 3483 4215 1755
f 1755 4215 4698
f 5274 5277 4195
f 4195 5277 4223
f 4726 5295 4727
f 4727 5295 6350
f 5309 5342 5310
f 5310 5342 6363
f 5315 5314 5316
f 5316 5314 5317
f 5339 6362 5340
f 5340 6362 5363
f 5310 6363 5339
f 5339 6363 6362
f 4204 5309 4201
f 4201 5309 5308
f 4915 5345 6449
f 6449 5345 6448
f 5345 5315 6448
f 6448 5315 5316
f 5348 5347 6351
f 6351 5347 6352
f 5365 4263 5340
f 5340 4263 4262
f 6295 6298 4733
f 4733 6298 4734
f 4969 6306 4695
f 4695 6306 4696
f 6306 4378 4696
f 4696 4378 6311
f 6369 6372 6544
f 6544 6372 6545
f 4375 6390 4373
f 4373 6390 4374
f 6421 6422 4911
f 4911 6422 4908
f 4910 4909 4737
f 4737 4909 4736
f 5277 4219 4223
f 4223 4219 6429
f 4697 4222 6344
f 6344 4222 4221
f 6436 6361 6437
f 6437 6361 6360
f 6438 6440 6437
f 6437 6440 6434
f 6438 6359 6441
f 6441 6359 6358
f 6442 6441 6357
f 6357 6441 6358
f 6442 6444 6443
f 6443 6444 6445
f 6446 6444 6355
f 6355 6444 6356
f 6446 4912 6447
f 6447 4912 6450
f 6436 6435 5365
f 5365 6435 4263
f 5314 5347 5317
f 5317 5347 5346
f 4319 6512 4320
f 4320 6512 6513
f 6520 6512 6521
f 6521 6512 6508
f 6528 6520 6527
f 6527 6520 6521
f 6532 6539 6533
f 6533 6539 6535
f 6533 6535 6537
f 6537 6535 6534
f 6538 6543 6537
f 6537 6543 6536
f 6295 4377 6296
f 6296 4377 4376
f 4989 4930 4440
f 4440 4930 4439
f 4927 4929 4422
f 4422 4929 4455
f 4449 4936 4388
f 4388 4936 4459
f 4472 4935 4474
f 4474 4935 4932
f 4942 4940 4947
f 4947 4940 4939
f 5001 5000 4574
f 4574 5000 4575
f 4669 4943 4666
f 4666 4943 4667
f 4996 4999 4547
f 4547 4999 4567
f 4948 4946 4620
f 4620 4946 4615
f 5003 5002 4591
f 4591 5002 4592
f 6557 4971 6554
f 6554 4971 4926
f 6532 6560 6539
f 6539 6560 6559
f 6390 6372 4374
f 4374 6372 6371
f 4966 6298 4967
f 4967 6298 6297
f 6538 6526 6369
f 6369 6526 6370
f 6585 6589 4621
f 4621 6589 4619
f 6597 6578 6598
f 6598 6578 6577
f 6606 6583 6607
f 6607 6583 6603
f 6611 6602 6598
f 6598 6602 6596
f 6585 6584 6606
f 6606 6584 6583
f 6597 6580 5004
f 5004 6580 4611
f 6607 6603 6730
f 6730 6603 6732
f 6776 6785 6777
f 6777 6785 6784
f 6785 6776 6792
f 6792 6776 6782
f 6815 6814 6812
f 6812 6814 6813
f 6817 6814 6795
f 6795 6814 6796
f 6825 6784 6827
f 6827 6784 6783
f 6830 6815 6832
f 6832 6815 6812
f 6817 6795 6835
f 6835 6795 6837
f 6792 6782 6730
f 6730 6782 6728
f 6858 6825 6860
f 6860 6825 6827
f 6863 6830 6857
f 6857 6830 6832
f 6864 6863 6856
f 6856 6863 6857
f 6866 6858 6867
f 6867 6858 6860
f 6866 6864 6855
f 6855 6864 6856
f 6835 6837 6611
f 6611 6837 6602
f 6560 6528 6559
f 6559 6528 6527
f 4949 6557 4710
f 4710 6557 6554
f 4430 4090 4175
f 4175 4090 4089
f 4777 4113 4155
f 4155 4113 4086
f 4175 4089 4176
f 4176 4089 4142
f 4199 4271 4200
f 4200 4271 4798
f 4199 4095 4272
f 4272 4095 5273
f 4406 4405 4404
f 4404 4405 4346
f 4410 4409 6877
f 6877 4409 6876
f 4409 4413 6876
f 6876 4413 6307
f 4415 4148 4416
f 4416 4148 4147
f 4690 4405 4344
f 4344 4405 4342
f 4693 4692 4352
f 4352 4692 4349
f 4701 4700 6337
f 6337 4700 6338
f 4778 4777 4081
f 4081 4777 4155
f 4821 4406 4809
f 4809 4406 4404
f 4176 4142 4181
f 4181 4142 4415
f 4760 4970 4399
f 4399 4970 4692
f 4200 5007 4096
f 4096 5007 4078
f 5266 4693 5269
f 5269 4693 4352
f 5270 5007 5361
f 5361 5007 4797
f 4778 5270 4779
f 4779 5270 5361
f 6285 4410 6875
f 6875 4410 6877
f 6308 4413 4687
f 4687 4413 4412
f 6480 6320 6481
f 6481 6320 6880
f 4701 2878 4702
f 4702 2878 3472
f 6339 6347 6340
f 6340 6347 6348
f 6341 6342 6346
f 6346 6342 6345
f 4416 6308 4414
f 4414 6308 4687
f 6385 4690 6381
f 6381 4690 4344
f 5282 6341 5280
f 5280 6341 6339
f 4700 6342 6338
f 6338 6342 5281
f 6340 6348 4272
f 4272 6348 4270
f 6480 6479 4828
f 4828 6479 4829
f 6490 6479 6489
f 6489 6479 6478
f 4090 4430 6490
f 6490 4430 4429
f 6563 6564 4970
f 4970 6564 4815
f 4694 6566 4366
f 4366 6566 6563
f 6572 6385 6568
f 6568 6385 6381
f 4821 6285 4822
f 4822 6285 6875
f 6572 5266 6569
f 6569 5266 5269
f 3482 3103 4369
f 4369 3103 4370
f 3121 4730 3485
f 3485 4730 4327
f 6277 6280 6273
f 6273 6280 6272
f 6267 6276 6278
f 6278 6276 6279
f 6278 6279 6277
f 6277 6279 6280
f 6279 6256 6280
f 6280 6256 6255
f 6256 3857 6255
f 6255 3857 3754
f 3857 3856 3754
f 3754 3856 3755
f 3856 3703 3755
f 3755 3703 3863
f 3703 3702 3863
f 3863 3702 3759
f 3702 3706 3759
f 3759 3706 3670
f 3706 3705 3670
f 3670 3705 3668
f 3705 3773 3668
f 3668 3773 3882
f 3882 3773 3883
f 3883 3773 3707
f 3707 3708 3883
f 3883 3708 3880
f 3708 3710 3880
f 3880 3710 3881
f 3709 5241 3710
f 3710 5241 3881
f 5241 3709 5234
f 5234 3709 3786
f 3693 3712 3786
f 3786 3712 5234
f 4051 4055 4052
f 4052 4055 4056
f 4056 4055 4057
f 4057 4055 4054
f 4066 5238 5236
f 5236 5238 3989
f 4066 4069 5238
f 5238 4069 4035
f 6881 3962 3960
f 3960 3962 3957
f 6883 4070 6882
f 6882 4070 3941
f 4070 6883 4071
f 4071 6883 6884
f 4071 6884 4072
f 4072 6884 6885
f 6885 6886 4072
f 4072 6886 4031
f 3955 6881 3956
f 3956 6881 3960
f 6884 3991 6885
f 6885 3991 3990
f 6883 6887 6884
f 6884 6887 3991
f 6887 6888 3991
f 3991 6888 3992
f 6888 6887 6889
f 6889 6887 6890
f 6887 6883 6890
f 6890 6883 6882
f 4058 5240 3953
f 3953 5240 3954
f 5236 6888 5239
f 5239 6888 6889
f 5237 6886 3990
f 3990 6886 6885
f 4034 4031 5237
f 5237 4031 6886
f 6881 6882 3962
f 3962 6882 3941
f 6881 3955 6882
f 6882 3955 6890
f 3955 3954 6890
f 6890 3954 6889
f 5239 6889 5240
f 5240 6889 3954
f 6888 5236 3992
f 3992 5236 3989
f 3869 3868 3888
f 3888 3868 4015
f 3868 4012 4015
f 4015 4012 4010
f 4012 4022 4010
f 4010 4022 4009
f 4022 4021 4009
f 4009 4021 4018
f 4020 3974 4001
f 4001 3974 3996
f 4021 4020 4029
f 4029 4020 4001
f 4085 4156 4086
f 4086 4156 4155
f 4113 4777 4114
f 4114 4777 4776
f 4130 4129 4094
f 4094 4129 4091
f 4139 4773 4140
f 4140 4773 4772
f 4149 4178 4150
f 4150 4178 5225
f 4160 4159 4087
f 4087 4159 4088
f 4149 4148 4179
f 4179 4148 4141
f 4085 4084 4183
f 4183 4084 6315
f 4179 4141 4159
f 4159 4141 4088
f 4192 4130 4162
f 4162 4130 4094
f 4197 5288 4198
f 4198 5288 5287
f 4229 4766 4230
f 4230 4766 4771
f 4245 4246 4242
f 4242 4246 4249
f 4183 6315 4418
f 4418 6315 6314
f 4679 4178 4680
f 4680 4178 4177
f 4724 4798 4725
f 4725 4798 4271
f 4728 5275 4729
f 4729 5275 5274
f 4230 4771 4249
f 4249 4771 4242
f 4724 4723 4799
f 4799 4723 5355
f 4823 4824 4891
f 4891 4824 6327
f 4823 4192 4161
f 4161 4192 4162
f 4893 4767 4229
f 4229 4767 4766
f 4894 4895 4898
f 4898 4895 4899
f 4106 4150 4103
f 4103 4150 5225
f 4680 4894 4677
f 4677 4894 4898
f 6420 4977 5301
f 5301 4977 4976
f 4679 4678 5226
f 5226 4678 4427
f 5228 5008 4893
f 4893 5008 4767
f 5285 6354 5286
f 5286 6354 5343
f 5289 5352 5290
f 5290 5352 5349
f 5290 5349 5295
f 5295 5349 5348
f 5302 5299 4202
f 4202 5299 4976
f 4725 4271 5311
f 5311 4271 4270
f 5325 4723 5326
f 5326 4723 4722
f 5335 5355 5325
f 5325 5355 4723
f 5326 4722 5286
f 5286 4722 5283
f 4799 5357 4797
f 4797 5357 5361
f 5359 5356 5335
f 5335 5356 5355
f 4775 4774 5356
f 5356 4774 5357
f 5359 5358 4092
f 4092 5358 4093
f 6316 4740 6317
f 6317 4740 4739
f 6318 4827 6316
f 6316 4827 4740
f 6319 4828 6318
f 6318 4828 4827
f 6320 6480 6319
f 6319 6480 4828
f 6484 6322 6485
f 6485 6322 6321
f 6487 6324 6331
f 6331 6324 6323
f 6331 6323 6330
f 6330 6323 6325
f 6325 6326 6330
f 6330 6326 6329
f 6326 6328 6329
f 6329 6328 5231
f 4824 4685 5228
f 5228 4685 5008
f 5226 6343 5225
f 5225 6343 4103
f 4728 4727 6349
f 6349 4727 5284
f 6350 6351 5285
f 5285 6351 6354
f 4247 4246 6418
f 6418 4246 6365
f 6400 6402 6401
f 6401 6402 6459
f 4197 4196 6409
f 6409 4196 6426
f 6412 4897 6328
f 6328 4897 5231
f 6413 4133 6412
f 6412 4133 4897
f 6414 4134 6413
f 6413 4134 4133
f 6415 4225 6414
f 6414 4225 4134
f 6416 4252 6415
f 6415 4252 4225
f 6417 4253 6416
f 6416 4253 4252
f 4253 6417 6366
f 6366 6417 6419
f 6366 6419 4911
f 4911 6419 6421
f 6422 6423 4908
f 4908 6423 5298
f 5298 6423 6396
f 6396 6423 6424
f 6409 6426 6425
f 6425 6426 6397
f 5300 5299 6399
f 6399 5299 6400
f 6465 6408 6401
f 6401 6408 6398
f 6424 6399 6425
f 6425 6399 6398
f 6349 5284 5311
f 5311 5284 5283
f 6465 6464 5289
f 5289 6464 5352
f 6488 6483 6492
f 6492 6483 6482
f 6486 6491 6482
f 6482 6491 6492
f 6491 4895 6492
f 6492 4895 4157
f 6488 4160 6489
f 6489 4160 4087
f 6501 6502 4418
f 4418 6502 4417
f 6504 6500 6317
f 6317 6500 6314
f 3497 3496 6501
f 6501 3496 6502
f 3499 3498 6504
f 6504 3498 6500
f 4729 5274 4198
f 4198 5274 4195
f 6418 6365 6420
f 6420 6365 4977
f 5295 5348 6350
f 6350 5348 6351
f 5301 6422 6420
f 6420 6422 6421
f 4113 4112 4086
f 4086 4112 4083
f 6320 4112 6880
f 6880 4112 4111
f 4091 4772 4092
f 4092 4772 4775
f 4129 4140 4091
f 4091 4140 4772
f 4137 4140 4128
f 4128 4140 4129
f 4128 6324 4137
f 4137 6324 6321
f 6324 6487 6321
f 6321 6487 6485
f 6487 6486 6485
f 6485 6486 6482
f 4774 4773 4779
f 4779 4773 4776
f 4773 4139 4776
f 4776 4139 4114
f 4139 4138 4114
f 4114 4138 4111
f 4138 6322 4111
f 4111 6322 6880
f 6322 6484 6880
f 6880 6484 6481
f 6484 6483 6481
f 6481 6483 6478
f 6879 6343 6309
f 6309 6343 4428
f 4106 4105 4900
f 4900 4105 6307
f 3500 3167 6495
f 6495 3167 6496
f 3500 6495 3070
f 3070 6495 5368
f 3502 5235 3501
f 3501 5235 4813
f 3024 3503 6473
f 6473 3503 6474
f 3503 3023 6474
f 6474 3023 6374
f 3504 1770 4348
f 4348 1770 4345
f 3502 3505 5235
f 5235 3505 4810
f 3498 3497 6500
f 6500 3497 6501
f 3496 3075 6502
f 6502 3075 6275
f 6299 4254 3174
f 3174 4254 3017
f 1769 3501 4814
f 4814 3501 4813
f 3506 3018 6476
f 6476 3018 4257
f 3507 3499 6499
f 6499 3499 6504
f 3030 4216 3483
f 3483 4216 4215
f 3077 3507 6333
f 6333 3507 6499
f 1784 3160 5249
f 5249 3160 6523
f 3015 3506 4240
f 4240 3506 6476
f 3508 3504 6383
f 6383 3504 4348
f 3509 3016 6477
f 6477 3016 4239
f 3028 3509 6467
f 6467 3509 6477
f 3022 1785 5246
f 5246 1785 5247
f 3161 3508 6570
f 6570 3508 6383
f 3150 3149 4694
f 4694 3149 6566
f 1327 4807 3510
f 3510 4807 4811
f 3510 4811 3505
f 3505 4811 4810
f 3146 3511 4816
f 4816 3511 4350
f 3511 1808 4350
f 4350 1808 4351
f 3485 4327 3159
f 3159 4327 4330
f 1326 3512 4806
f 4806 3512 6310
f 3512 1331 6310
f 6310 1331 4688
